level,minx,miny,maxx,maxy
4,106.70927582500008,10.821438823000051,106.73930476000004,10.850754799000072
3,106.72284180200006,10.830751810000038,106.72764343600005,10.844202804000076
2,106.72389053900008,10.837563246000059,106.72689403600003,10.841969371000062
1,106.72586880400007,10.837563246000059,106.72687793900008,10.838984793000066
0,106.72592580300005,10.838032251000072,106.72621922600007,10.838341588000048
0,106.72586880400007,10.837708796000072,106.72639114700007,10.838149798000074
0,106.72615080200006,10.837563246000059,106.72679726900009,10.838153903000034
0,106.72602277700008,10.838105727000027,106.72651280200006,10.838744795000025
0,106.72619660900006,10.838174854000044,106.72650780700008,10.83878379400005
0,106.72630938400005,10.838417047000064,106.72687793900008,10.838984793000066
1,106.72438895100004,10.83926920600004,106.72689403600003,10.840253742000073
0,106.72484476600005,10.83967788700005,106.72553605700006,10.839910771000064
0,106.72438895100004,10.839721353000073,106.72485909500006,10.839937461000034
0,106.72440328100004,10.83988723400006,106.72505575500008,10.840117712000051
0,106.72504142100007,10.839872884000044,106.72635781100007,10.840067486000066
0,106.72534949300007,10.83926920600004,106.72641981300006,10.840253742000073
0,106.72632281200003,10.839699578000022,106.72689403600003,10.840122794000024
1,106.72401504200008,10.837639552000041,106.72493723300005,10.838765056000057
0,106.72453337200005,10.83764271800004,106.72468297700004,10.83854460200007
0,106.72444170500006,10.837639552000041,106.72493723300005,10.837805580000065
0,106.72401504200008,10.838356188000034,106.72457329900004,10.838563269000076
0,106.72402436600004,10.83854460200007,106.72458195200005,10.838765056000057
1,106.72491947400005,10.840100432000042,106.72668606400003,10.841119054000046
0,106.72580368300004,10.840784043000042,106.72668606400003,10.841119054000046
0,106.72491947400005,10.840151934000062,106.72515972100007,10.840476299000045
0,106.72507664500006,10.84052693600006,106.72545361700008,10.84070874200006
0,106.72518012900008,10.840676445000042,106.72551153900008,10.840854810000053
0,106.72544128900006,10.840517213000055,106.72562393000004,10.840829701000075
0,106.72514737900008,10.840283610000029,106.72543321200004,10.840458365000075
0,106.72513504100004,10.840123234000032,106.72551203500007,10.84030513600004
0,106.72542087100004,10.840100432000042,106.72659102200004,10.840799749000041
1,106.72411566000005,10.840155523000021,106.72519246900004,10.840933564000068
0,106.72441807500007,10.840326663000042,106.72488623000004,10.840515753000034
0,106.72413224800005,10.840209337000033,106.72441807500007,10.840384063000045
0,106.72440573500006,10.840173461000063,106.72487389100007,10.840362538000022
0,106.72486155000007,10.840155523000021,106.72510179800008,10.840479887000072
0,106.72448409900005,10.840588358000048,106.72467805900004,10.840908614000057
0,106.72463315000005,10.84055575800005,106.72519246900004,10.840897853000058
0,106.72411566000005,10.840624197000068,106.72437199700005,10.840933564000068
1,106.72400914800005,10.839493896000022,106.72461274100004,10.841969371000062
0,106.72410452700007,10.841790265000043,106.72456366000006,10.841969371000062
0,106.72412045900006,10.841417291000027,106.72430413400008,10.841733611000052
0,106.72414458500003,10.839493896000022,106.72429366900008,10.840537271000073
0,106.72426797000008,10.841397462000032,106.72454424600005,10.841719158000046
0,106.72429990000006,10.841151978000028,106.72454052200004,10.84132308900007
0,106.72430177700005,10.840602584000067,106.72450874300006,10.840919376000045
0,106.72400914800005,10.839757218000045,106.72441761000005,10.840144032000069
0,106.72417267300006,10.840998807000062,106.72452781000004,10.841178653000043
0,106.72406321200003,10.84021651300003,106.72461274100004,10.840538841000068
0,106.72418881300007,10.840616993000026,106.72431408100005,10.841328297000075
1,106.72396913400007,10.839357794000023,106.72670233600007,10.839849387000072
0,106.72591581300009,10.839490796000064,106.72631281200006,10.839849387000072
0,106.72625081300004,10.839461590000042,106.72670233600007,10.839783796000063
0,106.72574781200007,10.839357794000023,106.72646781000009,10.83964579700006
0,106.72464448200009,10.839415995000024,106.72535277700007,10.839645411000049
0,106.72396913400007,10.839462135000076,106.72465733600006,10.839694692000023
1,106.72389053900008,10.83806961700003,106.72637581100008,10.839562797000042
0,106.72552881200005,10.838837567000041,106.72621080900007,10.839562797000042
0,106.72549881000003,10.83852047800002,106.72630680900005,10.839077797000073
0,106.72463165700009,10.839187797000022,106.72637581100008,10.839511796000068
0,106.72395690800005,10.839284367000062,106.72464448200009,10.839501147000021
0,106.72389053900008,10.838935820000074,106.72505743100004,10.839198073000034
0,106.72391088400008,10.839011520000042,106.72457823200006,10.839245102000064
0,106.72520318700003,10.83806961700003,106.72589380300008,10.838307376000046
0,106.72457329900004,10.838281494000057,106.72585392300005,10.838782798000068
0,106.72501565600004,10.838518159000046,106.72564480800008,10.83920880100004
0,106.72409964700006,10.838812714000028,106.72553284900005,10.839042881000069
1,106.72525601500007,10.837598944000035,106.72604572800009,10.838512010000045
0,106.72582280500006,10.838030797000044,106.72598280200003,10.838296798000044
0,106.72561622100005,10.838144799000077,106.72604572800009,10.838512010000045
0,106.72525601500007,10.837707631000058,106.72590585800003,10.838500801000066
0,106.72525831600007,10.837841724000043,106.72543303300006,10.838102509000066
0,106.72532671300007,10.837598944000035,106.72553696100005,10.837844800000028
2,106.72352887100004,10.833156789000043,106.72764343600005,10.840095789000031
1,106.72605480900006,10.838730793000025,106.72764180700005,10.840095789000031
0,106.72681780800008,10.839222791000054,106.72749080700004,10.839603921000048
0,106.72605480900006,10.838730793000025,106.72702780500003,10.839416792000065
0,106.72689780500008,10.838815793000038,106.72718180600003,10.839348421000068
0,106.72692580700004,10.839045789000068,106.72742880700008,10.839501919000043
0,106.72668981100009,10.839438793000056,106.72764180700005,10.840095789000031
1,106.72597460500003,10.837012792000053,106.72764283100008,10.838277792000042
0,106.72732276300007,10.837399787000038,106.72764283100008,10.838042788000052
0,106.72699679500005,10.837066479000043,106.72745279300005,10.837489789000074
0,106.72634994900005,10.837012792000053,106.72694679800009,10.83747882800003
0,106.72597460500003,10.83713374100006,106.72656279500006,10.837764004000064
0,106.72681072500006,10.83732743400003,106.72730479800003,10.83767978800006
0,106.72631479900008,10.837327795000022,106.72674152300004,10.837702568000054
0,106.72640267500009,10.837553499000023,106.72744580000005,10.838277792000042
0,106.72698479800005,10.837510352000038,106.72753279900007,10.838226788000043
1,106.72637329700007,10.837897789000067,106.72763236400004,10.839033792000066
0,106.72727121900004,10.838271057000043,106.72763236400004,10.838703973000065
0,106.72688180600005,10.838552790000051,106.72721180500008,10.838844790000053
0,106.72675980200006,10.837897789000067,106.72750670500005,10.838555789000054
0,106.72677780400005,10.838333792000071,106.72726280300009,10.838605791000077
0,106.72680015100008,10.838356790000034,106.72723980300009,10.838704791000055
0,106.72651380800005,10.838601793000066,106.72699180500007,10.839033792000066
0,106.72637380500004,10.83847279400004,106.72667280600007,10.838832793000051
0,106.72637329700007,10.838071152000055,106.72686280200008,10.838569662000054
1,106.72352887100004,10.837209707000056,106.72410530600007,10.83895933100007
0,106.72376251900005,10.838360548000026,106.72410530600007,10.83895933100007
0,106.72384921000008,10.837466139000071,106.72399633400005,10.837774933000048
0,106.72352887100004,10.837209707000056,106.72400504600006,10.837379701000032
0,106.72358191800004,10.837609434000058,106.72403632300006,10.837777815000038
0,106.72355383200005,10.837455663000071,106.72390649400006,10.83762050100006
0,106.72364731100004,10.837856943000077,106.72403702900004,10.838271272000043
1,106.72399098700004,10.837097996000068,106.72497170200006,10.838948086000073
0,106.72403069300009,10.83786950800004,106.72492599900005,10.838137373000052
0,106.72402435600009,10.838069432000054,106.72491816200005,10.838269446000027
0,106.72399098700004,10.83746904000003,106.72463664800006,10.837791006000032
0,106.72399904400004,10.837226129000044,106.72427923100008,10.83738923900006
0,106.72427322600004,10.83723567100003,106.72450771700005,10.837397189000058
0,106.72450171300005,10.837243619000049,106.72473620400007,10.83740513500004
0,106.72463090200006,10.837251566000077,106.72497170200006,10.838948086000073
0,106.72473620400007,10.837097996000068,106.72495630500003,10.837411361000022
1,106.72375879600008,10.835298806000026,106.72559579400007,10.837106800000072
0,106.72421279900004,10.836163802000044,106.72559579400007,10.837106800000072
0,106.72375879600008,10.835298806000026,106.72482579600006,10.836343863000025
0,106.72448279200006,10.835496802000023,106.72489579100005,10.835938802000044
0,106.72473312600005,10.835300799000038,106.72552679000006,10.836401801000022
1,106.72502115100008,10.834150151000074,106.72644579100006,10.83856792000006
0,106.72502115100008,10.83751551100005,106.72590130600008,10.83856792000006
0,106.72544680200008,10.83687766600002,106.72625079600004,10.837985164000031
0,106.72576139500006,10.836742596000022,106.72620353200006,10.83709479600003
0,106.72505368900005,10.83610679800006,106.72588779500006,10.837639800000034
0,106.72556879300004,10.836001796000062,106.72644579100006,10.836825500000032
0,106.72520679300004,10.834150151000074,106.72624878700009,10.836190797000029
1,106.72589977900009,10.833156789000043,106.72764343600005,10.837321787000064
0,106.72669979600005,10.836706788000072,106.72753679200008,10.837321787000064
0,106.72619087100009,10.836931693000054,106.72642368600003,10.837150707000035
0,106.72598479600003,10.836605795000025,106.72673079400005,10.837204254000028
0,106.72613040900006,10.834969791000049,106.72764343600005,10.836763632000043
0,106.72589977900009,10.833156789000043,106.72730313400007,10.836932792000027
2,106.72414731400005,10.840317448000064,106.72763274000005,10.844202804000076
1,106.72563782400005,10.840317448000064,106.72763274000005,10.84171179200007
0,106.72563782400005,10.840954426000053,106.72614782300008,10.84149480000002
0,106.72565582500005,10.841442795000034,106.72670982200003,10.841655801000059
0,106.72588083400007,10.84091548300006,106.72760746600005,10.84125748300005
0,106.72689581800006,10.84082684200007,106.72754269800004,10.84171179200007
0,106.72723201900004,10.840720350000026,106.72763274000005,10.840921526000045
0,106.72693081400007,10.840317448000064,106.72758910100004,10.840843264000057
1,106.72451510000008,10.840912986000035,106.72569505700005,10.841305156000033
0,106.72452781000004,10.841130459000055,106.72481401500005,10.841305156000033
0,106.72480130400004,10.841105353000046,106.72513308600008,10.841283636000071
0,106.72451510000008,10.840973701000053,106.72484688300005,10.841151978000028
0,106.72483417200004,10.840945007000073,106.72521154000003,10.841126872000075
0,106.72512037500007,10.841069485000048,106.72558890600004,10.841258529000072
0,106.72519882800009,10.840912986000035,106.72569505700005,10.841098179000028
1,106.72414731400005,10.841337144000022,106.72532983000008,10.842481809000049
0,106.72451986000004,10.841374775000077,106.72482022200006,10.841549102000045
0,106.72453207400008,10.841526610000074,106.72483238100006,10.841700266000032
0,106.72480799100003,10.841337144000022,106.72512040700008,10.841753034000021
0,106.72455154100004,10.841764406000038,106.72490087500006,10.841946520000022
0,106.72488812000006,10.841746559000057,106.72532983000008,10.84199936500005
0,106.72414731400005,10.841917031000037,106.72527583200008,10.842481809000049
1,106.72491183200003,10.841321730000061,106.72647682500008,10.842578502000038
0,106.72599282600004,10.84172479700004,106.72647682500008,10.84210580100006
0,106.72503421300007,10.841321730000061,106.72583682300007,10.84178180300006
0,106.72531382700004,10.841639800000053,106.72587582600005,10.841982802000075
0,106.72523882900003,10.841953802000035,106.72589082900004,10.842169805000026
0,106.72491183200003,10.842257805000031,106.72592683200008,10.842578502000038
1,106.72432383700004,10.842191800000023,106.72740383400009,10.844202804000076
0,106.72697683400008,10.843694792000065,106.72740383400009,10.844195512000056
0,106.72673674800006,10.843186794000076,106.72701083500004,10.844001794000064
0,106.72604683100008,10.842384792000075,106.72726382400003,10.842985799000076
0,106.72432383700004,10.842300807000072,106.72599683400006,10.843495804000042
0,106.72557683700006,10.843704801000058,106.72581783900006,10.844124804000046
0,106.72535683700005,10.843284453000024,106.72582683600007,10.843724803000043
0,106.72586983900004,10.843612798000038,106.72678183600004,10.844162797000024
0,106.72581483500005,10.843296800000076,106.72606384000005,10.844074801000033
0,106.72464283800008,10.843333804000054,106.72557683700006,10.844202804000076
0,106.72553483100006,10.842191800000023,106.72592282800008,10.842475801000035
1,106.72602782800004,10.841875794000032,106.72759882500009,10.842716799000073
0,106.72604282800006,10.842329797000048,106.72655083100005,10.842716799000073
0,106.72602782800004,10.841875794000032,106.72674882500007,10.842324795000025
0,106.72634282800004,10.842115792000072,106.72699982600005,10.842403794000063
0,106.72653882800006,10.842324795000025,106.72759882500009,10.842694791000042
2,106.72284180200006,10.830751810000038,106.72523977300006,10.837251566000077
1,106.72284180200006,10.835907811000027,106.72474220800007,10.837251566000077
0,106.72423353300007,10.837080507000053,106.72446802700006,10.837242027000059
0,106.72338480000008,10.836109806000024,106.72422279800008,10.836550807000037
0,106.72284180200006,10.835907811000027,106.72348279800008,10.836501810000073
0,106.72421204800008,10.83603580600004,106.72463733200004,10.836981671000046
0,106.72446202100008,10.83708845600006,106.72474220800007,10.837251566000077
0,106.72382225700005,10.837066198000059,106.72423953900005,10.83723407900004
0,106.72303080200004,10.836486812000032,106.72422484400005,10.836971396000024
0,106.72353305000007,10.83705739000004,106.72382826100005,10.837219769000058
1,106.72307480000006,10.834193803000062,106.72511278900004,10.835962812000048
0,106.72429777100007,10.834193803000062,106.72511278900004,10.835604802000034
0,106.72307480000006,10.835731810000027,106.72363279600006,10.835962812000048
0,106.72414579300005,10.834642803000065,106.72452879000008,10.83542880500005
0,106.72317079200008,10.834214017000022,106.72441578600007,10.834916809000049
1,106.72415477800007,10.831528802000037,106.72523977300006,10.83423680200002
0,106.72415477800007,10.832745799000065,106.72492142300007,10.83330601700004
0,106.72422274500008,10.833138950000034,106.72516277900007,10.83382380200004
0,106.72423977000005,10.831528802000037,106.72471876900005,10.831943802000069
0,106.72444377300008,10.832170801000075,106.72484477300009,10.83249580000006
0,106.72455176900007,10.83159579900007,106.72497076900004,10.832027800000049
0,106.72424877300006,10.832046803000026,106.72450877300008,10.832358802000044
0,106.72442777700007,10.832382801000051,106.72523977300006,10.832961798000042
0,106.72421177500007,10.832399802000054,106.72465977600007,10.832862803000069
0,106.72445477400004,10.831904804000033,106.72502663700004,10.832304799000042
0,106.72442278300008,10.83380780300007,106.72494778400005,10.83423680200002
1,106.72285778400004,10.832503811000038,106.72453333500005,10.83425881100004
0,106.72309678300007,10.833332810000059,106.72325378300008,10.833652810000046
0,106.72410078300004,10.833561890000055,106.72445578400004,10.833943805000047
0,106.72331531200007,10.832553804000042,106.72421977600004,10.832999804000053
0,106.72328978100006,10.832944808000036,106.72377433800006,10.833658806000074
0,106.72285778400004,10.832503811000038,106.72305178400006,10.833600812000043
0,106.72409578400004,10.833828804000063,106.72449578200008,10.834246804000031
0,106.72341478400006,10.832984808000049,106.72367477900008,10.833237807000046
0,106.72323978400004,10.832795807000025,106.72337078300006,10.833662809000032
0,106.72413153600007,10.832644802000061,106.72453333500005,10.833925802000067
0,106.72298179000006,10.833523810000031,106.72315578500007,10.83425881100004
1,106.72398276900009,10.831274801000063,106.72464776600003,10.832554705000064
0,106.72398276900009,10.831414804000076,106.72411876900009,10.831812803000048
0,106.72398477400009,10.832005804000062,106.72438277400005,10.832554705000064
0,106.72398977100005,10.83178480500004,106.72429777000008,10.832084803000043
0,106.72414077200006,10.831760802000076,106.72463677200005,10.832214801000077
0,106.72406277100004,10.831274801000063,106.72443076600007,10.83179380300004
0,106.72429776800004,10.831362801000068,106.72464776600003,10.831781802000023
1,106.72286577800008,10.831631101000028,106.72409086200008,10.832987605000028
0,106.72337377600007,10.831631101000028,106.72396777200004,10.832016805000023
0,106.72292977300003,10.831658809000032,106.72340077300004,10.832106809000038
0,106.72348878000008,10.832684946000029,106.72409086200008,10.832987605000028
0,106.72328877700005,10.83196252600004,106.72379377300007,10.832836870000051
0,106.72295977500005,10.832015811000076,106.72335077500009,10.832772809000062
0,106.72286577800008,10.832012812000073,106.72302477600005,10.832695122000075
1,106.72284777000004,10.830751810000038,106.72435576700008,10.831759807000026
0,106.72286477000006,10.830843810000033,106.72319177100007,10.831284809000067
0,106.72379176800007,10.830959805000077,106.72419076600005,10.831282804000068
0,106.72356177000006,10.830780806000064,106.72392976700007,10.831246805000035
0,106.72298977300005,10.831480807000048,106.72363977400005,10.831759807000026
0,106.72299477300004,10.83124280800007,106.72355770500008,10.831536810000046
0,106.72397877000009,10.831208804000028,106.72435576700008,10.831639804000076
0,106.72312777000008,10.830870807000053,106.72362076800005,10.831295810000029
0,106.72284777000004,10.830751810000038,106.72306376700004,10.831224811000027
3,106.71315476800004,10.824545835000038,106.72131874700005,10.834356858000035
2,106.71756506400004,10.827599830000054,106.72024875900007,10.830358837000063
1,106.71790477700006,10.829429836000031,106.71887477200005,10.83011983800003
0,106.71837477600008,10.829429836000031,106.71887477200005,10.830102835000048
0,106.71794277800007,10.829939839000076,106.71821377500004,10.83011983800003
0,106.71811770000005,10.829598837000049,106.71844477500008,10.830036837000023
0,106.71816177400007,10.829433837000067,106.71841177300007,10.829665835000071
0,106.71796477800007,10.829653837000023,106.71817177700007,10.829981837000048
0,106.71790477700006,10.829468839000072,106.71815277500008,10.82980683900007
1,106.71863376700009,10.827599830000054,106.72024875900007,10.828621830000031
0,106.71881376500005,10.828357831000062,106.71919276400007,10.828534830000024
0,106.71919376600005,10.828392830000041,106.71939576400007,10.828621830000031
0,106.71863376700009,10.828364832000034,106.71882976700005,10.828549833000068
0,106.71909276500008,10.828167826000026,106.72024875900007,10.828546826000036
0,106.71918276200006,10.827599830000054,106.71951427000005,10.828445830000021
1,106.71858977200009,10.828915832000064,106.71989376800008,10.830098829000065
0,106.71938076700008,10.828918828000042,106.71966176700005,10.82907282900004
0,106.71887576900008,10.828915832000064,106.71930476900008,10.829437831000064
0,106.71858977200009,10.829145833000041,106.71905077100007,10.829374831000052
0,106.71928777000005,10.829288830000053,106.71968777000006,10.830098829000065
0,106.71913976900004,10.828927830000055,106.71945576700006,10.829382830000043
0,106.71935376800008,10.829090829000052,106.71989376800008,10.829489827000032
1,106.71857377100008,10.829351833000032,106.71939877000005,10.830306833000066
0,106.71902177200008,10.829354833000025,106.71936476900004,10.829544830000032
0,106.71918777300004,10.829554830000063,106.71939877000005,10.82975883000006
0,106.71901877300007,10.829494831000034,106.71928377100005,10.82973583200004
0,106.71857377100008,10.829351833000032,106.71895177100004,10.829540833000067
0,106.71878277100006,10.829421832000037,106.71914877100005,10.829662834000032
0,106.71875977600007,10.829640832000052,106.71937577300008,10.830244832000062
0,106.71859377600003,10.830020835000028,106.71921377600006,10.830306833000066
1,106.71846976900008,10.828427833000035,106.71928076700004,10.829223833000071
0,106.71874976800007,10.828438831000028,106.71904676500009,10.828809832000047
0,106.71909176600008,10.828640833000065,106.71928076700004,10.829214831000058
0,106.71897076800008,10.828427833000035,106.71914176500007,10.828927831000044
0,106.71897876400004,10.828427833000035,106.71912976600004,10.828743831000054
0,106.71846976900008,10.828646672000048,106.71901576700009,10.829223833000071
0,106.71864776800004,10.828518833000032,106.71883476400006,10.828665907000072
1,106.71788577900008,10.829934838000042,106.71891277600008,10.830358837000063
0,106.71817677800004,10.829934838000042,106.71844677800004,10.830139837000047
0,106.71788577900008,10.830016838000063,106.71818177800009,10.830307839000056
0,106.71832577800006,10.83000383600006,106.71863277400007,10.830267836000075
0,106.71822177800004,10.830177838000054,106.71868777800006,10.830358837000063
0,106.71853777800004,10.829942833000075,106.71891277600008,10.830163836000054
1,106.71756506400004,10.828864835000047,106.71879577000004,10.829573835000076
0,106.71790177100007,10.828864835000047,106.71855177000003,10.829285835000064
0,106.71777777400007,10.82914783800004,106.71831177100006,10.829400427000053
0,106.71807377400006,10.829337837000026,106.71835877400008,10.829573835000076
0,106.71756506400004,10.829360837000024,106.71854377200003,10.829532835000066
0,106.71827477300008,10.829194834000077,106.71858077100006,10.829402836000042
0,106.71850877100007,10.829102835000072,106.71874076900008,10.829245833000073
0,106.71854077200004,10.829203834000054,106.71879577000004,10.82946783400007
1,106.71779206100007,10.828334834000032,106.71873876800004,10.828995834000068
0,106.71789677200007,10.828571839000062,106.71828076700007,10.828984835000028
0,106.71822777000006,10.828504835000047,106.71863476600004,10.828995834000068
0,106.71826176700006,10.828334834000032,106.71873876800004,10.828727833000073
0,106.71800276900007,10.828372836000028,106.71833476700004,10.828640836000034
0,106.71779206100007,10.828375835000031,106.71805076700008,10.828692839000041
2,106.71909376700006,10.828104824000036,106.72128579700006,10.833870821000062
1,106.71909376700006,10.828355831000067,106.72016976600008,10.829307831000051
0,106.71912576600005,10.828641829000048,106.71955076500006,10.82887082800005
0,106.71988876600005,10.828587827000035,106.72012476300006,10.828883826000038
0,106.71909376700006,10.828355831000067,106.71954276400004,10.82870482900006
0,106.71922276800007,10.828809828000033,106.71946676500005,10.828967830000067
0,106.71927776900009,10.82890082700004,106.71960576700008,10.829307831000051
0,106.71946976400005,10.828480829000057,106.71992076300006,10.828953829000056
0,106.71967476500004,10.828933827000071,106.71985676500009,10.829082827000036
0,106.71988176500008,10.828901826000049,106.72016976600008,10.829071827000064
1,106.71909697600006,10.82880282800005,106.72058077000008,10.830489431000046
0,106.71951477100004,10.829258828000036,106.71992776900004,10.829898827000022
0,106.71946976600009,10.82880282800005,106.71976076700008,10.829023826000025
0,106.72003777100008,10.829604825000047,106.72058077000008,10.830361824000022
0,106.71992676700006,10.829271825000035,106.72050176600004,10.829684824000026
0,106.71984576500006,10.828823827000065,106.72010876400009,10.82914482700005
0,106.71973176600005,10.829068825000036,106.72013976600005,10.829326828000035
0,106.71946676800007,10.828997827000023,106.71983176600008,10.829244828000071
0,106.71977777200004,10.82935982600003,106.72012977100007,10.830001827000046
0,106.71909697600006,10.82984682800003,106.72003777100008,10.830489431000046
1,106.72005176400006,10.828104824000036,106.72068276200008,10.830163824000067
0,106.72023076300007,10.828675825000062,106.72065176200005,10.829256822000048
0,106.72011876600004,10.829244827000025,106.72038076600006,10.829359827000076
0,106.72005176400006,10.828981826000074,106.72024976600005,10.829255826000065
0,106.72030876400004,10.828938824000033,106.72046176500004,10.829168823000032
0,106.72035576900004,10.82933382400006,106.72065176600006,10.829667825000058
0,106.72042676400008,10.828128071000037,106.72068276200008,10.829184824000038
0,106.72015376400009,10.828903826000044,106.72030876600007,10.829206825000028
0,106.72024176700006,10.829154823000067,106.72053776400008,10.829423825000049
0,106.72009576300007,10.828104824000036,106.72025276300008,10.829209824000031
0,106.72045777000005,10.829537825000045,106.72065476800009,10.830163824000067
1,106.72051977000007,10.82878282200005,106.72128579700006,10.833870821000062
0,106.72073261500009,10.832908757000041,106.72128579700006,10.833870821000062
0,106.72108776600004,10.82958381900005,106.72123453400008,10.833092803000056
0,106.72056776900007,10.829396915000075,106.72103276700005,10.829876305000028
0,106.72092476400007,10.828931821000026,106.72118876200005,10.829164820000074
0,106.72051977000007,10.829718821000029,106.72122176900007,10.830264587000045
0,106.72092176800004,10.829462558000046,106.72110376400008,10.829719820000037
0,106.72060376800005,10.829322823000041,106.72089099600004,10.829606822000073
0,106.72076276700005,10.82889182200006,106.72104876300006,10.829386516000056
0,106.72054476600005,10.82878282200005,106.72081276600005,10.82935782100003
2,106.71476781300004,10.825055847000044,106.71812218400004,10.834356858000035
1,106.71566877900005,10.825055847000044,106.71659537900007,10.831079849000048
0,106.71619002900007,10.828957047000074,106.71655056300006,10.829247022000061
0,106.71635950500007,10.828605849000041,106.71659537900007,10.829020522000064
0,106.71624978200003,10.829105640000023,106.71658568800007,10.830034848000025
0,106.71588477100005,10.827892849000023,106.71653477000007,10.828228847000048
0,106.71589914100008,10.828601043000049,106.71641857600008,10.82902400200004
0,106.71578277200007,10.827989849000062,106.71640677200008,10.82861884700003
0,106.71566877900005,10.82886187500003,106.71641078000005,10.830336852000073
0,106.71579078900004,10.830338186000063,106.71634078800008,10.831079849000048
0,106.71572875600003,10.825055847000044,106.71604475300006,10.825384848000056
1,106.71479878700006,10.829393827000047,106.71765967900006,10.83157785700007
0,106.71516878800008,10.829393827000047,106.71765967900006,10.830382006000036
0,106.71479878700006,10.82964985600006,106.71503578600004,10.83036185800006
0,106.71479949700006,10.831097069000066,106.71528979100009,10.83157785700007
0,106.71488078900006,10.830056855000066,106.71513278500004,10.830731857000046
0,106.71510779400006,10.830819723000047,106.71555879100003,10.831505853000067
0,106.71503478700004,10.830080856000052,106.71573485700009,10.830604853000068
0,106.71492679000005,10.830200855000044,106.71558716700008,10.830815855000026
0,106.71536379400004,10.830774853000037,106.71594178800007,10.831368853000072
1,106.71477978200005,10.825562848000061,106.71593878800007,10.832131851000042
0,106.71502908200006,10.827796854000042,106.71526377300006,10.828270854000039
0,106.71481977600007,10.828237854000065,106.71518277400008,10.828492855000036
0,106.71477978200005,10.828591854000024,106.71586347100003,10.82981247500004
0,106.71509677600005,10.827685852000059,106.71591577100008,10.828917851000028
0,106.71485477500005,10.827953791000027,106.71507816800005,10.828282856000044
0,106.71543978900007,10.830288731000053,106.71593878800007,10.830907850000074
0,106.71486878400003,10.82950785600002,106.71551378100008,10.830055854000022
0,106.71534179300005,10.831200855000077,106.71592779000008,10.832131851000042
0,106.71549875600004,10.825562848000061,106.71584275600009,10.82576885100002
1,106.71476781300004,10.831573855000045,106.71812218400004,10.834356858000035
0,106.71492579600005,10.831573855000045,106.71812218400004,10.832412856000076
0,106.71487580500008,10.832455569000047,106.71594795500005,10.833496858000046
0,106.71477381000005,10.833615860000066,106.71784180100008,10.83405284500003
0,106.71476781300004,10.834014860000025,106.71515980900006,10.834356858000035
2,106.71315476800004,10.824545835000038,106.72131874700005,10.827974829000027
1,106.71746376200008,10.827055373000064,106.71842276000007,10.827811836000024
0,106.71821076400005,10.827437835000069,106.71840776200008,10.827811836000024
0,106.71803276300005,10.827591837000057,106.71819376300004,10.827723835000029
0,106.71814176000004,10.827234791000024,106.71842276000007,10.827423835000047
0,106.71794476400004,10.827389836000066,106.71825076000005,10.82768883600005
0,106.71797476200004,10.82721983700003,106.71814876000008,10.82745583600007
0,106.71769176300006,10.827140480000025,106.71802779500007,10.827731837000044
0,106.71746376200008,10.827055373000064,106.71785576100007,10.827639839000028
1,106.71732975000003,10.825131837000072,106.71855075100007,10.82604183500007
0,106.71806574800007,10.825169835000054,106.71829874700006,10.825503833000027
0,106.71822475000005,10.825656834000029,106.71832775100006,10.82604183500007
0,106.71732975000003,10.825224840000033,106.71784775200007,10.825794838000036
0,106.71762375300005,10.825501837000047,106.71823274900004,10.825879501000031
0,106.71827774800005,10.825582832000066,106.71855075100007,10.825889834000066
0,106.71777275100004,10.825279838000029,106.71793774800005,10.825682836000055
0,106.71773974900009,10.825131837000072,106.71808374700004,10.825468834000048
0,106.71806375000006,10.825314835000029,106.71815775200008,10.825711836000039
1,106.71838576200008,10.827304638000044,106.72007967000008,10.827974829000027
0,106.71905076000007,10.827507869000044,106.71931570300006,10.82766883000005
0,106.71838576200008,10.827304638000044,106.71882276000008,10.82786283200005
0,106.71879176000004,10.827421832000027,106.71906227200009,10.827572830000065
0,106.71868976200005,10.827545831000066,106.71892475800007,10.827956830000062
0,106.71893676000008,10.827558832000022,106.72007967000008,10.827974829000027
1,106.71697175000008,10.824545835000038,106.71994774100006,10.825476854000044
0,106.71890537300004,10.825217828000063,106.71958274500008,10.825476854000044
0,106.71979674200009,10.825012825000044,106.71994774100006,10.82527282500007
0,106.71751374700005,10.824849837000045,106.71775774800005,10.82527583600006
0,106.71958226900006,10.824904825000033,106.71981874400007,10.825277689000075
0,106.71857174600007,10.824960413000042,106.71960674200005,10.825247520000062
0,106.71833674600003,10.824754834000032,106.71857874700004,10.825146833000076
0,106.71759574700008,10.824677832000077,106.71987974100006,10.824909576000039
0,106.71747774900007,10.82479083800007,106.71802974600007,10.825051835000068
0,106.71799374700004,10.824545835000038,106.71834595600006,10.825057836000042
0,106.71697175000008,10.824681789000067,106.71757404900006,10.825065839000047
1,106.71320676200008,10.824680858000022,106.71610775200008,10.825983848000021
0,106.71486775500006,10.824742852000043,106.71533475400008,10.825127851000047
0,106.71547875400006,10.824867849000043,106.71597875200007,10.82513984700006
0,106.71529475500006,10.824709851000023,106.71596875200004,10.825117850000026
0,106.71559775400004,10.824867847000064,106.71610775200008,10.825222848000067
0,106.71320676200008,10.824680858000022,106.71425575600006,10.825078862000055
0,106.71489975800006,10.825242849000063,106.71581975600009,10.825441849000072
0,106.71556075900008,10.82534584900003,106.71594075500008,10.825983848000021
0,106.71510575800005,10.825360851000028,106.71565975700008,10.825642852000044
1,106.71989673900003,10.824546824000038,106.72123573900006,10.825811130000034
0,106.72003320900006,10.825255823000077,106.72070274100008,10.825811130000034
0,106.71989981300004,10.824546824000038,106.72029073900006,10.824853824000058
0,106.72048173900004,10.824549818000037,106.72103673500004,10.824851816000034
0,106.71989673900003,10.824794822000058,106.72011874100008,10.82526682300005
0,106.72011874100008,10.824735823000026,106.72074373900006,10.825319820000061
0,106.72071874200009,10.824906819000034,106.72123573900006,10.825567818000025
1,106.71619076500008,10.826254835000043,106.71843275500004,10.827632835000031
0,106.71769075600008,10.826254835000043,106.71837388600005,10.826686333000055
0,106.71669576300008,10.826862209000069,106.71744276300007,10.82758184000005
0,106.71832375700006,10.826276834000055,106.71843275500004,10.827632835000031
0,106.71739576200008,10.826258840000037,106.71773051200006,10.827189839000027
0,106.71619076500008,10.826765328000022,106.71815304200004,10.82725784400003
1,106.71315476800004,10.826298862000044,106.71641235500005,10.82793485700006
0,106.71443177400005,10.82673485600003,106.71519576900005,10.82793485700006
0,106.71454212100008,10.826409494000075,106.71496205100004,10.826917854000044
0,106.71330576900004,10.826298862000044,106.71370676600009,10.826669862000074
0,106.71576276500008,10.826620125000034,106.71604776100008,10.827100850000022
0,106.71593776500004,10.826667396000062,106.71641235500005,10.82717784600004
0,106.71489576600004,10.826430854000023,106.71587177500004,10.827062850000061
0,106.71364476900004,10.826385861000063,106.71408976700008,10.82675886000004
0,106.71315476800004,10.82634086400003,106.71348676800005,10.827193196000053
1,106.71689775600004,10.825703431000022,106.71862975100004,10.826329842000064
0,106.71825175200007,10.825914832000024,106.71861175200007,10.826142835000041
0,106.71826575400007,10.826114833000076,106.71862975100004,10.826298832000077
0,106.71712475700008,10.825703431000022,106.71826975400006,10.82626183900004
0,106.71689775600004,10.825834843000052,106.71739175600004,10.826329842000064
1,106.71853137400007,10.82578052200006,106.72131874700005,10.827486874000044
0,106.71965172400007,10.826505019000024,106.71992250200009,10.827141548000043
0,106.71879475300005,10.826259828000047,106.71993875000004,10.826462298000024
0,106.72059374900005,10.826281821000066,106.72131874700005,10.826720816000034
0,106.71905706600006,10.826873829000021,106.71965875500007,10.827096722000022
0,106.71977911100004,10.827011825000056,106.72056475200009,10.827486874000044
0,106.71874075200009,10.82578052200006,106.72002673600008,10.826171829000032
0,106.72043356000006,10.826618822000057,106.72130864600007,10.827118822000045
0,106.71853137400007,10.826299832000075,106.71902575200005,10.826863274000061
0,106.71860875200008,10.825914832000024,106.71904375300005,10.826515831000052
0,106.71879775200006,10.826137828000071,106.71959447300009,10.826746828000068
3,106.71484281300008,10.826684662000048,106.73001073100005,10.836272810000025
2,106.71942376200008,10.826693813000077,106.72412475100003,10.83033580800003
1,106.72104976700007,10.829090818000054,106.72176176200009,10.83002581900007
0,106.72104976700007,10.829090818000054,106.72142876400005,10.83002581900007
0,106.72148376600006,10.829232819000026,106.72176176200009,10.829694818000064
0,106.72133176600005,10.829455818000042,106.72149776700007,10.830006820000051
0,106.72143676400009,10.82920881800004,106.72154476300005,10.829973817000052
0,106.72148776800009,10.829665816000045,106.72160876500004,10.82998281700003
1,106.72205876500004,10.827427503000024,106.72412475100003,10.83033580800003
0,106.72377630900007,10.827427503000024,106.72395975400008,10.828983804000075
0,106.72211676500007,10.829504813000028,106.72254576400007,10.829828814000052
0,106.72253876500008,10.829873811000027,106.72317576500006,10.83033580800003
0,106.72205876500004,10.82972581200005,106.72256076300005,10.83026181300005
0,106.72252815900003,10.828463810000073,106.72316475400004,10.828850810000063
0,106.72289893400006,10.82884580800004,106.72334175800006,10.829349567000065
0,106.72293675700007,10.828585807000024,106.72332975600006,10.828889808000042
0,106.72331975600008,10.828908806000072,106.72390375400005,10.829467843000032
0,106.72338375600003,10.828331806000051,106.72412475100003,10.828951321000034
1,106.71942376200008,10.827688361000071,106.72084175800006,10.828497821000042
0,106.72058776100005,10.828181744000062,106.72084175800006,10.828497821000042
0,106.72024075900003,10.828044823000027,106.72051630700008,10.82837782300004
0,106.72004975900006,10.827938159000041,106.72037775900009,10.828169824000042
0,106.71984376200004,10.827866826000047,106.72011195500005,10.82821782600007
0,106.71942376200008,10.827688361000071,106.71992573200004,10.82811982800007
1,106.72007476400006,10.826693813000077,106.72277674600008,10.829506815000059
0,106.72053451100004,10.82704982100006,106.72276386300007,10.828657577000058
0,106.72007476400006,10.828335819000074,106.72218776100004,10.829506815000059
0,106.72126302200007,10.826722596000025,106.72159874900007,10.827101386000038
0,106.72028175500009,10.827008055000022,106.72247974600003,10.827279822000037
0,106.72169975100007,10.826906812000061,106.72232774800005,10.827219812000067
0,106.72236627100006,10.826962817000037,106.72277674600008,10.827314809000029
0,106.72186374600005,10.826693813000077,106.72243044200007,10.827099902000043
2,106.71590252600004,10.828000845000076,106.71837603000006,10.832570850000025
1,106.71590252600004,10.830700851000074,106.71651578600006,10.831799026000056
0,106.71625078800008,10.830841848000034,106.71651578600006,10.831124331000069
0,106.71602978700008,10.830721850000032,106.71634278600004,10.831009849000054
0,106.71614465500005,10.830983849000063,106.71633678800004,10.831293854000023
0,106.71593278900008,10.830700851000074,106.71606078700006,10.83123985100002
0,106.71593078900008,10.831004850000056,106.71614178900006,10.831277851000038
0,106.71590252600004,10.831259852000073,106.71633479000008,10.831799026000056
1,106.71609697800005,10.828237846000036,106.71700079000004,10.832570850000025
0,106.71638878000005,10.828834573000051,106.71677377500004,10.83008484800007
0,106.71627677300006,10.828237846000036,106.71657977200005,10.828693848000057
0,106.71609697800005,10.831263849000038,106.71700079000004,10.83193076300006
0,106.71609979800007,10.832281850000072,106.71632679600003,10.832570850000025
1,106.71645677100008,10.828000845000076,106.71742576900004,10.829544946000055
0,106.71645677100008,10.828372847000026,106.71673677200005,10.828791845000069
0,106.71647977000003,10.828000845000076,106.71666876800003,10.828276845000062
0,106.71658577200009,10.828564848000042,106.71708777300006,10.829391136000027
0,106.71673393000003,10.828896844000042,106.71724377500004,10.829544946000055
0,106.71654677100008,10.828010843000072,106.71707276800004,10.828545844000075
0,106.71661677200007,10.828394841000033,106.71735777000004,10.828919878000022
0,106.71690477200008,10.82814384300002,106.71742576900004,10.828649842000061
1,106.71606605400007,10.82963184600004,106.71761477900009,10.831628842000043
0,106.71634479100004,10.830893848000073,106.71684578600008,10.83160405700005
0,106.71672378900007,10.830745844000035,106.71746178500007,10.831628842000043
0,106.71606605400007,10.830043850000038,106.71694778400007,10.830996846000062
0,106.71658978400006,10.830201847000069,106.71741778100005,10.830705842000043
0,106.71653578200005,10.82963184600004,106.71741077800004,10.83025884500006
0,106.71735078100005,10.829657842000074,106.71761477900009,10.830298842000047
1,106.71732978800009,10.830247840000027,106.71837603000006,10.83181483800007
0,106.71733278300007,10.830331842000021,106.71792978000008,10.830858841000065
0,106.71736079100003,10.831283842000062,106.71831478500008,10.83181483800007
0,106.71779878500007,10.830686838000076,106.71835878000007,10.831442983000045
0,106.71783078000004,10.830247840000027,106.71824377900003,10.830455838000034
0,106.71782967800004,10.830394839000064,106.71822062800004,10.830694840000035
0,106.71808178200007,10.830294838000043,106.71835777900009,10.830482837000034
0,106.71732978800009,10.830853838000053,106.71837603000006,10.831329837000055
1,106.71744177800008,10.829282840000076,106.71836777400006,10.830279838000024
0,106.71744177800008,10.829638842000065,106.71766746000009,10.830141841000057
0,106.71766565000007,10.829620839000029,106.71803977900004,10.830278838000027
0,106.71759677700004,10.82941383800005,106.71795177600006,10.829924258000062
0,106.71749577600008,10.829282840000076,106.71788677500007,10.829678841000032
0,106.71804077700006,10.829663837000055,106.71836777400006,10.830279838000024
1,106.71710477500005,10.828257840000049,106.71806277200005,10.829813841000032
0,106.71712677400006,10.828735705000042,106.71742877200006,10.829075843000055
0,106.71747191900005,10.828690838000057,106.71793377000006,10.828887165000026
0,106.71777477200004,10.828376838000054,106.71797777000006,10.829021838000074
0,106.71747977300004,10.829016839000076,106.71806277200005,10.829361838000068
0,106.71713852600004,10.829274842000075,106.71754977400008,10.829813841000032
0,106.71746177300008,10.828818839000064,106.71784077400008,10.829420842000047
0,106.71725377200005,10.828257840000049,106.71788638800007,10.82880584000003
0,106.71730877500005,10.828828841000075,106.71760948500008,10.829303842000058
0,106.71710477500005,10.828955843000074,106.71737477300007,10.829257842000061
2,106.71484281300008,10.831566846000044,106.71839580400007,10.835927090000041
1,106.71658580200005,10.833338844000025,106.71835180000005,10.834952294000061
0,106.71728133400006,10.833743845000072,106.71770180100003,10.833976843000073
0,106.71721770200008,10.834080628000038,106.71769610000007,10.83442554000004
0,106.71663602000007,10.834407147000036,106.71761867500004,10.834952294000061
0,106.71661180900009,10.833715292000022,106.71714917400004,10.834488946000022
0,106.71658580200005,10.833356845000026,106.71728679900008,10.833963706000077
0,106.71734380200007,10.833338844000025,106.71783280000005,10.833693843000049
0,106.71772180400006,10.83369384200006,106.71835180000005,10.834609840000041
1,106.71537080000007,10.83157168200006,106.71696579400003,10.832673847000024
0,106.71537080000007,10.831992853000031,106.71613168500005,10.832553852000046
0,106.71638779600005,10.832093849000046,106.71661779400006,10.832300850000024
0,106.71648179400006,10.831655588000046,106.71686697100006,10.832044849000056
0,106.71614379500005,10.832095852000066,106.71641779300006,10.832315850000043
0,106.71586038000004,10.831796131000033,106.71662179400005,10.83213590400004
0,106.71651279700006,10.83231784800006,106.71696579400003,10.832673847000024
0,106.71629379700005,10.832279849000031,106.71660479600007,10.832611850000035
0,106.71546479500006,10.83157168200006,106.71588079300005,10.832016853000027
1,106.71660679500008,10.831566846000044,106.71839479000005,10.832553841000049
0,106.71701079300004,10.831602844000031,106.71733379000005,10.832015845000058
0,106.71801699400004,10.831727838000063,106.71836978800008,10.832140367000022
0,106.71681279100005,10.831781392000039,106.71706797400009,10.832008845000075
0,106.71660679500008,10.831890847000068,106.71737679100005,10.832448845000044
0,106.71690679100004,10.831566846000044,106.71711178800007,10.831865846000028
0,106.71704279200009,10.831787845000065,106.71740879000004,10.832086139000069
0,106.71726079100006,10.831745843000022,106.71755078900009,10.832475843000054
0,106.71733178800008,10.831605841000055,106.71793614700005,10.832553841000049
0,106.71793479000007,10.831995838000068,106.71839479000005,10.832360838000056
1,106.71484281300008,10.831633857000043,106.71546580600005,10.835072859000036
0,106.71485980600005,10.831710857000076,106.71501580500006,10.833385858000042
0,106.71495680000004,10.831633857000043,106.71526080300004,10.833605857000066
0,106.71512981200004,10.834509858000047,106.71540881200008,10.834654858000022
0,106.71516004800009,10.83185185700006,106.71540379900006,10.834204856000042
0,106.71484580900005,10.833746231000077,106.71524025800005,10.834087857000043
0,106.71486681700009,10.834776858000055,106.71535681300008,10.835072859000036
0,106.71508481300003,10.834621859000038,106.71533881500005,10.834824858000047
0,106.71484281300008,10.834046860000058,106.71528781000006,10.834523858000068
0,106.71516081300007,10.833852425000032,106.71546580600005,10.834465858000044
0,106.71488281000006,10.83347285800005,106.71519435600004,10.833804859000054
1,106.71503481600007,10.83469285800004,106.71594181400008,10.835224855000035
0,106.71538581500005,10.834860857000024,106.71568081300006,10.835138855000025
0,106.71558681300007,10.83471285500002,106.71589081200005,10.834960855000077
0,106.71562781500006,10.834913855000025,106.71594181400008,10.835224855000035
0,106.71535781500006,10.834725857000024,106.71562081200005,10.834973856000033
0,106.71503481600007,10.83469285800004,106.71541781600007,10.835077859000023
1,106.71538281200009,10.834242416000052,106.71631981100006,10.835341945000039
0,106.71547381300007,10.834505853000053,106.71587381000006,10.834675771000036
0,106.71579981400004,10.834820855000032,106.71631004700004,10.835341945000039
0,106.71538281200009,10.834562857000037,106.71580671200007,10.834763856000052
0,106.71593281100007,10.834577854000031,106.71631981100006,10.834950852000077
0,106.71577141400007,10.834509853000043,106.71598981100004,10.834814855000047
0,106.71538581100003,10.834242416000052,106.71572881200007,10.834474856000043
0,106.71597281100009,10.834361855000054,106.71622581000008,10.834730852000064
0,106.71571781200004,10.834242852000045,106.71624680800005,10.834433852000075
1,106.71536380600008,10.832984855000063,106.71714279800005,10.83399184700005
0,106.71634980200008,10.83334284600005,106.71710679900008,10.833603848000052
0,106.71580780500005,10.832999852000057,106.71624080100008,10.833511853000061
0,106.71679480400007,10.833723512000063,106.71712161200008,10.83399184700005
0,106.71577380500008,10.833178854000039,106.71602280200005,10.833484852000026
0,106.71536380600008,10.832984855000063,106.71571980200008,10.833457855000063
0,106.71637380100009,10.833004849000076,106.71714279800005,10.833374846000027
1,106.71538081200003,10.833443851000027,106.71721664900008,10.834393849000037
0,106.71545663700005,10.833562855000025,106.71566831900009,10.833963856000025
0,106.71573950500004,10.833601891000058,106.71603714600008,10.833862580000073
0,106.71676180600008,10.833693847000063,106.71716726300008,10.834048847000076
0,106.71602980700004,10.833443851000027,106.71678156500008,10.834171852000054
0,106.71606380900005,10.83395484600004,106.71721664900008,10.834318477000068
0,106.71623380900007,10.83417785000006,106.71665280500008,10.834393849000037
0,106.71584249700004,10.83384185400007,106.71612180400007,10.834074637000072
0,106.71589280800004,10.834165855000037,106.71624781000008,10.83438385200003
0,106.71572581000004,10.83406285500007,106.71588580700006,10.834324854000045
0,106.71538081200003,10.833997856000053,106.71573980800008,10.834332527000072
1,106.71588480000008,10.832388846000072,106.71830979200007,10.833386845000064
0,106.71711080100005,10.833061846000021,106.71734679900004,10.833386845000064
0,106.71588480000008,10.832812852000075,106.71607679900006,10.833032853000077
0,106.71740879900005,10.832888842000045,106.71766379600007,10.83336984300007
0,106.71690779800008,10.832388846000072,106.71830979200007,10.832898838000062
0,106.71696279800005,10.832805847000031,106.71739179600007,10.83319784500003
0,106.71591580000006,10.832599087000062,106.71631479900009,10.83286385100007
0,106.71606180300006,10.832705849000035,106.71692779600005,10.833102849000056
1,106.71609856600008,10.834234853000055,106.71839580400007,10.835927090000041
0,106.71617380900005,10.834234853000055,106.71644280700008,10.834722851000038
0,106.71635181100004,10.834388850000039,106.71671642400008,10.83469185100006
0,106.71647381000008,10.834520843000064,106.71839580400007,10.835927090000041
0,106.71625081000008,10.834647852000046,106.71658081200007,10.835086851000028
0,106.71675583000007,10.83482020100007,106.71735781100006,10.835840847000043
0,106.71636220600004,10.834821849000036,106.71711970800004,10.835795319000056
0,106.71609856600008,10.834688853000046,106.71651681300006,10.835465488000068
2,106.71753780000006,10.829924822000066,106.72115178200005,10.83544684100002
1,106.71755777800007,10.829990619000057,106.71864178000004,10.830799679000052
0,106.71818078000007,10.830393836000042,106.71858678000007,10.830794836000052
0,106.71833377900003,10.830312837000065,106.71863077800003,10.830450835000022
0,106.71789878200008,10.830413839000073,106.71812277900005,10.830799679000052
0,106.71851777900008,10.830378835000033,106.71864178000004,10.830743381000048
0,106.71755777800007,10.829990619000057,106.71785115800009,10.830720289000055
1,106.71910478400008,10.830475829000022,106.72017177900005,10.832326832000035
0,106.71926878700003,10.831676832000028,106.71974418000008,10.832326832000035
0,106.71934677900003,10.830475829000022,106.71978077800009,10.831178829000066
0,106.71970877500007,10.830506827000022,106.72015277500009,10.831270828000072
0,106.71910478400008,10.831067831000041,106.72017177900005,10.831843831000072
0,106.71949778300007,10.831599830000073,106.72009724400004,10.832142873000066
1,106.71945577700006,10.829924822000066,106.72115178200005,10.835335831000066
0,106.71993477300003,10.829924822000066,106.72110422400004,10.83107182200007
0,106.72043478300009,10.831985823000025,106.72107978100007,10.83240782300004
0,106.72000777900007,10.830828825000026,106.72112977900008,10.831966823000073
0,106.71958178600005,10.830238826000027,106.72034344800005,10.83296782800005
0,106.71951477500005,10.830446830000028,106.71993977600005,10.830965828000046
0,106.71945577700006,10.829926829000044,106.71985877500003,10.831146830000023
0,106.72043678600005,10.832222823000052,106.72115178200005,10.833808825000062
0,106.71961680100009,10.833854828000028,106.72058880000009,10.835335831000066
1,106.71816578300007,10.830026836000059,106.71961977600006,10.831242835000069
0,106.71861677700008,10.830393335000053,106.71913437200004,10.830757833000064
0,106.71915777700008,10.830035830000043,106.71959777300003,10.830561832000058
0,106.71816578300007,10.830770834000077,106.71880877900008,10.831146834000037
0,106.71853178000003,10.83049483600007,106.71867677700004,10.830806836000022
0,106.71848377800006,10.830026836000059,106.71918777500008,10.830472396000062
0,106.71901729200005,10.830446830000028,106.71961977600006,10.83105583300005
0,106.71859278000005,10.830657834000021,106.71920877700006,10.830914832000076
0,106.71850878200007,10.830890833000069,106.71883878200003,10.831242835000069
0,106.71879078300009,10.830859145000034,106.71908548400006,10.831178407000039
1,106.71769778600009,10.83100902600006,106.71936278200008,10.83191178100003
0,106.71826184500009,10.831153838000034,106.71852478300008,10.831579022000028
0,106.71769778600009,10.831046839000066,106.71825678500005,10.831514839000022
0,106.71874665200005,10.831717835000063,106.71902440400004,10.83191178100003
0,106.71828278600009,10.831570837000072,106.71876778500007,10.83189483700005
0,106.71803331300003,10.831140841000035,106.71834076300007,10.831882839000059
0,106.71844004300004,10.83100909600006,106.71882778300005,10.83162883500006
0,106.71867878400008,10.831309834000024,106.71909847300009,10.831738833000031
0,106.71896978600006,10.831398833000037,106.71936278200008,10.831815833000064
0,106.71872178400008,10.83100902600006,106.71926418400005,10.831390205000048
1,106.71783859500005,10.83178983700003,106.71946578700005,10.832990836000022
0,106.71821078700003,10.83178983700003,106.71854778900007,10.832062835000045
0,106.71850578900006,10.831790332000026,106.71946578700005,10.83263983300003
0,106.71831079100008,10.832041837000077,106.71848378900006,10.832248838000055
0,106.71835479000003,10.831977837000068,106.71864978700006,10.832384837000063
0,106.71783859500005,10.832258840000065,106.71882879100008,10.832990836000022
1,106.71753780000006,10.832293831000072,106.72030179400008,10.83544684100002
0,106.71753780000006,10.832293831000072,106.72030179400008,10.834668838000027
0,106.71802280900005,10.834198840000056,106.71907480500005,10.83544684100002
0,106.71875080500007,10.834229836000077,106.71939579900004,10.83525383500006
0,106.71931280600006,10.833846832000063,106.71991679700005,10.83532783100003
2,106.72061479400008,10.829064820000042,106.72306077900004,10.83507481600003
1,106.72190482300005,10.831664813000032,106.72306077900004,10.834141812000041
0,106.72252078900004,10.83323282200007,106.72299710200008,10.834141812000041
0,106.72240777900004,10.831664813000032,106.72297515800005,10.832488812000065
0,106.72263278200006,10.83256681100005,106.72306077900004,10.833244811000043
0,106.72193177800006,10.831704814000034,106.72251677800006,10.832462816000032
0,106.72235728600003,10.832491813000047,106.72266778000005,10.833023813000068
0,106.72228078200004,10.832454814000073,106.72247478200006,10.83315781400006
0,106.72190482300005,10.832379977000073,106.72232978200009,10.833090667000022
0,106.72200979100006,10.832892815000037,106.72248722800003,10.83404381500003
1,106.72061479400008,10.833464820000074,106.72280084800008,10.83507481600003
0,106.72061479400008,10.833748538000066,106.72202516600004,10.835051822000025
0,106.72216378900004,10.833586816000036,106.72250778700004,10.833763815000054
0,106.72197879400005,10.833563816000037,106.72250478600006,10.834519815000021
0,106.72100711700006,10.833464820000074,106.72206678800006,10.833818088000044
0,106.72190668200005,10.834470235000026,106.72234279500009,10.834933816000046
0,106.72226079500007,10.834515817000067,106.72248479200005,10.834728815000062
0,106.72224779400005,10.834709818000022,106.72280084800008,10.834865681000053
0,106.72223079500009,10.834828815000037,106.72279035400004,10.83507481600003
1,106.72101578100006,10.831185818000051,106.72195457500004,10.833552307000048
0,106.72115942200008,10.832932423000045,106.72163478700008,10.833552307000048
0,106.72101578100006,10.83131381800007,106.72153577600005,10.832297823000033
0,106.72127778200007,10.83166681800003,106.72195177500004,10.832587817000046
0,106.72141477600007,10.831185818000051,106.72157863500007,10.832933819000061
0,106.72152678500004,10.832425819000036,106.72195457500004,10.83302537000003
0,106.72120778600004,10.832525821000047,106.72156313300007,10.832917168000051
0,106.72105078200008,10.832207821000054,106.72131978200008,10.832515821000072
0,106.72110778700005,10.832512821000023,106.72124278300004,10.832894821000025
1,106.72062276800006,10.829064820000042,106.72216176200004,10.831463821000057
0,106.72121876800009,10.82935281600004,106.72216176200004,10.830514815000072
0,106.72098676800005,10.829848820000052,106.72140476900006,10.830646819000037
0,106.72115577500006,10.830617011000072,106.72153277300004,10.831315818000064
0,106.72139077100007,10.830440818000056,106.72171877300008,10.830780817000061
0,106.72109077700009,10.831101131000025,106.72137477500007,10.831463821000057
0,106.72062276800006,10.829064820000042,106.72149976200006,10.829791820000025
0,106.72159676500007,10.829340815000023,106.72177876300009,10.829828817000077
1,106.72148077500009,10.829852813000059,106.72236976900007,10.832866814000056
0,106.72164478400003,10.831332817000032,106.72206637400006,10.832750818000022
0,106.72219578300007,10.83136881400003,106.72234577300009,10.832866814000056
0,106.72199377000004,10.830178815000068,106.72223476700009,10.830566814000065
0,106.72148777500007,10.830792818000077,106.72170277300006,10.83135881800007
0,106.72186877600006,10.831201816000032,106.72226277500005,10.831896258000029
0,106.72148077500009,10.831007818000046,106.72198577200004,10.831740816000035
0,106.72191177200006,10.83054181500006,106.72236976900007,10.83109481200006
0,106.72213477300005,10.829852813000059,106.72232477100005,10.831388814000036
1,106.72191677400008,10.82966581200003,106.72298890100006,10.831593158000032
0,106.72191677400008,10.831133814000054,106.72238277100007,10.831384815000035
0,106.72233877300005,10.831132812000021,106.72279317300007,10.831593158000032
0,106.72222277300006,10.830853811000054,106.72293377200003,10.831507719000058
0,106.72240976800003,10.830189812000071,106.72257676500004,10.83065281200004
0,106.72217476700007,10.82966581200003,106.72261476200003,10.830514812000047
0,106.72253576800006,10.82999581000007,106.72298890100006,10.83090781200002
2,106.72137578700006,10.828894266000077,106.72544278000004,10.836272810000025
1,106.72137977200003,10.830460814000048,106.72263477100006,10.831890814000076
0,106.72137977200003,10.830515817000048,106.72166576900008,10.830742819000022
0,106.72190377200008,10.830873816000064,106.72233877100007,10.83122481600003
0,106.72156977400005,10.831148819000077,106.72175077600008,10.831549817000052
0,106.72172477600009,10.831360816000029,106.72219977600008,10.831890814000076
0,106.72202277500008,10.83113981300005,106.72263477100006,10.831754814000021
0,106.72207181600004,10.830460814000048,106.72260376700007,10.830920813000034
0,106.72138277400006,10.830961817000059,106.72175277100007,10.831332818000021
0,106.72149377300008,10.83048081800007,106.72200077000008,10.831059818000028
1,106.72137578700006,10.831971815000031,106.72251878300006,10.833609814000056
0,106.72137578700006,10.83259681800007,106.72218078400005,10.833522819000052
0,106.72190080600006,10.831971815000031,106.72249178000004,10.832729863000054
0,106.72197278600004,10.833280502000036,106.72218478800005,10.833551815000021
0,106.72214541600005,10.83280481600002,106.72233078200009,10.833271817000025
0,106.72213878600007,10.83315381600005,106.72251878300006,10.83347681500004
0,106.72216878700004,10.833438815000022,106.72250478400008,10.833609814000056
1,106.72239379200005,10.832954814000061,106.72309778800008,10.835559265000029
0,106.72240578500003,10.833278815000028,106.72269478600003,10.833453815000041
0,106.72239778400007,10.832954814000061,106.72281878200005,10.833297812000069
0,106.72253978700007,10.833388814000045,106.72276678400004,10.833688813000037
0,106.72239379200005,10.834051811000052,106.72309778800008,10.835559265000029
0,106.72251778800006,10.833603813000025,106.72272078600008,10.83407681400007
0,106.72270238700008,10.83349140200005,106.72304978300008,10.833932748000052
0,106.72268378500007,10.833209813000053,106.72294778300005,10.833477813000059
1,106.72249477400004,10.828894266000077,106.72431072500007,10.832828045000042
0,106.72325777000003,10.830449011000042,106.72365683000004,10.832828045000042
0,106.72268876800007,10.830254811000032,106.72328976500006,10.831012809000072
0,106.72252376700004,10.830213810000032,106.72281176700005,10.831218811000042
0,106.72249477400004,10.831378813000072,106.72300837100005,10.831990124000072
0,106.72258377900005,10.832377812000061,106.72270977700003,10.83266681300006
0,106.72272077000008,10.830996812000024,106.72406197900006,10.831673804000047
0,106.72274277700006,10.831975811000063,106.72292577400003,10.832372812000074
0,106.72270694900004,10.832266901000025,106.72431072500007,10.832592810000051
0,106.72275996600007,10.828894266000077,106.72291875700006,10.831173811000042
0,106.72347974900003,10.82935380500004,106.72427073100005,10.829616804000068
1,106.72280079800004,10.832848808000051,106.72544278000004,10.836272810000025
0,106.72331480100007,10.836083804000054,106.72452279500004,10.836272810000025
0,106.72331177900008,10.832848808000051,106.72424578600004,10.834930807000035
0,106.72411878700007,10.833765798000059,106.72544278000004,10.834334840000054
0,106.72298178500006,10.833115797000062,106.72537477700007,10.834162810000066
0,106.72280152500008,10.834845811000037,106.72396479200006,10.835895813000036
0,106.72489278500007,10.83454480100005,106.72542878700006,10.835453801000028
0,106.72280079800004,10.83573880800003,106.72404679900006,10.83625881000006
2,106.72259775200007,10.826684662000048,106.73001073100005,10.836178109000059
1,106.72774612400008,10.83453878000006,106.72999877900008,10.836178109000059
0,106.72805378400005,10.835519781000073,106.72861978300006,10.836152330000061
0,106.72780778200007,10.835290782000072,106.72812078300007,10.835549783000033
0,106.72780178500005,10.835675784000045,106.72805778600008,10.835933785000066
0,106.72797578000007,10.83453878000006,106.72844577700005,10.835388781000063
0,106.72783278100007,10.83521378000006,106.72857477900004,10.835531783000022
0,106.72774612400008,10.835620783000024,106.72837678600007,10.836178109000059
0,106.72853178200006,10.835096778000036,106.72913477800006,10.836132591000023
0,106.72884378300006,10.835169775000054,106.72999877900008,10.836131777000048
1,106.72261977000005,10.82996281000004,106.72470878400009,10.835607813000024
0,106.72290276800004,10.830541807000031,106.72371476500007,10.831325808000031
0,106.72268178500008,10.83329281400006,106.72311978400006,10.833693811000046
0,106.72265576400008,10.82996281000004,106.72294677200006,10.83245381200004
0,106.72411878700007,10.833323135000057,106.72465478200007,10.834449802000051
0,106.72429679200008,10.834249803000034,106.72470878400009,10.835546804000046
0,106.72261977000005,10.830878810000058,106.72337577100006,10.831570807000048
0,106.72270198700005,10.832186811000042,106.72302877800007,10.832676070000048
0,106.72286478900008,10.833603811000046,106.72372578400007,10.834385759000043
0,106.72296678500004,10.832749810000053,106.72340478100006,10.833542101000035
0,106.72264312400006,10.834147813000072,106.72321478700007,10.835607813000024
1,106.72344178100008,10.828662799000028,106.72502975600008,10.833031808000044
0,106.72388377300007,10.831143803000032,106.72453177400007,10.832479801000034
0,106.72344178100008,10.83204280700005,106.72459277400009,10.833031808000044
0,106.72453476000004,10.829868798000064,106.72502975600008,10.83042879900006
0,106.72366347900004,10.828662799000028,106.72488675500006,10.83041479800005
1,106.72259775200007,10.826684662000048,106.72436715400005,10.828533806000053
0,106.72407986900004,10.828206418000036,106.72433959800009,10.828500929000029
0,106.72259775200007,10.827810810000074,106.72322174900006,10.828494808000073
0,106.72268775000003,10.827379809000035,106.72332174500008,10.827870806000021
0,106.72314275200006,10.827871806000076,106.72361775100006,10.828533806000053
0,106.72326374900007,10.827460806000033,106.72379074500009,10.827906804000065
0,106.72348974800008,10.827665803000059,106.72436715400005,10.828478804000042
0,106.72277074700008,10.826684662000048,106.72425174500006,10.827713800000026
1,106.72532677700008,10.827117787000077,106.72775878500005,10.835978785000066
0,106.72670278100009,10.834766788000024,106.72775878500005,10.835978785000066
0,106.72532677700008,10.833520792000058,106.72634477500009,10.835478796000075
0,106.72599277500007,10.827117787000077,106.72680877700009,10.834238790000029
0,106.72548179000006,10.827814790000048,106.72614078800007,10.835630795000043
1,106.72392074500004,10.826929799000027,106.72613973800009,10.830208794000043
0,106.72425455700005,10.827909893000026,106.72460788700005,10.828180542000041
0,106.72494475600007,10.829675794000025,106.72584875600006,10.830208794000043
0,106.72399275300006,10.828024799000048,106.72495874800006,10.82893180000002
0,106.72425674600004,10.827390797000021,106.72475674300006,10.827809799000022
0,106.72392074500004,10.826929799000027,106.72509050900004,10.82753880000007
0,106.72467774400008,10.82742835700003,106.72603374100004,10.828169862000038
0,106.72520573900005,10.826965794000046,106.72613973800009,10.827226789000065
1,106.72394875600008,10.82813879400004,106.72706885800005,10.830364075000034
0,106.72561274900005,10.82894979200006,106.72626231500004,10.829864815000064
0,106.72588401900003,10.829319116000022,106.72706885800005,10.830364075000034
0,106.72439375600004,10.828933798000037,106.72546375000007,10.829593798000076
0,106.72405075200004,10.828141668000058,106.72448570900008,10.828898800000047
0,106.72434708800006,10.82813879400004,106.72564500500005,10.828941795000048
0,106.72621574800007,10.82831270400004,106.72660051000008,10.829532183000026
0,106.72512775100006,10.828350466000074,106.72625174900008,10.82907079000006
0,106.72438475500007,10.828673798000068,106.72508974900006,10.829195797000068
0,106.72394875600008,10.82875080100007,106.72448075300008,10.829285801000026
1,106.72450774100008,10.826903791000063,106.72632873500004,10.828257654000026
0,106.72549573800006,10.827016791000062,106.72594769200003,10.827685792000068
0,106.72498810400003,10.827532779000023,106.72530156400006,10.827809917000025
0,106.72500683400006,10.827036794000037,106.72567873900005,10.82770067000007
0,106.72450774100008,10.82694279900005,106.72520774000009,10.82743679400005
0,106.72453463300008,10.827707799000052,106.72471074400005,10.828207384000052
0,106.72520697700008,10.827642794000042,106.72592722500008,10.828257654000026
0,106.72586941700007,10.826903791000063,106.72632873500004,10.827577789000031
0,106.72462974400008,10.827547797000022,106.72494074300005,10.827902798000025
0,106.72460074400004,10.827210799000056,106.72506878100006,10.827688227000067
1,106.72551374200003,10.826696784000035,106.72741873200005,10.828456790000075
0,106.72658953600006,10.826696784000035,106.72741873200005,10.827365783000062
0,106.72647045600007,10.827250990000039,106.72719414600004,10.827807300000075
0,106.72631773500007,10.826710785000046,106.72661434600008,10.82739078700007
0,106.72609974000005,10.827167788000054,106.72652773900006,10.827698886000064
0,106.72593074100007,10.827690791000066,106.72657386900005,10.827987789000076
0,106.72568374500008,10.82803479000006,106.72613974300003,10.828456790000075
0,106.72551374200003,10.827586790000055,106.72598373900007,10.828188792000049
1,106.72591074300004,10.827192782000054,106.73001073100005,10.828961665000065
0,106.72674573900008,10.827192782000054,106.72882549300004,10.82793977600005
0,106.72591074300004,10.827908790000038,106.72635174100009,10.828143788000034
0,106.72603774300006,10.82796978600004,106.72797071400004,10.828510598000037
0,106.72945973200007,10.827867612000034,106.73001073100005,10.828961665000065
3,106.72522374700009,10.830594779000023,106.73081485100005,10.850754799000072
2,106.72522374700009,10.838603788000057,106.72846283000007,10.850754799000072
1,106.72611640200006,10.847938801000055,106.72709986300003,10.850033801000052
0,106.72660017800007,10.848597797000025,106.72701986900006,10.849535799000023
0,106.72630086800007,10.849008957000024,106.72688291600008,10.850033801000052
0,106.72693886700006,10.848553796000033,106.72709986300003,10.848912799000061
0,106.72611640200006,10.847938801000055,106.72670196400009,10.849332802000049
1,106.72634181600006,10.838603788000057,106.72846181300008,10.842427787000076
0,106.72706580500005,10.838603788000057,106.72776480600004,10.84007579100006
0,106.72634181600006,10.839221794000025,106.72693481100004,10.840395796000053
0,106.72679981500005,10.840530794000074,106.72726081400003,10.841171794000047
0,106.72766382400005,10.84049778700006,106.72845681900009,10.842427787000076
0,106.72684381500005,10.839611793000074,106.72732881200005,10.840076790000069
0,106.72827481400009,10.840427783000052,106.72846181300008,10.841292785000064
0,106.72654881500006,10.839906368000072,106.72842681400004,10.840896633000057
0,106.72740180900007,10.83944013300004,106.72832380600005,10.84008078900007
1,106.72606683000004,10.841261794000047,106.72765181900007,10.84296979800007
0,106.72650482200004,10.841261794000047,106.72765181900007,10.842772796000077
0,106.72613182300006,10.841273795000063,106.72655582400006,10.841905797000038
0,106.72606683000004,10.842154797000035,106.72645083000003,10.842790798000067
0,106.72607383000008,10.842700798000067,106.72646283200004,10.84296979800007
1,106.72522374700009,10.839865708000048,106.72625984200005,10.84586480300004
0,106.72554682300006,10.841060128000038,106.72587982800007,10.841998801000045
0,106.72595782400003,10.841388798000025,106.72625582600006,10.842366798000057
0,106.72522374700009,10.839865708000048,106.72545883100008,10.843892802000028
0,106.72574283600005,10.843521801000065,106.72604483700007,10.844085801000062
0,106.72592184200005,10.844341800000052,106.72625984200005,10.844818066000073
0,106.72545184600006,10.844760433000033,106.72612984500006,10.84515080400007
0,106.72557484700008,10.843925801000069,106.72596645900006,10.84586480300004
0,106.72522784200004,10.84404979900006,106.72615084100005,10.84482080400005
0,106.72537784100007,10.841960803000063,106.72561882900004,10.844143804000055
1,106.72610683400006,10.84259079700007,106.72806082600005,10.843993799000032
0,106.72615983700007,10.843194410000024,106.72676483400005,10.843993799000032
0,106.72610683400006,10.84303479700003,106.72638883300004,10.84341980000005
0,106.72643783200004,10.84259079700007,106.72703883100007,10.842956798000046
0,106.72637483200003,10.843010795000055,106.72706283200006,10.843388794000077
0,106.72676783200006,10.842992794000054,106.72705483300007,10.843191796000042
0,106.72711182900008,10.842968791000033,106.72749583000007,10.843363792000048
0,106.72684283100006,10.842669790000059,106.72806082600005,10.84291879400007
1,106.72570285300009,10.843988798000055,106.72728884700007,10.846151804000044
0,106.72600850400005,10.845426600000053,106.72656684700007,10.845762493000052
0,106.72570285300009,10.845530551000024,106.72644035500008,10.846151804000044
0,106.72590284800003,10.845071801000074,106.72635384900008,10.84560779900005
0,106.72587002100005,10.844641798000055,106.72663184300006,10.845080800000062
0,106.72619083800004,10.843988798000055,106.72696784000004,10.844670798000038
0,106.72611784700007,10.84498179700006,106.72676394800004,10.84535180000006
0,106.72649094600007,10.845355796000035,106.72706384600008,10.845681798000044
0,106.72638736800008,10.845598794000068,106.72728884700007,10.846044323000058
1,106.72584583700007,10.842908787000056,106.72846283000007,10.844130792000044
0,106.72584583700007,10.843466798000065,106.72647883700006,10.843819799000073
0,106.72777083200003,10.842908787000056,106.72846283000007,10.843674789000033
0,106.72689983300006,10.843406860000073,106.72759198800009,10.843819795000059
0,106.72725383600005,10.843756791000033,106.72832583200005,10.844130792000044
1,106.72642784300007,10.843783793000057,106.72791883900004,10.845926794000036
0,106.72704283900003,10.843797344000052,106.72734233600005,10.84432679400004
0,106.72651583900006,10.844117795000045,106.72687684000005,10.844576798000048
0,106.72701684500004,10.845268791000024,106.72774484500007,10.845926794000036
0,106.72680883700008,10.84407079500005,106.72707683800007,10.844460795000032
0,106.72647784400004,10.844877797000038,106.72681313500004,10.845289799000057
0,106.72673883500005,10.843783793000057,106.72716674000009,10.844049796000036
0,106.72642784300007,10.84440379800003,106.72784483900006,10.844986798000036
0,106.72695083800005,10.84408779100005,106.72754095600004,10.844542794000063
0,106.72672838700004,10.844924795000054,106.72713284500009,10.845269730000041
0,106.72705384200003,10.844864793000056,106.72791883900004,10.84521879500005
1,106.72571973500004,10.84587914900004,106.72799585200005,10.848693799000046
0,106.72656818000007,10.84590761800007,106.72743974700006,10.84661879600003
0,106.72656414400006,10.846289761000037,106.72743885300008,10.847384799000054
0,106.72729552700008,10.84587914900004,106.72799585200005,10.847179794000056
0,106.72601568000005,10.847047583000062,106.72743985600005,10.84811479900003
0,106.72704786000008,10.847942794000062,106.72753285900006,10.848595798000076
0,106.72627891900004,10.848037797000075,106.72712286200004,10.848691132000056
0,106.72679686600009,10.848326796000038,106.72712086300004,10.848693799000046
0,106.72726985500009,10.84733379100004,106.72793685600004,10.847860794000042
0,106.72571973500004,10.846009611000056,106.72690063900006,10.847154473000046
1,106.72669332700008,10.847809792000021,106.72845686900007,10.850754799000072
0,106.72724486200008,10.847809792000021,106.72827885900006,10.848925794000024
0,106.72690186800008,10.848496798000042,106.72749086900006,10.849503799000047
0,106.72669332700008,10.849520798000071,106.72716987000007,10.850754799000072
0,106.72738186600009,10.848755794000056,106.72783886600007,10.850185793000037
0,106.72704387200008,10.849437794000039,106.72759187000008,10.850269798000056
0,106.72688687500005,10.849913794000031,106.72793687300003,10.850684800000067
0,106.72780386800008,10.849771790000034,106.72845686900007,10.850508793000074
2,106.72733478200007,10.830594779000023,106.72863379900008,10.847716366000043
1,106.72735580800008,10.837616784000033,106.72863379900008,10.839404788000024
0,106.72763436100007,10.838428785000076,106.72826142200006,10.83923078500004
0,106.72735580800008,10.838953785000058,106.72849700200004,10.839404788000024
0,106.72745762400007,10.838043621000054,106.72863379900008,10.838687783000069
0,106.72778480000005,10.837616784000033,106.72846933200009,10.83828178400006
1,106.72751827900004,10.839295675000074,106.72840180400004,10.841033294000056
0,106.72806340500006,10.839295675000074,106.72840180400004,10.839524252000047
0,106.72753650200008,10.839532788000042,106.72824580800005,10.840185348000034
0,106.72775081300006,10.840095774000076,106.72804290800008,10.840461406000031
0,106.72795248700004,10.84020098800005,106.72839203600006,10.84052342800004
0,106.72801678700006,10.84039346700007,106.72823425200005,10.840929371000072
0,106.72779827100004,10.840711588000033,106.72816200600005,10.84103084800006
0,106.72751827900004,10.840763459000073,106.72776754200004,10.841033294000056
1,106.72807601900007,10.836614779000058,106.72860780100007,10.841126786000075
0,106.72808125800009,10.83856931400004,106.72854580100005,10.839557782000043
0,106.72814469900004,10.84086478200004,106.72856881400008,10.841126786000075
0,106.72807601900007,10.839639006000027,106.72856331100007,10.840740728000071
0,106.72834080100006,10.837651781000034,106.72860780100007,10.839068781000037
0,106.72833281200008,10.836614779000058,106.72859481200004,10.84091978400005
1,106.72734879400008,10.836587784000073,106.72852779300007,10.838145785000052
0,106.72789779500005,10.83707378300005,106.72832279000005,10.837575784000023
0,106.72734879400008,10.836623786000075,106.72836979100003,10.837350786000059
0,106.72789979100008,10.836587784000073,106.72846279200007,10.837215782000044
0,106.72769879200007,10.836968786000057,106.72814479300007,10.837140784000042
0,106.72779279400004,10.837188784000034,106.72811179300004,10.837527785000077
0,106.72739619900005,10.837203787000021,106.72793879800008,10.838145785000052
0,106.72772479600008,10.837506786000063,106.72806579600007,10.837885787000062
0,106.72822379200005,10.837180782000075,106.72846279100008,10.837522782000065
0,106.72791779800008,10.837414783000042,106.72852779300007,10.837987515000066
1,106.72744185300007,10.842500789000042,106.72859684100007,10.847716366000043
0,106.72753983700005,10.843947791000062,106.72784883400004,10.844491792000042
0,106.72775582800006,10.84258778800006,106.72833383000005,10.844440287000054
0,106.72745282900007,10.842500789000042,106.72773482600007,10.843587212000045
0,106.72776683700005,10.843978261000075,106.72845583700007,10.845461787000033
0,106.72766885000004,10.846395787000063,106.72848185000004,10.847716366000043
0,106.72759025400006,10.845190349000063,106.72859684100007,10.846629790000065
0,106.72744185300007,10.84477879000002,106.72787483900004,10.847415794000028
1,106.72740982000005,10.835715785000048,106.72860568800007,10.844085790000065
0,106.72740982000005,10.841252246000067,106.72796353800004,10.842221789000064
0,106.72781912600004,10.840957839000055,106.72812261200005,10.84135586900004
0,106.72823181500007,10.841139786000042,106.72856281400004,10.841493783000033
0,106.72751008700004,10.840843943000039,106.72799644200006,10.841440644000045
0,106.72754779100006,10.835715785000048,106.72799278900004,10.836772152000037
0,106.72785382300003,10.84176367200007,106.72860568800007,10.842650786000036
0,106.72747128200007,10.837540787000023,106.72820380400009,10.839856786000041
0,106.72761945600007,10.841106435000029,106.72781982500004,10.844085790000065
1,106.72733478200007,10.834808784000074,106.72849278800004,10.836583779000023
0,106.72733478200007,10.834808784000074,106.72812278200007,10.835488785000052
0,106.72784278000006,10.835237784000071,106.72799478200005,10.835348783000029
0,106.72802278500006,10.835587781000072,106.72842278300004,10.835742783000057
0,106.72767578900005,10.836172781000073,106.72849278800004,10.836583779000023
0,106.72766178600006,10.835510784000064,106.72790878200004,10.835801784000068
0,106.72738778800004,10.835463463000053,106.72797878200004,10.836105432000068
0,106.72802178000006,10.834975781000026,106.72838878200008,10.835353782000027
1,106.72756456100007,10.830594779000023,106.72854675100007,10.835492173000034
0,106.72771575500008,10.830601781000041,106.72789578200008,10.835492173000034
0,106.72775475400005,10.83060678000004,106.72812575300009,10.83099978100006
0,106.72756456100007,10.83085778000003,106.72830775400007,10.831833110000048
0,106.72794875400007,10.830903781000075,106.72824675400005,10.831182780000063
0,106.72803675400007,10.830594779000023,106.72854675100007,10.830953781000062
2,106.72831542100005,10.833646779000048,106.72961384100006,10.847320789000037
1,106.72832616500006,10.839125780000074,106.72960680400007,10.840014779000057
0,106.72873280500005,10.839423629000066,106.72904539400008,10.839572985000075
0,106.72832616500006,10.83938637500006,106.72859055800006,10.839707169000064
0,106.72842213900009,10.839137325000024,106.72879793900006,10.839880059000052
0,106.72864580900006,10.839491327000076,106.72942093600005,10.839833963000046
0,106.72861380700004,10.839753593000069,106.72879280700005,10.839870782000048
0,106.72877771400005,10.839125780000074,106.72931780000005,10.839459280000028
0,106.72908880000006,10.839210984000033,106.72951780000005,10.839527001000022
0,106.72878180700008,10.839789780000046,106.72914280500004,10.839955778000046
0,106.72902631800008,10.839482149000048,106.72938980400005,10.839962779000075
0,106.72907780600008,10.839718779000066,106.72960680400007,10.840014779000057
1,106.72831585800009,10.83709278200007,106.72906479100004,10.838267427000062
0,106.72839715500004,10.837908258000027,106.72873412000007,10.838267427000062
0,106.72890479100005,10.837276779000035,106.72906479100004,10.837704779000035
0,106.72868679100009,10.837279884000054,106.72895288300003,10.837569778000045
0,106.72831585800009,10.837439781000057,106.72851030400005,10.83804152700003
0,106.72835179800006,10.837463783000032,106.72870879300007,10.837932782000053
0,106.72853979200005,10.837263781000047,106.72877179100004,10.837529780000068
0,106.72844179500004,10.837269782000021,106.72858279400003,10.837463781000054
0,106.72841779000004,10.83709278200007,106.72880178900004,10.837317780000035
1,106.72898778900009,10.837082776000045,106.72960479100004,10.837775777000047
0,106.72914378900003,10.837082776000045,106.72942278700003,10.837516777000076
0,106.72898778900009,10.837157779000052,106.72917778800007,10.837244776000034
0,106.72941979000007,10.837372774000073,106.72960479100004,10.83764377500006
0,106.72899379000006,10.837277778000043,106.72916279000003,10.837726601000043
0,106.72908779100004,10.837487778000025,106.72936979200006,10.837775777000047
0,106.72912278900009,10.837169778000032,106.72922979200007,10.837741777000076
0,106.72934478900004,10.837114776000021,106.72959578800004,10.837398776000043
1,106.72842679000007,10.835660628000028,106.72959878600005,10.837168776000055
0,106.72894139700009,10.835660628000028,106.72947678200006,10.836789776000046
0,106.72842679000007,10.835762497000076,106.72883778900007,10.837113781000028
0,106.72900678900004,10.836909778000063,106.72927878900003,10.837168776000055
0,106.72874778500005,10.836424777000047,106.72917578600004,10.836741780000068
0,106.72914278800005,10.836413776000029,106.72940378800007,10.836790778000022
0,106.72878279000008,10.836807776000057,106.72928978700008,10.836932778000062
0,106.72880778800004,10.836925774000065,106.72959878600005,10.837124774000074
1,106.72831542100005,10.841053782000074,106.72961384100006,10.847320789000037
0,106.72832449000003,10.84128378500003,106.72874781600007,10.84183338400004
0,106.72838481600007,10.841053782000074,106.72920681400007,10.841354783000043
0,106.72868681800009,10.841377781000062,106.72940081600007,10.842053780000072
0,106.72879181600007,10.841162781000037,106.72904902000005,10.843009782000024
0,106.72841401600004,10.842149350000057,106.72927617700009,10.843272375000026
0,106.72862555200004,10.842418462000069,106.72908128800009,10.845660787000043
0,106.72831542100005,10.845491784000046,106.72893284200006,10.847320789000037
0,106.72842620100005,10.844374782000045,106.72938983600005,10.845699787000058
0,106.72885684500005,10.844934099000056,106.72961384100006,10.847097784000027
1,106.72834278400006,10.833646779000048,106.72908378600005,10.838018781000073
0,106.72834278400006,10.835248781000075,106.72878378600006,10.836991782000041
0,106.72860379300005,10.837547781000069,106.72894179400004,10.838018781000073
0,106.72864878800004,10.836624780000022,106.72908378600005,10.83709078000004
0,106.72871025300009,10.833646779000048,106.72896278600007,10.836835778000022
1,106.72865879900007,10.837120779000031,106.72933879100009,10.838358781000068
0,106.72887876000004,10.83768303000005,106.72933879100009,10.83792777800005
0,106.72900479400005,10.837904778000052,106.72929279500005,10.838335777000054
0,106.72876777000005,10.837120779000031,106.72922079300008,10.837302777000048
0,106.72872379500006,10.837656966000054,106.72904179300008,10.838204778000033
0,106.72865879900007,10.837990778000062,106.72886779700008,10.838337781000064
0,106.72878379800005,10.838051778000022,106.72932979400008,10.838358781000068
1,106.72839680100009,10.838190780000048,106.72960279900008,10.839247779000061
0,106.72855550300005,10.83866527500004,106.72899998200006,10.839234100000056
0,106.72860479700006,10.838190780000048,106.72914148200005,10.838588483000024
0,106.72846180300007,10.838500356000054,106.72905035100007,10.838810783000042
0,106.72885980200004,10.838814779000074,106.72941979900008,10.839247779000061
0,106.72930680000007,10.838651777000052,106.72960279900008,10.839101775000074
0,106.72899279900008,10.838353778000055,106.72941179600008,10.838880777000043
0,106.72839680100009,10.838700781000057,106.72866579900005,10.838937782000073
0,106.72846188700004,10.83820088400006,106.72881379800003,10.838600909000036
1,106.72839781200008,10.839835781000033,106.72939181100008,10.84129278000006
0,106.72874247600004,10.839871782000046,106.72927780500004,10.839989778000074
0,106.72842581500004,10.840580784000053,106.72854881400008,10.84125778400005
0,106.72846765900005,10.839835781000033,106.72889280900006,10.840317781000067
0,106.72851581100008,10.840509780000048,106.72939181100008,10.84129278000006
0,106.72839781200008,10.840226790000031,106.72871468100004,10.840540782000062
0,106.72844681400005,10.840869783000073,106.72872281200006,10.841213784000047
2,106.72894178500007,10.832746769000039,106.73080901200007,10.847184777000052
1,106.72940778000009,10.835489775000042,106.73041677900005,10.838247796000076
0,106.72940778000009,10.835489775000042,106.73041677900005,10.836604775000069
0,106.72967078600004,10.836592772000074,106.73027778300008,10.836949773000072
0,106.72968579200005,10.837503774000027,106.73011478800004,10.837955772000043
0,106.72991379100006,10.836924771000042,106.73019178600003,10.837515772000074
0,106.73008678800005,10.837334772000077,106.73028978700006,10.837542770000027
0,106.73015478800005,10.837114771000074,106.73040478500008,10.837381638000068
0,106.73007279100005,10.837749772000052,106.73041379100005,10.838247796000076
1,106.72928879600005,10.837929776000067,106.72979781100008,10.841370779000044
0,106.72933479600005,10.838190776000033,106.72975800100005,10.838718774000029
0,106.72928879600005,10.837929776000067,106.72973859800004,10.838395053000056
0,106.72931655100007,10.838418777000072,106.72972879800005,10.839313779000065
0,106.72955781300004,10.840953777000038,106.72979781100008,10.841358777000039
0,106.72928981500007,10.841161778000071,106.72941281400006,10.841370779000044
1,106.72894178500007,10.836067770000056,106.73031977900007,10.836926774000062
0,106.72996378600004,10.836574771000073,106.73023278200009,10.836722773000076
0,106.72930878700004,10.836803774000032,106.72953078500007,10.836926774000062
0,106.72925978500007,10.836627777000047,106.72940678700007,10.836918776000061
0,106.72936978700005,10.836619774000042,106.72969178300008,10.836788776000049
0,106.72894178500007,10.836067770000056,106.73031977900007,10.836604776000058
1,106.72924579300008,10.83672277100004,106.73005978300006,10.838174775000027
0,106.72955779000006,10.837092774000041,106.72991178700005,10.837307775000056
0,106.72966379000007,10.837266775000046,106.73004278800005,10.837881775000028
0,106.72952778900009,10.837289774000055,106.72969078800008,10.837476776000074
0,106.72987078700004,10.83672277100004,106.73005978300006,10.837298773000043
0,106.72951378500005,10.836798774000044,106.72989978800007,10.83708077600005
0,106.72926378700004,10.836918776000061,106.72952378700006,10.837190776000057
0,106.72926779200009,10.837356776000036,106.72958779100009,10.83768077700006
0,106.72950379000008,10.837460776000057,106.72968579000008,10.837714774000062
0,106.72962445300004,10.837710774000072,106.73003179000006,10.838174775000027
0,106.72924579300008,10.837645777000034,106.72966479100006,10.838141776000043
1,106.72925276600006,10.832746769000039,106.73020197600005,10.838431774000071
0,106.72925279700007,10.837687774000074,106.72987779400006,10.838431774000071
0,106.72969407700003,10.832746769000039,106.73020197600005,10.833606771000063
0,106.72934976600004,10.833422773000052,106.72947576900003,10.837061775000052
0,106.72925276600006,10.833170773000063,106.72948367500004,10.833671774000038
1,106.72937180400004,10.838426653000056,106.73080901200007,10.84009377600006
0,106.72939379600007,10.838426653000056,106.73080901200007,10.838713985000027
0,106.72977679800005,10.83851977300003,106.73023379500006,10.839470306000067
0,106.72945180400006,10.839266776000045,106.73016580000007,10.83976177300002
0,106.72937180400004,10.839637778000053,106.72980380300004,10.84009377600006
0,106.72939679700005,10.838680776000047,106.72990379900006,10.839437776000068
0,106.72964993900007,10.838559773000043,106.73012047000009,10.839013056000056
0,106.72958980400006,10.839666777000048,106.73009580300004,10.83996677700003
0,106.72981880400005,10.839145775000077,106.73017661800009,10.839986775000057
0,106.72992079900007,10.839157774000057,106.73025135800003,10.83934077400005
0,106.73006280200008,10.838454771000045,106.73059179800003,10.840040771000076
1,106.72967582100006,10.833176450000053,106.73076378600007,10.847184777000052
0,106.72980179400008,10.837972772000057,106.73031214000008,10.838527770000042
0,106.73021778700007,10.837118769000028,106.73056878400007,10.83745176900004
0,106.73008778500008,10.83674576900006,106.73065978300008,10.837088769000047
0,106.73008378500003,10.836219769000024,106.73070978100009,10.836817772000074
0,106.73007779000005,10.83741677100005,106.73049278600007,10.838039772000059
0,106.73045979100004,10.837521770000023,106.73076378600007,10.838069769000072
0,106.73010980100008,10.838525770000047,106.73066351000006,10.839343771000074
0,106.73034279400008,10.838314770000068,106.73072979300008,10.838695770000072
0,106.72967582100006,10.841285775000074,106.72993881700006,10.842815777000055
0,106.73012946100005,10.833176450000053,106.73026384600007,10.847184777000052
2,106.72857881900006,10.839905775000034,106.73080823600009,10.844508778000034
1,106.72857881900006,10.841323316000057,106.72962181200006,10.842544478000036
0,106.72880881500004,10.841323316000057,106.72928371800003,10.841567781000037
0,106.72915981500006,10.841374780000024,106.72947181300009,10.841652732000057
0,106.72935380400008,10.841340779000063,106.72962181200006,10.842223592000039
0,106.72913781900007,10.841514780000068,106.72933986600003,10.842252435000034
0,106.72857881900006,10.841800783000053,106.72925281700009,10.842391303000056
0,106.72869928000006,10.842260896000028,106.72908305900006,10.842544478000036
1,106.72861431200005,10.842810265000026,106.73048082500009,10.844508778000034
0,106.72923773500008,10.843105840000021,106.72953228800009,10.843481608000047
0,106.72913809000005,10.842948215000035,106.72952962500005,10.843246290000025
0,106.72873223700009,10.842810265000026,106.72926382200006,10.843031266000025
0,106.72899526800006,10.843037458000026,106.72929183500008,10.843479694000052
0,106.72918982400006,10.842840781000064,106.72946326700009,10.843070939000029
0,106.72961283100005,10.843643777000068,106.73048082500009,10.844508778000034
0,106.72861431200005,10.84379025000004,106.72958310400008,10.844362248000039
1,106.72990980500003,10.839913773000035,106.73028380500006,10.840505776000043
0,106.72990980500003,10.84027177400003,106.73013080600003,10.840505776000043
0,106.72993980400008,10.840122775000054,106.73008880300006,10.840314774000035
0,106.73001880100009,10.839924774000053,106.73014580200004,10.840170774000057
0,106.73005480500007,10.839913773000035,106.73028380500006,10.840420774000052
1,106.73005880900007,10.839915769000072,106.73080823600009,10.841182421000042
0,106.73025380700005,10.840277773000025,106.73075180400008,10.840701541000044
0,106.73008180700003,10.840755774000058,106.73036480700006,10.841161465000027
0,106.73009080500009,10.840006774000074,106.73051580300006,10.840360773000043
0,106.73043480800004,10.839915769000072,106.73080823600009,10.840360771000064
0,106.73005880900007,10.840359772000056,106.73031480500003,10.840774773000021
0,106.73021580700004,10.840622773000064,106.73066550000004,10.840948771000058
0,106.73032480700004,10.840868772000022,106.73078196700004,10.841182421000042
1,106.72929881800007,10.840739774000042,106.73054480700006,10.842181441000037
0,106.72966280900005,10.840739774000042,106.73017601100008,10.84114561000007
0,106.72932281500005,10.84131977900006,106.72991581100007,10.84163277600004
0,106.72929881800007,10.841565777000028,106.72986781400004,10.842181441000037
0,106.72947681400007,10.841510778000043,106.72962681400008,10.841731778000053
0,106.72949681200004,10.840771778000033,106.72976681000006,10.841321777000076
0,106.72984281500004,10.841379776000053,106.73044999400008,10.842177544000037
0,106.73006081200003,10.841293773000075,106.73045081200007,10.84159977400003
0,106.72970281300007,10.841044776000047,106.73017880900005,10.841350775000024
0,106.73008181000006,10.840854772000057,106.73054480700006,10.84139777400003
1,106.72946482300006,10.84268277700005,106.73077682000007,10.843916773000046
0,106.72994382200005,10.842963776000033,106.73077682000007,10.843572773000062
0,106.72950847700008,10.843162945000074,106.72981324500006,10.843403411000054
0,106.73015375200004,10.843580699000029,106.73058267300007,10.843916773000046
0,106.72947503200004,10.843348278000065,106.72974809600004,10.843571801000053
0,106.72975782700007,10.843475777000037,106.73014182500003,10.843739777000053
0,106.72947472600003,10.843009563000066,106.72986482300007,10.843301085000064
0,106.72992016300009,10.84330966300007,106.73020366000009,10.843821684000034
0,106.72946482300006,10.84268277700005,106.72996682100006,10.843088778000038
0,106.72986619300008,10.84314654000002,106.73069882200008,10.843677225000022
1,106.72895124900003,10.84122777600004,106.73076976800007,10.843169105000072
0,106.72951382200006,10.842587777000062,106.72978382000008,10.842834778000054
0,106.72971381300005,10.84122777600004,106.73076976800007,10.84158777600004
0,106.73053481500006,10.841630750000036,106.73072250500007,10.842338618000042
0,106.73019081600006,10.842268773000058,106.73058181500005,10.842536695000035
0,106.73000182300007,10.84238948500007,106.73069981700007,10.843169105000072
0,106.72895124900003,10.842369781000059,106.72959591800009,10.843148671000051
0,106.72905516300006,10.842037083000037,106.72980581700006,10.84282377900007
0,106.72970657300004,10.841852987000038,106.73022881400004,10.84282177700004
0,106.73020081800007,10.84170692300006,106.73064264200008,10.842372772000033
0,106.72942881600005,10.841581750000046,106.73058934000005,10.84176096400006
1,106.72858481200007,10.84044778200007,106.72963381200009,10.841424779000022
0,106.72858481200007,10.84044778200007,106.72904881000005,10.840921781000077
0,106.72859981400006,10.840645780000045,106.72911681000005,10.841035779000038
0,106.72882381700003,10.841105781000067,106.72918881200007,10.841420780000021
0,106.72859534900005,10.840990782000063,106.72887881200006,10.841268783000032
0,106.72916281300007,10.841238779000037,106.72963381200009,10.841424779000022
0,106.72893581500006,10.84061777900007,106.72954581000005,10.841265779000025
0,106.72922781200003,10.840889779000065,106.72960481100006,10.841294779000066
1,106.72867327500006,10.839905775000034,106.73012280600005,10.840827776000026
0,106.72867327500006,10.840087780000033,106.72959480700007,10.840558781000027
0,106.72887980800004,10.839975777000063,106.72972571700006,10.840212665000024
0,106.72870680700004,10.839906777000067,106.72971380700005,10.840144782000039
0,106.72981580400005,10.839998775000026,106.73006280300007,10.840198774000044
0,106.72967380400007,10.839905775000034,106.73007080200006,10.840119774000073
0,106.72987180700005,10.840467775000036,106.73012280600005,10.840806774000043
0,106.72982780500007,10.840206774000023,106.72998180400003,10.840759774000048
0,106.72954080700003,10.840104049000047,106.72991180500009,10.840477774000021
0,106.72966880700005,10.840434776000052,106.72993480700006,10.840827776000026
0,106.72913781000005,10.84036777800003,106.72975680700006,10.840823777000026
2,106.72748382800006,10.842621618000067,106.72921582700008,10.849150790000067
1,106.72766351200005,10.845576935000054,106.72893510100005,10.847338777000061
0,106.72827985100008,10.846637785000041,106.72893510100005,10.847338777000061
0,106.72825784800006,10.845969594000053,106.72880084700006,10.846614788000068
0,106.72766351200005,10.846066704000066,106.72843860500006,10.846675789000074
0,106.72789659100005,10.845576935000054,106.72866779300006,10.846012750000057
1,106.72748583800006,10.84409663100007,106.72919683600009,10.845551792000037
0,106.72750250400009,10.84409663100007,106.72768423300005,10.844263827000077
0,106.72748583800006,10.844269609000037,106.72793612400005,10.844501792000074
0,106.72800683500009,10.844259783000041,106.72919683600009,10.844967785000051
0,106.72841759100004,10.84414255200005,106.72865206200004,10.844807787000036
0,106.72807598800006,10.844723224000063,106.72845109800005,10.84504578800005
0,106.72757484100003,10.845063095000057,106.72885024300007,10.845551792000037
1,106.72754985700004,10.847002789000044,106.72911212100007,10.849150790000067
0,106.72780685100008,10.847002789000044,106.72834144800004,10.847737791000043
0,106.72754985700004,10.847628889000077,106.72864925400006,10.84819770200005
0,106.72808462100005,10.847235612000077,106.72898242000008,10.847652224000058
0,106.72860244200007,10.847527785000068,106.72904785400004,10.84800378600005
0,106.72810586100007,10.848139648000029,106.72865186100006,10.849098790000028
0,106.72835785800004,10.847821786000054,106.72906085600005,10.84848678800006
0,106.72845764600004,10.84838278500007,106.72911212100007,10.849150790000067
1,106.72748382800006,10.842621618000067,106.72921582700008,10.844162788000062
0,106.72879482800005,10.842960780000055,106.72921582700008,10.843613781000045
0,106.72796183200006,10.843862788000024,106.72851489200008,10.844162788000062
0,106.72826482900007,10.843577193000044,106.72850136700004,10.843986785000027
0,106.72750583300007,10.843499790000067,106.72804783100008,10.843895792000069
0,106.72748382800006,10.84265578700007,106.72836982500007,10.84332409600006
0,106.72851166100008,10.843519783000033,106.72882549500008,10.844068823000043
0,106.72836682600007,10.842621618000067,106.72905082500006,10.843572785000049
2,106.72747886800005,10.84337178100003,106.73081485100005,10.850339792000057
1,106.72747886800005,10.848629790000075,106.72962986600004,10.850339792000057
0,106.72897878500004,10.84913778400005,106.72928186500008,10.850036786000032
0,106.72844886800004,10.849965788000077,106.72878687000008,10.850270789000035
0,106.72806086400004,10.849200790000054,106.72832086800008,10.84962579200004
0,106.72907386600008,10.84974578300006,106.72962986600004,10.850000786000066
0,106.72823086300008,10.849035790000073,106.72854086600006,10.849593790000029
0,106.72870986400005,10.849572786000067,106.72929586600009,10.850229787000046
0,106.72823986600008,10.849557789000073,106.72873686900004,10.850025789000028
0,106.72841986600008,10.84970178900005,106.72876232300007,10.850037790000044
0,106.72747886800005,10.848629790000075,106.72827886800007,10.850006792000045
0,106.72767186900006,10.849926795000044,106.72865286900009,10.850339792000057
1,106.72850786400005,10.848497789000021,106.72948685700004,10.84977834700004
0,106.72886686200007,10.849042782000026,106.72947186000005,10.849260725000022
0,106.72850786400005,10.848875044000067,106.72921086500008,10.84977834700004
0,106.72879043500006,10.848572380000064,106.72948685700004,10.848955144000058
0,106.72852086000006,10.848497789000021,106.72874485900007,10.848748788000023
1,106.72875071300007,10.844956773000035,106.73064283700006,10.84751477900005
0,106.72875071300007,10.845614879000038,106.72962630900008,10.846311786000058
0,106.72958884500008,10.846046781000041,106.73018271600006,10.847037870000065
0,106.72944139200007,10.846985653000047,106.73055884400009,10.84751477900005
0,106.72894075900007,10.846498778000068,106.73062284100007,10.847055777000037
0,106.72936883600005,10.845014782000021,106.73022507400009,10.846064778000027
0,106.73007684200007,10.844956773000035,106.73064283700006,10.846537776000048
1,106.72901682900005,10.84337178100003,106.73081385100005,10.84993378300004
0,106.72967942300005,10.844437773000038,106.73064183300005,10.845015775000036
0,106.73054185100005,10.847785775000034,106.73081385100005,10.848252776000038
0,106.72901682900005,10.84337178100003,106.73081323500008,10.844861783000056
0,106.73037284300005,10.84557377300007,106.73076483600005,10.847787776000075
0,106.73017585400004,10.847044777000065,106.73066485200007,10.849204777000068
0,106.72960886300007,10.849634399000024,106.73035230200009,10.84993378300004
1,106.72904385000004,10.846947779000061,106.73029584600005,10.849906781000072
0,106.72907186500004,10.849231779000036,106.73029486300004,10.849906781000072
0,106.72986085600007,10.848051779000059,106.73019985300004,10.848666779000041
0,106.72920185700008,10.848466783000049,106.72995685400008,10.848906783000075
0,106.72920085700008,10.848324782000077,106.72984885500006,10.848538782000048
0,106.72914173300006,10.847780358000023,106.72990485000008,10.848295785000062
0,106.72907285200006,10.846947779000061,106.73029584600005,10.847781780000048
0,106.72904385000004,10.847058783000023,106.72949085100004,10.848400784000034
1,106.72991385300008,10.847528777000036,106.73066385300007,10.849805753000055
0,106.72991385300008,10.847528777000036,106.73063784700008,10.848346777000074
0,106.73042185100007,10.847969774000035,106.73065285000007,10.84829677700003
0,106.73017885300004,10.848064778000037,106.73039985300005,10.848429777000035
0,106.73017585600007,10.848251775000051,106.73066385300007,10.849805753000055
1,106.72925632700009,10.848384776000046,106.73081485100005,10.849781777000032
0,106.72925632700009,10.848576759000025,106.72995085600007,10.849214783000036
0,106.72984285400008,10.848454781000044,106.73031885800003,10.849022777000073
0,106.73041085400007,10.848384776000046,106.73081485100005,10.848570774000052
0,106.73017885300004,10.84842377900003,106.73047985500006,10.849409111000057
0,106.72954385900005,10.849013781000053,106.73023185800008,10.849203782000075
0,106.73023085900007,10.848994019000031,106.73080516300007,10.849547158000064
0,106.72932386200006,10.849544781000077,106.73080336000004,10.849781777000032
3,106.70927582500008,10.822230855000043,106.71555774500007,10.834948862000033
2,106.70981379300008,10.825242486000036,106.71264477900007,10.828800884000032
1,106.70999877800006,10.825242486000036,106.71151977200009,10.826630883000064
0,106.71015177700008,10.826422882000031,106.71027077700006,10.826558883000075
0,106.71095677600005,10.826270879000049,106.71151977200009,10.826564876000077
0,106.71013277500003,10.825242486000036,106.71147876900005,10.826630880000039
0,106.71009177900004,10.826406881000025,106.71019377700009,10.826630883000064
0,106.70999877800006,10.826387883000052,106.71010077900007,10.82661388200006
0,106.71001577700008,10.82633588300007,106.71013177700007,10.826512884000067
0,106.71005277600005,10.826133882000022,106.71035177700008,10.826420880000057
1,106.71122778600005,10.825543751000055,106.71264477900007,10.828608875000043
0,106.71140977600004,10.82644799700006,106.71174077300009,10.826903873000049
0,106.71125078100005,10.826699873000052,106.71221877600004,10.827559781000048
0,106.71122778600005,10.827806876000068,106.71191178200007,10.828608875000043
0,106.71168377600009,10.826521872000058,106.71198177200006,10.826967873000058
0,106.71207077700006,10.826632868000047,106.71250977100004,10.827164869000057
0,106.71202678400005,10.82826687100004,106.71232778300003,10.828437871000062
0,106.71147677200008,10.825543751000055,106.71262976600008,10.826423869000052
0,106.71130490900003,10.827382875000069,106.71264477900007,10.828322869000033
0,106.71190278500006,10.828147873000034,106.71211178300007,10.828420872000038
1,106.70987878600005,10.826449880000041,106.71142477600006,10.827715883000053
0,106.71029677900003,10.826449880000041,106.71081878100006,10.827494879000028
0,106.71077477600005,10.826673880000044,106.71092877700005,10.826798878000034
0,106.71082677900006,10.826477877000059,106.71130077700008,10.826830876000031
0,106.71038877800004,10.826684880000073,106.71142477600006,10.827043876000062
0,106.70987878600005,10.826544882000064,106.71054617700008,10.827715883000053
0,106.71072678100006,10.827048878000028,106.71130377800006,10.827529877000075
1,106.70981379300008,10.827508881000028,106.71155278400005,10.828800884000032
0,106.70981379300008,10.827508881000028,106.71132701600004,10.828800884000032
0,106.71088878700004,10.827775879000058,106.71133478200005,10.828135878000069
0,106.71066478700004,10.827942879000034,106.71121178500005,10.828340877000073
0,106.71102778600005,10.828095878000056,106.71155278400005,10.828578876000051
2,106.71205181800008,10.831120856000041,106.71548980600005,10.834948862000033
1,106.71356481200007,10.832984864000025,106.71492480700005,10.833746864000034
0,106.71410980900004,10.833375863000072,106.71492480700005,10.833656861000065
0,106.71411780900007,10.832984864000025,106.71480280400004,10.833440858000074
0,106.71356481200007,10.833480866000059,106.71455380800006,10.833746864000034
0,106.71367781100008,10.833273865000024,106.71459980700007,10.833493865000037
1,106.71207280800007,10.831413872000041,106.71397080000008,10.833035476000077
0,106.71211880500005,10.831413872000041,106.71275080100008,10.832292873000029
0,106.71260681100006,10.832235869000044,106.71356380700007,10.833035476000077
0,106.71293680200006,10.831688865000046,106.71397080000008,10.831977866000045
0,106.71271786100004,10.831743870000025,106.71329480100007,10.832528870000033
0,106.71207280800007,10.83198387400006,106.71271280500008,10.832972873000074
1,106.71278080200005,10.831120856000041,106.71548980600005,10.833874858000058
0,106.71352181000009,10.833310867000023,106.71548980600005,10.833874858000058
0,106.71475979500008,10.831120856000041,106.71530879200009,10.831678858000032
0,106.71278080200005,10.831153865000033,106.71397779600005,10.831772866000051
0,106.71328980400006,10.831959867000023,106.71357080300004,10.832426866000048
0,106.71337480700004,10.832296868000071,106.71394080300007,10.832898864000072
0,106.71354880300004,10.831966863000048,106.71462379800005,10.832326864000038
0,106.71359880900008,10.832462862000057,106.71507980200005,10.833361859000036
0,106.71419480100008,10.831228862000046,106.71469279800004,10.831972859000075
0,106.71463380300008,10.831594859000063,106.71519379700004,10.83238585600003
1,106.71205181800008,10.832830873000034,106.71351981300006,10.834157875000074
0,106.71216481300007,10.832920874000024,106.71333980600008,10.833531869000069
0,106.71220881100004,10.832830873000034,106.71250581000004,10.833105874000069
0,106.71287681600006,10.833795867000049,106.71351981300006,10.834058869000046
0,106.71220781600005,10.83340187400006,106.71278334000004,10.833903873000054
0,106.71208781700005,10.833644875000061,106.71237381600008,10.833851874000061
0,106.71216481900007,10.833840874000032,106.71231981600005,10.834140876000049
0,106.71205181800008,10.833895876000042,106.71228981800004,10.834157875000074
1,106.71227381900007,10.832964873000037,106.71387681600004,10.834762867000052
0,106.71227381900007,10.833867873000031,106.71387681600004,10.834762867000052
0,106.71227481000005,10.832964873000037,106.71264281100008,10.833377015000053
0,106.71304181200009,10.833073870000021,106.71377880900008,10.833628866000026
0,106.71315381400007,10.833584869000049,106.71386781100006,10.833824870000058
0,106.71229081400008,10.833287872000028,106.71273181100008,10.83360887300006
0,106.71296781700005,10.833551869000075,106.71341281200006,10.834081869000045
0,106.71255181600009,10.833500074000028,106.71303981400007,10.833973871000069
0,106.71228081900006,10.833785868000064,106.71386181100007,10.833934870000064
1,106.71404481700006,10.833603864000054,106.71495981200007,10.834948862000033
0,106.71409281100006,10.833603864000054,106.71485980800009,10.83386119000005
0,106.71457081000005,10.83383486100007,106.71481380900008,10.834059860000025
0,106.71408681300005,10.833732863000023,106.71457980900004,10.834134863000031
0,106.71446881100007,10.83389886200007,106.71477281000006,10.834110860000067
0,106.71411081200006,10.83407186200003,106.71465181100007,10.834356864000029
0,106.71456481400008,10.834107860000074,106.71488281200004,10.834466862000056
0,106.71404481700006,10.834278862000076,106.71495981200007,10.834948862000033
2,106.70927582500008,10.831056876000048,106.71227780000004,10.834363885000073
1,106.71147181600008,10.83324587900006,106.71226881700005,10.834102876000031
0,106.71172981500007,10.833316878000062,106.71203881400004,10.833525877000056
0,106.71150981500006,10.83325387800005,106.71178381700008,10.833548879000034
0,106.71147181600008,10.83324587900006,106.71166681900007,10.833641878000037
0,106.71149381800006,10.83364687900007,106.71219181800006,10.833909720000065
0,106.71166281800004,10.833466544000032,106.71225081400007,10.833800876000055
0,106.71200181700004,10.83335687500005,106.71225481400006,10.833909875000074
0,106.71205281800007,10.833984874000066,106.71226881700005,10.834102876000031
1,106.71137981400005,10.832452873000022,106.71226881000007,10.83329287500004
0,106.71177581100005,10.832597875000033,106.71212881000008,10.832822875000033
0,106.71183581400004,10.83278287500002,106.71224381000007,10.83329287500004
0,106.71208381200006,10.832452873000022,106.71226881000007,10.83289587400003
0,106.71164181200004,10.832773878000069,106.71191481200009,10.83323587700005
0,106.71137981400005,10.832732878000058,106.71172681100006,10.833201877000022
0,106.71146881100009,10.832480879000059,106.71196480800006,10.832746877000034
1,106.71118681200005,10.832609880000064,106.71216882000004,10.834130877000064
0,106.71118681200005,10.832609880000064,106.71155181400007,10.833174879000069
0,106.71192982100007,10.833864875000074,106.71216882000004,10.834130877000064
0,106.71118781700005,10.833236878000037,106.71150981500006,10.833648879000066
0,106.71122282000005,10.833567880000032,106.71162468200004,10.834081802000071
1,106.70927582500008,10.83321488100006,106.71198081600005,10.834363885000073
0,106.70927582500008,10.833611891000032,106.70985082400006,10.834230889000025
0,106.71002904600005,10.833299896000028,106.71036581800007,10.834073888000034
0,106.71074381900007,10.833448883000074,106.71104281900006,10.833860883000057
0,106.70962982500004,10.833363889000054,106.71014782200007,10.834038888000066
0,106.70985922900007,10.83397388700007,106.71085982100004,10.834363885000073
0,106.71031082100006,10.833357885000055,106.71088682000004,10.834075883000025
0,106.71127681600007,10.83321488100006,106.71154481700006,10.833573879000028
0,106.71090182300009,10.833577881000053,106.71136382100008,10.834149883000066
0,106.71145881800004,10.83351587900006,106.71198081600005,10.834124877000022
1,106.71070580600008,10.831056876000048,106.71227780000004,10.832788875000062
0,106.71186980000004,10.831073875000072,106.71227780000004,10.831580874000053
0,106.71071381300004,10.832064881000065,106.71109581000007,10.832458882000026
0,106.71070580600008,10.831056876000048,106.71194780700006,10.83217087600002
0,106.71076481400007,10.832501882000031,106.71117981200007,10.832687910000061
0,106.71099481100003,10.832349881000027,106.71127480900009,10.832507881000026
0,106.71071081400004,10.832538881000062,106.71168881200003,10.832730877000074
0,106.71178580900005,10.832157877000043,106.71226625700007,10.832788875000062
0,106.71144781200007,10.832376876000069,106.71199580900009,10.83266087800007
0,106.71122081200008,10.83210587800005,106.71182280700003,10.832524879000061
0,106.71185980500007,10.831413875000067,106.71218580200008,10.832195874000035
1,106.70945782300004,10.83108188400007,106.71135081400007,10.833559889000071
0,106.71055981500007,10.832480884000063,106.71077981300004,10.832801883000059
0,106.70965981200004,10.83108188400007,106.71110580600003,10.83228288500004
0,106.71025281900006,10.832806884000036,106.71057981600006,10.833285886000056
0,106.70957281700004,10.832038883000052,106.71085881200008,10.832780884000044
0,106.71053881800009,10.832652883000037,106.71135081400007,10.833467881000047
0,106.71090681200008,10.832098880000046,106.71125080800005,10.832869881000022
0,106.71023781600007,10.832883886000047,106.71051881600005,10.833548885000027
0,106.70945782300004,10.832769885000062,106.71030181600008,10.833559889000071
0,106.70955281800008,10.83269388900004,106.71059281600009,10.832950887000038
2,106.70971280500004,10.82840787200007,106.71488078300007,10.833484870000063
1,106.71306478100007,10.828410864000034,106.71369278200007,10.829026978000059
0,106.71309678400007,10.828672865000044,106.71329478400008,10.829026978000059
0,106.71314578300007,10.828567865000025,106.71336878300008,10.82894386700002
0,106.71306478100007,10.828410864000034,106.71357078000005,10.828648865000048
0,106.71333078200007,10.82860286500005,106.71355678000003,10.828771865000022
0,106.71332578200008,10.82876086400006,106.71354278200005,10.828952865000076
0,106.71350878200008,10.828781863000074,106.71369278200007,10.828978863000032
1,106.71352478200004,10.828409859000033,106.71485077600005,10.82916186400007
0,106.71366578300007,10.828793862000055,106.71408378100006,10.829158861000053
0,106.71439078000009,10.828463858000077,106.71472977700006,10.829032526000049
0,106.71371513200006,10.828441863000023,106.71409377800006,10.829121861000033
0,106.71357578500005,10.828789862000065,106.71373478200007,10.82916186400007
0,106.71352478200004,10.828476863000049,106.71380478100008,10.82876886300005
0,106.71440177800008,10.828409859000033,106.71485077600005,10.828968857000064
1,106.70971280500004,10.82878988400006,106.71065680000004,10.831021883000062
0,106.70971280500004,10.830222887000048,106.71065680000004,10.831021883000062
0,106.70994880200004,10.829965883000057,106.71061779700005,10.83029188300003
0,106.70973479900005,10.829645885000048,106.70995079600004,10.830237888000056
0,106.70995480100004,10.829667885000049,106.71055779600005,10.830207883000071
0,106.70977579700008,10.82878988400006,106.71063279200007,10.829706886000054
1,106.71185679400008,10.82840787200007,106.71315479600008,10.831341868000038
0,106.71249678400005,10.828470869000057,106.71286878300003,10.828785868000068
0,106.71275778900008,10.828664867000043,106.71312378500005,10.829564868000034
0,106.71188378700003,10.82840787200007,106.71251778600003,10.829041873000051
0,106.71246078600007,10.828725607000024,106.71282078500008,10.829403869000032
0,106.71185679400008,10.829700874000025,106.71272579100008,10.829992875000073
0,106.71209479300006,10.828935869000077,106.71262879200003,10.830183870000042
0,106.71263779200007,10.829559870000026,106.71289478700004,10.829826868000055
0,106.71258879200008,10.829491870000027,106.71275279100007,10.829992869000023
0,106.71191079900007,10.82983686800003,106.71315479600008,10.831341868000038
1,106.71284378500008,10.828410868000049,106.71314678200008,10.829164867000031
0,106.71298678600004,10.828660866000064,106.71312578200008,10.828853868000067
0,106.71289078600006,10.828866868000034,106.71313378500008,10.829086867000058
0,106.71284378500008,10.828904869000041,106.71312378400006,10.829164867000031
0,106.71296878200008,10.828499867000062,106.71314678200008,10.828673866000031
0,106.71285078300008,10.828410868000049,106.71301378300006,10.82882386700004
1,106.71256581200004,10.832693868000035,106.71390680800005,10.833484870000063
0,106.71285581200004,10.833037870000055,106.71307781000007,10.833484870000063
0,106.71303281100006,10.833063870000046,106.71389880800007,10.83335986800006
0,106.71256581200004,10.832981872000062,106.71291781100007,10.833431870000027
0,106.71318180900005,10.832693868000035,106.71390680800005,10.833128866000038
1,106.71052480400004,10.829332881000028,106.71206679600004,10.831221877000075
0,106.71101647500006,10.830646880000074,106.71173079900007,10.831221877000075
0,106.71065479900005,10.830196880000074,106.71094479900006,10.830379882000045
0,106.71060679900006,10.829998881000051,106.71073979900007,10.830319883000072
0,106.71131979700004,10.830076880000036,106.71206679600004,10.830694873000027
0,106.71065380100003,10.83036788100003,106.71095080000003,10.830609880000054
0,106.71057379900009,10.829332881000028,106.71206279000006,10.830047878000073
0,106.71097279700007,10.830035880000025,106.71131979700004,10.830618879000042
0,106.71124579900004,10.830354878000037,106.71143379600005,10.830631879000066
0,106.71052480400004,10.830633883000075,106.71114480000006,10.83114788000006
0,106.71172580000007,10.830715875000067,106.71200997300008,10.831080875000055
1,106.71061678800004,10.828423877000034,106.71211379100004,10.830203880000056
0,106.71091678900007,10.828587880000043,106.71123679100003,10.829261877000022
0,106.71151578800004,10.828644876000055,106.71210478700004,10.828997872000059
0,106.71121678600008,10.828423877000034,106.71152178900007,10.829288876000021
0,106.71105279500006,10.829349879000063,106.71205979100006,10.830131873000028
0,106.71151179100008,10.828839875000028,106.71211379100004,10.829347872000028
0,106.71069280100005,10.829694879000044,106.71126479700007,10.830203880000056
0,106.71061678800004,10.82857288300005,106.71093579400008,10.829231879000076
1,106.71282879200004,10.828918865000048,106.71488078300007,10.831575858000065
0,106.71423679600008,10.830787085000054,106.71483979200008,10.831575858000065
0,106.71454078600004,10.82938685800002,106.71488078300007,10.829869857000062
0,106.71295678900009,10.828918865000048,106.71372578300009,10.829495864000023
0,106.71435178500008,10.828938567000023,106.71486678000008,10.82945685900006
0,106.71370778700003,10.82899386300005,106.71449878100009,10.829519861000051
0,106.71282879200004,10.829209867000031,106.71313578800005,10.829972870000063
0,106.71291979200004,10.82951386600007,106.71403678500008,10.831218866000029
0,106.71434278400005,10.829494859000022,106.71462278500007,10.829778860000033
0,106.71426979200004,10.83036585900004,106.71469778900007,10.830743860000041
2,106.71095776300007,10.822230855000043,106.71555774500007,10.83115785900003
1,106.71204677100008,10.825828869000077,106.71332276500004,10.827366867000023
0,106.71264977400006,10.826693866000028,106.71295077400003,10.827366867000023
0,106.71207377600007,10.826756871000043,106.71249277300006,10.827146870000036
0,106.71230977600004,10.826643869000065,106.71273977200008,10.827056869000046
0,106.71287877200007,10.826220865000039,106.71328176700007,10.827270868000028
0,106.71292176900005,10.825903865000043,106.71332276500004,10.82624286400005
0,106.71259677100005,10.825831868000023,106.71297176500008,10.826511866000033
0,106.71242877100008,10.825828869000077,106.71263877000007,10.826151867000021
0,106.71204677100008,10.826188871000056,106.71257777000005,10.826437869000074
1,106.71206577700008,10.826877870000033,106.71413877000003,10.828419869000072
0,106.71231477900005,10.826913729000069,106.71413877000003,10.82834686600006
0,106.71254778300005,10.827759868000044,106.71278677900006,10.82833486800007
0,106.71278578100004,10.828085866000038,106.71299778000008,10.828376867000031
0,106.71206577700008,10.826877870000033,106.71272577400003,10.827544871000043
0,106.71215078300008,10.828173870000057,106.71282278100006,10.828365868000049
0,106.71227478200007,10.828281870000069,106.71305778100009,10.828419869000072
0,106.71272977800004,10.827260866000074,106.71324777900008,10.828303865000066
0,106.71327878000005,10.828075863000038,106.71358877900008,10.82840886300005
1,106.71439277600007,10.82744785400007,106.71555077000005,10.828476858000045
0,106.71506977500007,10.827836854000054,106.71551177200007,10.828269851000073
0,106.71487977300006,10.82744785400007,106.71517976900009,10.827976145000036
0,106.71466577400008,10.827693856000053,106.71492877300005,10.827958856000066
0,106.71440677800007,10.828274855000075,106.71514377600005,10.828476858000045
0,106.71439277600007,10.828195859000061,106.71481177600003,10.828395856000043
0,106.71440477600004,10.828175859000055,106.71483877400004,10.828370857000039
0,106.71441177500009,10.828097858000035,106.71485077500006,10.828312856000025
0,106.71458577700008,10.827990858000021,106.71506577300005,10.828252855000073
0,106.71443277400004,10.827575859000035,106.71462877300007,10.827901857000029
0,106.71515377100008,10.827575853000042,106.71555077000005,10.828010853000023
1,106.71230978500006,10.827691858000037,106.71491877400007,10.830211868000049
0,106.71460077700004,10.827691858000037,106.71491877400007,10.828107855000042
0,106.71387977700005,10.827913857000055,106.71462777400006,10.82813285800006
0,106.71397878100004,10.828039862000026,106.71453577500006,10.82928486000003
0,106.71334978100003,10.828178863000062,106.71411378000005,10.828816864000032
0,106.71297578200006,10.827956866000022,106.71334878000005,10.828579865000052
0,106.71245378600008,10.827887867000072,106.71292779100008,10.830211868000049
0,106.71230978500006,10.828341869000042,106.71297978100006,10.828527868000037
1,106.71424079300004,10.828425856000024,106.71552478600006,10.83115785900003
0,106.71430179100008,10.829668860000027,106.71502236300006,10.83041885800003
0,106.71473478100006,10.828425856000024,106.71522177500009,10.829310855000074
0,106.71482878900008,10.830035856000052,106.71552478600006,10.830827853000073
0,106.71434078600004,10.829366858000071,106.71503507800008,10.82976285500007
0,106.71424079300004,10.830419860000063,106.71514982000008,10.83115785900003
1,106.71095776300007,10.822578861000068,106.71555774500007,10.826407490000065
0,106.71095776300007,10.823174867000034,106.71365514300004,10.82526484400006
0,106.71460075400006,10.824146854000048,106.71533076000009,10.825946939000062
0,106.71407975300008,10.82415585700005,106.71428675300007,10.824795857000026
0,106.71416275700005,10.82427285600005,106.71476275300006,10.824784858000044
0,106.71317697500007,10.824320861000047,106.71390361300007,10.826407490000065
0,106.71428375400006,10.824124854000047,106.71481775100006,10.824404854000022
0,106.71484674600003,10.823058852000031,106.71555774500007,10.823693665000064
0,106.71253775100007,10.822578861000068,106.71354775300006,10.824252865000062
1,106.71382274300004,10.822230855000043,106.71468974900006,10.824150857000063
0,106.71406975000008,10.823279169000045,106.71448874800006,10.823839857000053
0,106.71429475200006,10.82360585500004,106.71459275100005,10.824148857000068
0,106.71408174900006,10.82386785500006,106.71468974900006,10.824150857000063
0,106.71450074600006,10.82326785400005,106.71467674800004,10.823540854000044
0,106.71425574700004,10.823157855000034,106.71466474500005,10.823509856000044
0,106.71432874200008,10.822464854000032,106.71467874400008,10.82291828600006
0,106.71382274300004,10.822230855000043,106.71434174600006,10.823647856000036
3,106.72472329800007,10.826669760000073,106.73345273600006,10.835311796000042
2,106.72476278300007,10.831928772000026,106.73014076700008,10.835311796000042
1,106.72483877600007,10.831958796000038,106.72620677200007,10.833516795000037
0,106.72541777200007,10.832553793000045,106.72620677200007,10.833516795000037
0,106.72483877600007,10.832661797000071,106.72543477400006,10.83350973100005
0,106.72532277300007,10.832672795000065,106.72567477200005,10.832967796000048
0,106.72514677100008,10.832209797000075,106.72592677100005,10.832807798000033
0,106.72486777300008,10.831958796000038,106.72541276800007,10.832566799000062
1,106.72476278300007,10.83349079800007,106.72543958500006,10.835158799000055
0,106.72478677900006,10.83349079800007,106.72537077900006,10.833904799000038
0,106.72476278300007,10.833702800000026,106.72522878100006,10.834203801000058
0,106.72503678200007,10.834039798000049,106.72543958500006,10.834465800000032
0,106.72477756300009,10.834144800000047,106.72511378500008,10.834575800000039
0,106.72486778400008,10.834511801000076,106.72523578500005,10.834854801000063
0,106.72508879000009,10.834773799000061,106.72535378800006,10.835158799000055
0,106.72499678800006,10.834813799000074,106.72516078700005,10.835000800000046
1,106.72520478500007,10.833314233000067,106.72840977500005,10.835311796000042
0,106.72615377500006,10.833314233000067,106.72763977300008,10.834390789000054
0,106.72784784300006,10.834829782000043,106.72815878000006,10.835306784000068
0,106.72552777900006,10.833891512000037,106.72733777700006,10.835311796000042
0,106.72520478500007,10.834510797000064,106.72574578600006,10.83515079800003
0,106.72733977600006,10.833943784000041,106.72805177700008,10.834860786000036
0,106.72656578500005,10.834330790000024,106.72762477900005,10.835222786000031
0,106.72732377700004,10.834144784000046,106.72840977500005,10.83498078100007
1,106.72521578300007,10.833005796000066,106.72625177400005,10.83477879700007
0,106.72524077900005,10.833452797000064,106.72553277600008,10.833635798000046
0,106.72560878000007,10.83341779500006,106.72606677600004,10.833834255000056
0,106.72521578300007,10.834367796000038,106.72608378100006,10.83477879700007
0,106.72529278000007,10.83360579400005,106.72582359000006,10.834234645000038
0,106.72527377500006,10.833005796000066,106.72580877700005,10.833761795000044
0,106.72550977800006,10.833576797000035,106.72588055200004,10.83394279600003
0,106.72596577700006,10.833236791000047,106.72625177400005,10.833651792000069
1,106.72790178100007,10.833321779000073,106.72903877700008,10.835303778000025
0,106.72856077900008,10.835053779000077,106.72899977900005,10.835303778000025
0,106.72847577800007,10.834856779000063,106.72903877700008,10.835168779000071
0,106.72808878300003,10.835133781000025,106.72847578100004,10.835283781000044
0,106.72790178100007,10.834363782000025,106.72861077500005,10.835086783000065
0,106.72793377900007,10.835067783000056,106.72827178000006,10.835275783000043
0,106.72803177900005,10.834915782000053,106.72832477900005,10.835128782000027
0,106.72830916800007,10.833321779000073,106.72857776800004,10.835097779000023
1,106.72861876000007,10.831928772000026,106.72955475700007,10.833329775000038
0,106.72861876000007,10.83196177700006,106.72896976200008,10.832695776000037
0,106.72921275800007,10.831928772000026,106.72955475700007,10.832339846000025
0,106.72892576100008,10.832107774000065,106.72939976000004,10.832466775000057
0,106.72886176300005,10.832402774000059,106.72946600100005,10.833329775000038
1,106.72853702900005,10.83221577200004,106.73014076700008,10.834284774000025
0,106.72927875900007,10.83221577200004,106.72997975900006,10.833442774000048
0,106.72899713100009,10.833416772000021,106.73014076700008,10.834284774000025
0,106.72899276800007,10.833256773000073,106.72951276500004,10.833507775000044
0,106.72880777200004,10.833542776000058,106.72909137300007,10.833894774000044
0,106.72878450400003,10.83301377600003,106.72905576600004,10.833949216000065
0,106.72853702900005,10.832909780000023,106.72893076600008,10.833725239000046
0,106.72857976300008,10.832279774000028,106.72926976000008,10.832794776000071
1,106.72756904800008,10.831949781000048,106.72910076000005,10.833020361000024
0,106.72853376600006,10.832492776000038,106.72898776200009,10.833020361000024
0,106.72881176100009,10.832231776000071,106.72910076000005,10.832724775000031
0,106.72845576400005,10.832345777000057,106.72884343500004,10.832928779000042
0,106.72822376200008,10.832155779000061,106.72854176300007,10.832849778000025
0,106.72789676700006,10.83236678000003,106.72839976400007,10.832885781000073
0,106.72772076700005,10.832564782000077,106.72806276600005,10.83302008100003
0,106.72756904800008,10.831949781000048,106.72811376200008,10.832927475000076
1,106.72539777700007,10.832680792000076,106.72914176600005,10.833582015000047
0,106.72611377300007,10.832900792000032,106.72669277100005,10.833447790000037
0,106.72593377200008,10.832680792000076,106.72843776700006,10.833076793000032
0,106.72539777700007,10.833202792000066,106.72914176600005,10.833534794000059
0,106.72783999800004,10.832781780000062,106.72848276700006,10.833397063000064
0,106.72819976800008,10.832860780000033,106.72871982200007,10.833341780000069
0,106.72861076500004,10.83281377700007,106.72902376800005,10.833363778000034
0,106.72835676800008,10.833139778000032,106.72875976800009,10.833582015000047
2,106.72832074800004,10.826669760000073,106.73345273600006,10.833329766000077
1,106.73008373900007,10.829057763000037,106.73080174300009,10.83063476700005
0,106.73011274500004,10.829947765000043,106.73055074300004,10.83063476700005
0,106.73008974000004,10.829668765000065,106.73055574100005,10.829947765000043
0,106.73008373900007,10.829262765000067,106.73048173800004,10.82971576600005
0,106.73040174300007,10.830088765000028,106.73080174300009,10.830409764000024
0,106.73040774300006,10.829857764000053,106.73069974200007,10.830178765000028
0,106.73050973900007,10.829500765000034,106.73080173900007,10.829851763000022
0,106.73039773800008,10.829057763000037,106.73078473500004,10.82957376500002
1,106.73122773800009,10.828173757000059,106.73265944100007,10.830490422000025
0,106.73147574200004,10.829882758000053,106.73190974000005,10.830490422000025
0,106.73183473300008,10.829002755000033,106.73265944100007,10.829595957000038
0,106.73124673700005,10.829521758000055,106.73165973800008,10.829967757000077
0,106.73162058300005,10.829101756000057,106.73212573500007,10.829810758000065
0,106.73122773800009,10.829139138000073,106.73174601300008,10.829577758000028
0,106.73123273200008,10.828617760000043,106.73218973200005,10.829273766000028
0,106.73138273000006,10.828173757000059,106.73236434700004,10.829065754000055
1,106.73053773100008,10.827713760000051,106.73215785400004,10.828591761000041
0,106.73104172800004,10.827713760000051,106.73147872700008,10.828226759000074
0,106.73082272900007,10.828085760000022,106.73130272800006,10.828445761000069
0,106.73053773100008,10.828177762000053,106.73107073200003,10.828591761000041
0,106.73172595500006,10.827884959000073,106.73215785400004,10.828376755000022
1,106.72832074800004,10.828477775000067,106.72911274600006,10.83132877600002
0,106.72832974200008,10.829045776000044,106.72876374500004,10.829934776000073
0,106.72835974900005,10.829927774000055,106.72910574800005,10.830554776000042
0,106.72853475400007,10.83091577600004,106.72895775300009,10.83132877600002
0,106.72866274700004,10.82972677500004,106.72911274600006,10.830025775000024
0,106.72832074800004,10.829888775000029,106.72861557500005,10.83085177700002
0,106.72863674500007,10.82909677300006,106.72905374200008,10.829924774000062
0,106.72859574200004,10.828477775000067,106.72898874000003,10.829089775000057
1,106.72870972700008,10.826856772000042,106.72983574500006,10.832335774000057
0,106.72870972700008,10.826856772000042,106.72952873700007,10.828961771000024
0,106.72898574700008,10.829881773000068,106.72946174700007,10.83046377200003
0,106.72896474200007,10.82910077200006,106.72928674200006,10.82964477400003
0,106.72924774200004,10.828950769000073,106.72958073900008,10.829909771000075
0,106.72936374200003,10.829124770000021,106.72976274100006,10.829700771000034
0,106.72951274600007,10.829898770000057,106.72983574500006,10.830402770000035
0,106.72900875500005,10.83070777000006,106.72982275000004,10.831873771000062
0,106.72936975700009,10.831865771000025,106.72967875600006,10.832090773000061
0,106.72896475900006,10.831868773000053,106.72969175700007,10.832335774000057
1,106.73026975400006,10.829644761000054,106.73172275500008,10.833329766000077
0,106.73073773900006,10.829644761000054,106.73169473800004,10.830219759000045
0,106.73076674500004,10.830078846000049,106.73162374300006,10.831258762000061
0,106.73048774400007,10.829820761000065,106.73097874100006,10.831691764000027
0,106.73026975400006,10.831318765000049,106.73081375600009,10.832714766000038
0,106.73079075000004,10.83093576300007,106.73148074800008,10.831891764000034
0,106.73048675900009,10.832563764000042,106.73086175600008,10.832932766000056
0,106.73042507300005,10.832896223000034,106.73084575900003,10.833329766000077
0,106.73072175500005,10.831977554000048,106.73172275500008,10.832948759000033
0,106.73070275800006,10.832565762000058,106.73145782800009,10.83329340000006
1,106.72974075200005,10.829811767000024,106.73082374700004,10.83157576900004
0,106.72976274500007,10.829982767000047,106.73023974200004,10.830470768000055
0,106.72985774400007,10.829811767000024,106.73040774300006,10.830038767000076
0,106.73016274900004,10.830687767000029,106.73082374700004,10.831438763000051
0,106.72974075200005,10.830887767000036,106.73027174700007,10.83157576900004
1,106.72966672700005,10.826757766000071,106.73082273300008,10.83020877100006
0,106.73018173300005,10.827946763000057,106.73053773100008,10.828434765000054
0,106.72999773500004,10.828347766000036,106.73066173300003,10.829104766000057
0,106.73042573000004,10.827458763000038,106.73082273300008,10.82853076300006
0,106.72983973800007,10.828951766000046,106.73029873800004,10.82975976800003
0,106.72968974600008,10.829757768000036,106.73011574300006,10.83020877100006
0,106.72966672700005,10.826757766000071,106.73067021300005,10.828407767000044
1,106.73053774000005,10.826669760000073,106.73314673300007,10.829897764000066
0,106.73079973700004,10.828800762000071,106.73107073400007,10.829081762000044
0,106.73053774000005,10.829035762000046,106.73102263000004,10.829897764000066
0,106.73056073100008,10.827474593000034,106.73146529100006,10.828099764000058
0,106.73078272600009,10.826981760000024,106.73133972400007,10.82765076100003
0,106.73055861600005,10.826669760000073,106.73314673300007,10.829680750000023
0,106.73064372300007,10.826764617000038,106.73106272300004,10.827586761000077
0,106.73098973700007,10.828504758000065,106.73141973200006,10.829141762000063
0,106.73054173300005,10.828457762000028,106.73090773400008,10.828794763000076
0,106.73089761300008,10.82900776200006,106.73135173600008,10.829788406000034
1,106.73174774000006,10.829449890000035,106.73345273600006,10.831021753000073
0,106.73177773700007,10.829692756000043,106.73209473600008,10.830016758000056
0,106.73174774000006,10.829820753000035,106.73239373900009,10.830557757000065
0,106.73198673800005,10.82965675500003,106.73256473600009,10.830323753000073
0,106.73216873900009,10.829449890000035,106.73345273600006,10.831021753000073
2,106.72753673200003,10.826766894000059,106.73018674000008,10.832325777000051
1,106.72795275900006,10.83130277400005,106.72927275900008,10.832325777000051
0,106.72888075800006,10.831585774000075,106.72927275900008,10.83195177600004
0,106.72873675500006,10.83130277400005,106.72910075600004,10.831781774000035
0,106.72840976000003,10.831828775000076,106.72883975800005,10.832325777000051
0,106.72810976000005,10.831834779000076,106.72848676100006,10.832246779000059
0,106.72837675800008,10.831544777000033,106.72875275800004,10.831846778000056
0,106.72829175700008,10.831431777000034,106.72863775500008,10.831676777000041
0,106.72795275900006,10.83147678000006,106.72834376000009,10.831906781000043
1,106.72762875000006,10.829587777000029,106.72915274600007,10.830697782000072
0,106.72791274900004,10.829884777000075,106.72915274600007,10.83018577300004
0,106.72833274700008,10.829625775000068,106.72879174400003,10.829985777000047
0,106.72807774800003,10.829587777000029,106.72845974600006,10.82998077800005
0,106.72762875000006,10.829609781000045,106.72800175000003,10.830136781000022
0,106.72786375100009,10.829995779000058,106.72831274900005,10.830343779000032
0,106.72797975200007,10.83024277900006,106.72854675000008,10.830691779000063
0,106.72763875500004,10.830251780000026,106.72800975200005,10.830697782000072
1,106.72824674300006,10.827540769000052,106.73018674000008,10.831280769000045
0,106.72959466400005,10.827736767000033,106.73015573300006,10.828735767000069
0,106.72952275000006,10.830312769000045,106.73008974700008,10.831280769000045
0,106.72925574700008,10.830240771000035,106.72967774800009,10.830796773000031
0,106.72864575300008,10.829151772000046,106.72932574400005,10.831103775000031
0,106.72824674300006,10.828583777000063,106.72868574200004,10.829424776000053
0,106.72979973900004,10.829057767000052,106.73018674000008,10.829867768000042
0,106.72937673900009,10.828409769000075,106.72991873900008,10.830117769000026
0,106.72890273700006,10.827540769000052,106.72961573600008,10.82890277100006
1,106.72753673200003,10.826766894000059,106.72978072600006,10.829702780000048
0,106.72882773200007,10.82680877000007,106.72978072600006,10.827888772000051
0,106.72753673200003,10.826766894000059,106.72903728100005,10.82758377700003
0,106.72830374100005,10.82756977200006,106.72928373600007,10.829000775000054
0,106.72884774200008,10.828900771000065,106.72910274000009,10.829393774000039
0,106.72781174500005,10.828956781000045,106.72855374300008,10.829327779000039
0,106.72760974300007,10.828427778000048,106.72799174600004,10.829519780000055
0,106.72762274700005,10.829442778000043,106.72887974400004,10.829702780000048
0,106.72789774600005,10.829205778000073,106.72834074400004,10.829565778000074
0,106.72784495600007,10.828010776000042,106.72829574200006,10.829048779000061
0,106.72762773600004,10.826878743000066,106.72821873600009,10.82817677600002
2,106.72472329800007,10.826972781000052,106.73052774100006,10.832740775000048
1,106.72473977200008,10.831235787000026,106.72727976200008,10.83247179700004
0,106.72473977200008,10.831819797000037,106.72669530300004,10.83247179700004
0,106.72610947900006,10.831259067000076,106.72683676100007,10.831769790000067
0,106.72627651200008,10.83156778700004,106.72712476000004,10.831805313000075
0,106.72683876100007,10.831235787000026,106.72724476100007,10.831663788000071
0,106.72634748300004,10.831534301000033,106.72703176500005,10.832049789000052
0,106.72676576200007,10.831288787000062,106.72727976200008,10.831873785000028
1,106.72636374600006,10.826972781000052,106.72761173300006,10.829591784000058
0,106.72671636200005,10.826972781000052,106.72761173300006,10.827892785000074
0,106.72717374500007,10.827809782000031,106.72757374100007,10.828787783000053
0,106.72653174100009,10.827636784000049,106.72696673900003,10.828662785000063
0,106.72636374600006,10.828235788000029,106.72713274300008,10.829053786000031
0,106.72689073900005,10.827759783000033,106.72742774100004,10.828587784000035
0,106.72701074800005,10.829162781000036,106.72749174600006,10.829591784000058
1,106.72561574500008,10.827001780000046,106.73052774100006,10.829901765000045
0,106.72896773100007,10.82701877200003,106.73049687400004,10.827691768000022
0,106.72706073700004,10.827001780000046,106.72785374000006,10.828845783000077
0,106.72561574500008,10.827320789000055,106.72663363800007,10.828606792000073
0,106.72655874700007,10.827446485000053,106.72742874400006,10.829713783000045
0,106.72775674600007,10.82837677200007,106.72931773700009,10.829212779000045
0,106.72919774300004,10.828555764000043,106.73052774100006,10.829901765000045
1,106.72472329800007,10.828138790000025,106.72722075100006,10.83081979700006
0,106.72587974400005,10.828138790000025,106.72661674400007,10.828768791000073
0,106.72472329800007,10.829991797000048,106.72564375800005,10.83081979700006
0,106.72533275600006,10.829509794000046,106.72589875400007,10.830161793000059
0,106.72545075800008,10.830042792000029,106.72605575500006,10.830550793000043
0,106.72640575000008,10.82892178700007,106.72710374900004,10.829667785000026
0,106.72560574900007,10.828730792000044,106.72653769300007,10.83026379200004
0,106.72660675400004,10.82954578600004,106.72722075100006,10.830228789000046
0,106.72576375800008,10.830064789000062,106.72719075300006,10.830653793000067
1,106.72515418600005,10.830306783000026,106.72776575300009,10.83160997400006
0,106.72567975900006,10.83050679300004,106.72600876000007,10.830927793000058
0,106.72515418600005,10.83049079400007,106.72620776100007,10.831445460000054
0,106.72590903700006,10.830978789000028,106.72657692000007,10.83160997400006
0,106.72634675600005,10.83043090800004,106.72693975600004,10.830778790000068
0,106.72642675900005,10.83059578700005,106.72748675700007,10.831351787000074
0,106.72673975400005,10.830306783000026,106.72776575300009,10.830778786000053
0,106.72619975800006,10.83071478900007,106.72645575800004,10.83105179100005
0,106.72596630400005,10.830635611000048,106.72634476100006,10.831114791000061
0,106.72585975800007,10.830318792000071,106.72624102100008,10.830808250000075
1,106.72713475800003,10.83024677800006,106.72887675500004,10.831902778000028
0,106.72731575300008,10.830299782000054,106.72772675400006,10.830949782000062
0,106.72714526900006,10.830761357000029,106.72778375500008,10.831143783000073
0,106.72713475800003,10.831052784000065,106.72765076000007,10.831371785000044
0,106.72740075600007,10.830996781000067,106.72845875800004,10.831506779000051
0,106.72837775600004,10.831170777000068,106.72887675500004,10.831902778000028
0,106.72780475300004,10.83024677800006,106.72850675100005,10.83085378000004
1,106.72666976700003,10.831270783000036,106.72831476100004,10.832554784000024
0,106.72726476100007,10.831270783000036,106.72776075900003,10.831593784000063
0,106.72778676200005,10.831720779000023,106.72831476100004,10.832051781000075
0,106.72738376000007,10.831484782000075,106.72796475900009,10.83239578100006
0,106.72736376500006,10.832201784000063,106.72774476400008,10.832554784000024
0,106.72698176200004,10.831438785000046,106.72753476300005,10.832058786000061
0,106.72691750300004,10.832050784000046,106.72753376300005,10.832509511000069
0,106.72666976700003,10.831834786000059,106.72746076300007,10.83225907600007
1,106.72711174800008,10.82918378200003,106.73016474500008,10.832740775000048
0,106.72711174800008,10.829277783000066,106.72745374700008,10.829675783000027
0,106.72749275200005,10.830079782000041,106.72777475100008,10.830349782000042
0,106.72722058600004,10.830148783000027,106.72760975200003,10.832671382000058
0,106.72738174700004,10.82949078200005,106.72774674500005,10.829954781000026
0,106.72711875100003,10.829709783000055,106.72747574800007,10.830223821000061
0,106.72735374600006,10.82918378200003,106.72761574600008,10.829521782000029
0,106.72737475000008,10.82983278100005,106.72804074800007,10.830187781000063
0,106.72919874800004,10.830371767000031,106.73016474500008,10.831422770000074
0,106.72862276000006,10.831246774000022,106.72916275800009,10.832740775000048
0,106.72825474500007,10.829302772000062,106.72937474100007,10.829783778000035
3,106.71022577300005,10.821438823000051,106.73068672000005,10.827171473000021
2,106.71022577300005,10.824456797000039,106.72808072900006,10.827151791000063
1,106.71065277800005,10.826214866000043,106.71330177100003,10.827126872000065
0,106.71065277800005,10.826447879000057,106.71102577600004,10.826797878000036
0,106.71116877500003,10.82637687600004,106.71145877400005,10.826744875000031
0,106.71147277400007,10.826398873000073,106.71236377300005,10.826764870000034
0,106.71138577700003,10.826596876000053,106.71220777300005,10.827126872000065
0,106.71286377000007,10.826214866000043,106.71320276800009,10.826571865000062
0,106.71224677400005,10.82667686700006,106.71270477400009,10.82695086800004
0,106.71269077600004,10.826761866000027,106.71330177100003,10.82708986800003
1,106.72402874300008,10.826232790000063,106.72664673300005,10.827151791000063
0,106.72587473300007,10.826292787000057,106.72657073100004,10.826480786000047
0,106.72556173900006,10.826628791000076,106.72621773500003,10.826985788000059
0,106.72590473500009,10.826779790000046,106.72616473500005,10.827083790000074
0,106.72503473900008,10.826895792000073,106.72585973700006,10.827151791000063
0,106.72611573700004,10.82660678700006,106.72664673300005,10.826986787000067
0,106.72577373500008,10.826328789000058,106.72626273300006,10.826803790000042
0,106.72537373600005,10.826232790000063,106.72589773200008,10.826624791000029
0,106.72567973900004,10.826734790000046,106.72601073700008,10.82706679000006
0,106.72402874300008,10.826238800000056,106.72571973400005,10.826970799000037
1,106.71102876400005,10.824456797000039,106.72740272500005,10.825958867000054
0,106.71256776700005,10.825793850000025,106.71849475100004,10.825958867000054
0,106.72339065900007,10.825617801000021,106.72740272500005,10.825924780000037
0,106.71827775000008,10.824502807000044,106.72391672900005,10.825585835000027
0,106.71102876400005,10.824522810000076,106.72421572500008,10.824668810000048
0,106.72308173100004,10.824456797000039,106.72471172400009,10.824723796000058
1,106.72623973300006,10.825678782000068,106.72808072900006,10.827120781000076
0,106.72623973300006,10.826396787000022,106.72671573100007,10.826735787000075
0,106.72650473500005,10.826549783000075,106.72726473300008,10.827075789000048
0,106.72753772800007,10.825873780000052,106.72803872600008,10.826283778000061
0,106.72698173300006,10.826605783000048,106.72732473400004,10.826909783000076
0,106.72671926400005,10.826204070000074,106.72740373000005,10.826729784000065
0,106.72734173300006,10.826231779000068,106.72808072900006,10.827120781000076
0,106.72642773200005,10.825845782000044,106.72759372800004,10.826478784000074
0,106.72722673500004,10.825834779000047,106.72761573100007,10.827055782000059
0,106.72712572700004,10.825678782000068,106.72776272400006,10.825982779000071
1,106.71022577300005,10.825462879000042,106.71165077100005,10.826684875000069
0,106.71022577800005,10.826371876000053,106.71119677400009,10.826652882000076
0,106.71142477200004,10.826045875000034,106.71162677100006,10.826684875000069
0,106.71028477400006,10.825832880000064,106.71165077100005,10.82609687300004
0,106.71022577300005,10.825462879000042,106.71054477200005,10.825858881000045
2,106.71440074500003,10.822810847000028,106.71763275300003,10.826445214000046
1,106.71440074500003,10.822845853000047,106.71514274900005,10.824192852000067
0,106.71449874700005,10.823187854000025,106.71489074300007,10.823384855000029
0,106.71452174800004,10.823481853000033,106.71480374800007,10.823876852000069
0,106.71443775200004,10.82387185500005,106.71475274900007,10.824027857000033
0,106.71477974800007,10.823256851000053,106.71503674500008,10.823684853000032
0,106.71440074500003,10.822845853000047,106.71510674200005,10.82316585500007
0,106.71440874600006,10.823370855000064,106.71481474400008,10.82348885500005
0,106.71472774900008,10.823615054000072,106.71503423700005,10.823990855000034
0,106.71460875300005,10.824007855000048,106.71486975000005,10.82414985500003
0,106.71467475100008,10.823963854000056,106.71514274900005,10.824192852000067
1,106.71440852200004,10.824767854000072,106.71591064800003,10.825844851000056
0,106.71465533000008,10.825572028000067,106.71524775800003,10.82583369300005
0,106.71467175700008,10.824767854000072,106.71487075500005,10.825404854000055
0,106.71513275600006,10.824974852000025,106.71558375400008,10.825210851000065
0,106.71539075600003,10.825364096000044,106.71591064800003,10.825588848000052
0,106.71541275800007,10.825626851000038,106.71562375700006,10.825774851000062
0,106.71474975800004,10.825109853000072,106.71543375500005,10.825476851000076
0,106.71509075900008,10.825452853000058,106.71538975800007,10.825844851000056
0,106.71440852200004,10.825242854000066,106.71508175800005,10.825480801000026
1,106.71465475200006,10.82364670800007,106.71595774800005,10.825030852000054
0,106.71508975300009,10.824200851000057,106.71540375000006,10.824674849000075
0,106.71489875400005,10.824702850000051,106.71544075400004,10.825030852000054
0,106.71465475200006,10.82391560900004,106.71541074800007,10.824241850000021
0,106.71494474900004,10.82364670800007,106.71560374700005,10.823944851000022
0,106.71519075000003,10.823908851000056,106.71595774800005,10.82426584700005
1,106.71532176000005,10.824264850000077,106.71610674900006,10.826024736000022
0,106.71553875700005,10.82519085000007,106.71585575400007,10.825458849000029
0,106.71532176000005,10.82577585000007,106.71560376100007,10.825974857000062
0,106.71535875900008,10.825448850000043,106.71550175600004,10.825780851000047
0,106.71560475000007,10.82426984700004,106.71610674900006,10.824434849000056
0,106.71541075700009,10.82471485000002,106.71560875900008,10.826024736000022
0,106.71532275500005,10.824719850000065,106.71593975400003,10.825256850000073
0,106.71536675100003,10.824264850000077,106.71566175100008,10.824682849000055
1,106.71535874500006,10.822810847000028,106.71658474100008,10.824335846000054
0,106.71603074200004,10.82300809000003,106.71626774100008,10.823367844000074
0,106.71545474300007,10.822993308000036,106.71579274200008,10.823337848000051
0,106.71604195800006,10.82282484600006,106.71647073800006,10.82298101300006
0,106.71603274300008,10.823384845000021,106.71658474100008,10.823960845000045
0,106.71571774900008,10.824005847000024,106.71626974800006,10.824335846000054
0,106.71620574200006,10.822847843000034,106.71657773800007,10.823376842000073
0,106.71588974200006,10.82318084600007,106.71612174100005,10.82350084500007
0,106.71577574100007,10.822810847000028,106.71605074100006,10.823500325000055
0,106.71544774700004,10.823304849000067,106.71565522900005,10.823691850000046
0,106.71535874500006,10.82311284800005,106.71558774200008,10.823332850000043
1,106.71549675800009,10.824256846000026,106.71763275300003,10.826445214000046
0,106.71732374800007,10.824483839000038,106.71762775400003,10.825855838000052
0,106.71560286400006,10.824256846000026,106.71725074600005,10.826310683000031
0,106.71557875900004,10.825456849000034,106.71579275900007,10.825957850000066
0,106.71549675800009,10.825549843000033,106.71763275300003,10.825737849000063
0,106.71689368800008,10.825264841000035,106.71740963300005,10.826445214000046
1,106.71613874600007,10.822882839000044,106.71752574200008,10.82533483900005
0,106.71687874700007,10.823309839000046,106.71728273800005,10.824332840000068
0,106.71613874600007,10.823647845000039,106.71656574400004,10.824068844000067
0,106.71624574700007,10.823949059000029,106.71752574200008,10.824276841000028
0,106.71654174200006,10.822882839000044,106.71737773700005,10.823618838000073
0,106.71695975100005,10.824473010000077,106.71746574700006,10.82533483900005
2,106.71564275500003,10.82157681800004,106.72224371800007,10.826450815000044
1,106.71858773300005,10.82157681800004,106.72224371800007,10.823729810000032
0,106.71946724300005,10.823157822000042,106.72027672900003,10.823470825000072
0,106.72045472500008,10.82157681800004,106.72224371800007,10.822760815000038
0,106.71955072800006,10.822625825000046,106.72126472300005,10.82309981800006
0,106.71858773300005,10.822649845000058,106.71980672900008,10.82312482900005
0,106.72075872800008,10.822845818000076,106.72222672500004,10.823729810000032
1,106.71706074400004,10.823266825000076,106.72038300400004,10.824571822000053
0,106.71866574100005,10.823917631000029,106.71928621800004,10.824570831000074
0,106.71731674500006,10.82419083800005,106.71835974200008,10.824532833000035
0,106.72003473800004,10.824207821000073,106.72024873600009,10.824571822000053
0,106.71930674000004,10.824020825000048,106.72017173500006,10.824495824000053
0,106.71978373900004,10.82396482400003,106.72007773400009,10.824416824000025
0,106.71706074400004,10.823332831000073,106.71933373600007,10.823964841000077
0,106.71945673500005,10.823266825000076,106.71988073200004,10.823654824000073
0,106.71957309700008,10.82330782200006,106.72038300400004,10.823898016000044
1,106.71564275500003,10.824345827000059,106.72041073900004,10.825108834000048
0,106.71803638700004,10.824372921000077,106.71956973900006,10.824733754000022
0,106.71923974300006,10.824847823000027,106.72041073900004,10.82503782200007
0,106.71925454900008,10.824345827000059,106.71998173900005,10.824927825000032
0,106.71564275500003,10.82490985000004,106.71832774700005,10.825108834000048
1,106.71827774800005,10.823662185000046,106.72223332400006,10.826450815000044
0,106.72161673100004,10.823733694000055,106.72220167800003,10.82394200300007
0,106.72146774600009,10.824776812000039,106.72223332400006,10.826450815000044
0,106.72107573200009,10.82367374100005,106.72164350500009,10.824019816000032
0,106.72049373700008,10.82433782000004,106.72103973600008,10.824553090000052
0,106.71827774800005,10.824588832000074,106.72061936000006,10.82595482000005
0,106.72029353500005,10.823662185000046,106.72108773200006,10.823950815000046
0,106.72084873500006,10.824147818000029,106.72138973400007,10.824581815000045
0,106.72047873800005,10.824763817000076,106.72132273600005,10.824887818000036
0,106.72124673300004,10.824048813000047,106.72212673200005,10.824683814000025
0,106.72094674000004,10.82490081700007,106.72151774000008,10.825563818000035
2,106.71413475400004,10.821438823000051,106.72057571800008,10.825989826000068
1,106.71842172900006,10.821438823000051,106.72057571800008,10.822791829000039
0,106.71961572400005,10.82192682300007,106.72035772100008,10.822135007000043
0,106.71993872900003,10.82237882100003,106.72025572600006,10.822652822000066
0,106.71957772500008,10.822354823000069,106.71985672500006,10.82249082100003
0,106.71960537800004,10.821962822000046,106.72025365000007,10.822263280000072
0,106.72023989100006,10.821873819000075,106.72052572100006,10.822698883000044
0,106.71950972300004,10.821438823000051,106.72057571800008,10.82188381900005
0,106.71875172800009,10.821795829000052,106.71950172600003,10.822671868000043
0,106.71842172900006,10.821871828000042,106.71894472700006,10.822791829000039
1,106.71697874800009,10.821441829000037,106.71972472500005,10.825989826000068
0,106.71790656400009,10.822239831000047,106.71856673000008,10.822762843000021
0,106.71751772900006,10.821960299000068,106.71817972800005,10.822233833000041
0,106.71855673300007,10.823086829000033,106.71963573100004,10.823367827000027
0,106.71746772800009,10.821441829000037,106.71952172000005,10.822413831000063
0,106.71903672700006,10.82165582600004,106.71972472500005,10.82292482400004
0,106.71816374500008,10.824497829000052,106.71899174200007,10.824719834000064
0,106.71896774300006,10.824501830000031,106.71959074500006,10.825989826000068
0,106.71697874800009,10.821552836000023,106.71803174300004,10.825442837000026
1,106.71413475400004,10.824209845000041,106.71806874200007,10.82591485200004
0,106.71731474600006,10.824341839000056,106.71804985500006,10.824505061000025
0,106.71758074600007,10.824320837000073,106.71783574300008,10.82464883800003
0,106.71512375100008,10.824255851000032,106.71576474900007,10.82468484900005
0,106.71508630400007,10.825126848000025,106.71599375400007,10.82591485200004
0,106.71420875600006,10.824774854000054,106.71511975300007,10.825640852000049
0,106.71765374500006,10.824541834000058,106.71806874200007,10.82502383600007
0,106.71587174900009,10.824209845000041,106.71631974800005,10.824415844000043
0,106.71413475400004,10.82437585300005,106.71725074600005,10.824732853000057
1,106.71674674700006,10.822533831000044,106.71883173400005,10.824369839000042
0,106.71793174200008,10.823827834000042,106.71881658800004,10.824229831000025
0,106.71674674700006,10.823618838000073,106.71725574500005,10.824369839000042
0,106.71695673900007,10.822542836000025,106.71780873200004,10.823187835000056
0,106.71732474400005,10.823682838000025,106.71789373900003,10.824334838000027
0,106.71791112800008,10.824093832000074,106.71867613700005,10.824335463000068
0,106.71789573700005,10.823304833000066,106.71848973500005,10.82380683100007
0,106.71767873600004,10.822809833000065,106.71883173400005,10.82338082900003
0,106.71807373400009,10.822533831000044,106.71862273100004,10.82280183000006
1,106.71569737100003,10.82279384800006,106.71790573700008,10.824367847000076
0,106.71690174200006,10.823607840000022,106.71787774200004,10.824088836000044
0,106.71651473900005,10.822851834000062,106.71788473500004,10.823161841000058
0,106.71575674500008,10.823169837000023,106.71790573700008,10.823604846000023
0,106.71645674200005,10.82314283900007,106.71729673800007,10.823754842000028
0,106.71569737100003,10.82279384800006,106.71630673800007,10.824367847000076
1,106.71524574900008,10.823151843000062,106.71665174000009,10.82431484500006
0,106.71587474900008,10.824035844000036,106.71636974500007,10.82431484500006
0,106.71555774700005,10.823595515000022,106.71573074300005,10.823932848000027
0,106.71524574900008,10.82337484900006,106.71558874500005,10.82391584800007
0,106.71548574300004,10.823164850000069,106.71575674300004,10.823347850000061
0,106.71537975000007,10.823952849000023,106.71574774800007,10.824290848000032
0,106.71556274300008,10.82318084600007,106.71607774200004,10.823621846000037
0,106.71595974400009,10.823151843000062,106.71665174000009,10.823625846000027
0,106.71569874800008,10.823610847000054,106.71614774300008,10.823956846000044
0,106.71632474700004,10.823704845000066,106.71663774400008,10.824222844000076
1,106.71420874200004,10.82166884000003,106.71727073000005,10.82358785200006
0,106.71469474600008,10.823022852000065,106.71533274500007,10.82333985200006
0,106.71481574600006,10.823195852000026,106.71531974600003,10.82358785200006
0,106.71420874200004,10.82166884000003,106.71727073000005,10.82306384900005
0,106.71537474500008,10.822657848000063,106.71570574000003,10.82331584900004
2,106.71838673300005,10.822045806000062,106.72673671400008,10.825771890000055
1,106.72384973800007,10.822764795000069,106.72673671400008,10.825771890000055
0,106.72548513800007,10.823449786000026,106.72673671400008,10.824092784000072
0,106.72465272300008,10.82372579400004,106.72495072100008,10.82405979500004
0,106.72431872000004,10.823335796000038,106.72474071900007,10.823753795000073
0,106.72490072100004,10.823575794000021,106.72521471900006,10.82403086000005
0,106.72427672200007,10.823665798000036,106.72462172000007,10.824247799000034
0,106.72458572300008,10.823963190000029,106.72638592700008,10.825771890000055
0,106.72445771900004,10.822764795000069,106.72594171300005,10.82379379300005
0,106.72384973800007,10.823994893000076,106.72434272200007,10.824303798000074
0,106.72388773100005,10.824195797000073,106.72489555600004,10.825135064000051
0,106.72463372300007,10.823710790000064,106.72557321600004,10.824107795000032
1,106.72218018700005,10.823690808000038,106.72435631200005,10.82523180100003
0,106.72354372600006,10.82384580200005,106.72394472300005,10.824213801000042
0,106.72218018700005,10.82451080800007,106.72290873000009,10.82506980900007
0,106.72393972900005,10.824311754000064,106.72435631200005,10.82521379700006
0,106.72228373200005,10.824131808000061,106.72273173000008,10.82456380900004
0,106.72220847800008,10.823690808000038,106.72282872700004,10.824290807000068
0,106.72274673200008,10.824179805000028,106.72296072900008,10.824548806000053
0,106.72261973400003,10.824649807000071,106.72331273200007,10.825224375000062
0,106.72286272900004,10.823738803000026,106.72355072500005,10.824240803000066
0,106.72288673300005,10.824204805000022,106.72393572900006,10.824873804000049
0,106.72329073300006,10.824702802000047,106.72386873100004,10.82523180100003
1,106.72217771900006,10.822045806000062,106.72441871600006,10.82400179700005
0,106.72333796800007,10.82308094700005,106.72427271900006,10.823548799000037
0,106.72271972400006,10.822929804000069,106.72316672600004,10.823880803000065
0,106.72217771900006,10.822160808000035,106.72259871900008,10.82285280700006
0,106.72361972300007,10.82340879800006,106.72439472200006,10.82400179700005
0,106.72310971900004,10.822610803000032,106.72331471700005,10.823042803000021
0,106.72296272400007,10.823279555000056,106.72365172200006,10.823912885000027
0,106.72316571800008,10.822279803000072,106.72441871600006,10.823293396000054
0,106.72294372500005,10.822875804000034,106.72328472200007,10.823785806000046
0,106.72260572000005,10.822225805000073,106.72316571700009,10.822974804000069
0,106.72233671700008,10.822045806000062,106.72283671700006,10.822512806000077
1,106.72088773500008,10.822444812000072,106.72206972000004,10.825149817000067
0,106.72092573100008,10.822444812000072,106.72206972000004,10.823968816000047
0,106.72088773500008,10.823808815000064,106.72144673100007,10.824426817000074
0,106.72128573400005,10.823873814000024,106.72185572900008,10.824693814000057
0,106.72106373700007,10.824535815000047,106.72176573200005,10.825149817000067
1,106.71990173300009,10.822763808000047,106.72300672100005,10.824041816000033
0,106.71990173300009,10.823523823000073,106.72020773200006,10.823684822000075
0,106.72006973200007,10.82293868100004,106.72098672900006,10.824041816000033
0,106.72200472700007,10.822763808000047,106.72300672100005,10.82372880500003
0,106.72195073000006,10.823507810000024,106.72287872400005,10.82403036200003
1,106.71927474200004,10.823132826000062,106.72035674000006,10.82523982300006
0,106.72005474300005,10.823981822000064,106.72035673700009,10.82523982300006
0,106.72003373400008,10.823310823000043,106.72030173100006,10.823831821000056
0,106.71961774200008,10.824527824000029,106.72035674000006,10.82497982500007
0,106.71980674100007,10.824116823000054,106.72006473600004,10.82465482300006
0,106.71927474200004,10.823753828000065,106.71980974000007,10.824704825000026
0,106.71943373600004,10.823633825000059,106.72027773300005,10.824049824000042
0,106.71948173200008,10.823132826000062,106.71977573200007,10.823525825000047
1,106.71838673300005,10.822423824000055,106.72072672500008,10.823673825000071
0,106.72022772700006,10.82254481900003,106.72046408100005,10.822702820000075
0,106.72011044700008,10.822795820000067,106.72072672500008,10.823092817000031
0,106.71997472800007,10.822517821000076,106.72024272700008,10.822680819000027
0,106.71961273200009,10.822757823000074,106.72002872600007,10.82341682200007
0,106.71944673500008,10.823496826000053,106.71991673200006,10.823673825000071
0,106.71890673600006,10.822943829000053,106.71961673300007,10.823649827000054
0,106.71953372900003,10.822706823000033,106.71982072900005,10.822841824000022
0,106.71956372700004,10.822423824000055,106.71984672600007,10.822652823000055
0,106.71838673300005,10.822465831000045,106.71969672700004,10.822882828000047
2,106.71835841100005,10.82393465000007,106.72566773400007,10.827171473000021
1,106.71838374400005,10.82393465000007,106.72534080500009,10.825318812000035
0,106.72415011300006,10.82482279900006,106.72458942000009,10.82525266600004
0,106.72333922100006,10.824526797000033,106.72469372600005,10.824938060000022
0,106.72338612900006,10.823957793000034,106.72534080500009,10.824773801000049
0,106.71838374400005,10.82393465000007,106.72040173600004,10.824588826000024
0,106.71892070800004,10.824571821000063,106.72099573600008,10.825091833000045
0,106.72083173800007,10.82458581800006,106.72212773800004,10.825318812000035
0,106.72025473600007,10.82398382200006,106.72133973200005,10.824521821000076
0,106.72151973500007,10.823999811000022,106.72226982400008,10.82493781200003
0,106.72140573300004,10.824191452000036,106.72298973000005,10.82455081300003
1,106.71835841100005,10.824418815000058,106.72228674600007,10.827154815000029
0,106.71995175300003,10.824418815000058,106.72157674000005,10.826964823000026
0,106.72147274600007,10.826265816000046,106.72226174400004,10.82674881500003
0,106.72160074900006,10.826510811000048,106.72228674600007,10.827154815000029
0,106.71841575500008,10.825569833000031,106.71995074900008,10.826550834000045
0,106.71835841100005,10.826491185000066,106.71989475300006,10.827091825000025
1,106.72105774200008,10.824984631000063,106.72534072700006,10.825752803000057
0,106.72431922800007,10.824984631000063,106.72534072700006,10.825647798000034
0,106.72400773400005,10.825182798000071,106.72437271800004,10.825693799000021
0,106.72361973200009,10.825082801000065,106.72406773100005,10.825752803000057
0,106.72321773400006,10.82510880500007,106.72373973200007,10.825744803000077
0,106.72192573900008,10.825060808000046,106.72321073600006,10.825690487000031
0,106.72105774200008,10.825223814000026,106.72246373700006,10.82566280900005
1,106.72157852400005,10.825410797000075,106.72513249000008,10.826186803000041
0,106.72292923900005,10.825410797000075,106.72513249000008,10.82589779500006
0,106.72157852400005,10.825607815000069,106.72258373700004,10.825993608000033
0,106.72308673700007,10.825438805000033,106.72361473400008,10.825908527000024
0,106.72253974000006,10.825835895000068,106.72336644500007,10.826124806000053
0,106.72245373900006,10.825556521000067,106.72303873700008,10.825936806000072
0,106.72375273600005,10.825416801000074,106.72415673400008,10.82606880000003
0,106.72331273800006,10.825791803000072,106.72379673600005,10.826186803000041
1,106.72123674800008,10.825876806000053,106.72566773400007,10.827171473000021
0,106.72505473700005,10.82673520700007,106.72557573800009,10.827023797000038
0,106.72197974600004,10.82639580800003,106.72288374100003,10.826948810000033
0,106.72456574000006,10.826603796000029,106.72550881700005,10.827171473000021
0,106.72123674800008,10.826190814000029,106.72168974200008,10.826766815000042
0,106.72160274800007,10.826231814000039,106.72226974200004,10.827029813000024
0,106.72202819500006,10.825876806000053,106.72301273900007,10.826483808000035
0,106.72290774200007,10.826054807000048,106.72359974000005,10.826769805000026
0,106.72353774200008,10.825881801000037,106.72452274000005,10.827069798000025
0,106.72471673700005,10.825985794000076,106.72566773400007,10.826688795000052
2,106.72341572900007,10.823654782000062,106.73068672000005,10.827068779000058
1,106.72771673100004,10.825993764000032,106.73068672000005,10.827068779000058
0,106.72902172500005,10.82645677100004,106.72927372500004,10.82680177100002
0,106.72855472800006,10.826703774000066,106.72942772500005,10.826959775000034
0,106.72787872800006,10.826343777000034,106.72819872900004,10.826841776000037
0,106.72839572600009,10.82619277300006,106.72906772500005,10.826805773000046
0,106.72922672400006,10.826649767000049,106.73004872200005,10.82696376900003
0,106.72772472700007,10.826188777000027,106.72797672700005,10.826533778000055
0,106.72808372900005,10.826195777000066,106.72849372400009,10.826761776000069
0,106.72917572700004,10.825993764000032,106.73068672000005,10.826780170000063
0,106.72858841100003,10.826404771000057,106.72912472500008,10.826754774000051
0,106.72771673100004,10.826754774000051,106.72891072800007,10.827068779000058
1,106.72355273800008,10.825347788000045,106.72680172800005,10.82664079400007
0,106.72565672900004,10.825347788000045,106.72680172800005,10.826379725000038
0,106.72500373500009,10.825652793000074,106.72563973300004,10.826345791000051
0,106.72411373500006,10.825574797000058,106.72501473300008,10.826525797000045
0,106.72364373700009,10.825758800000074,106.72398973300005,10.826101803000029
0,106.72397273400009,10.825492801000053,106.72430873200005,10.825836799000058
0,106.72355273800008,10.826003804000038,106.72420473500006,10.82663780200005
0,106.72545573300005,10.825803507000046,106.72640191900007,10.826528790000054
0,106.72505173900004,10.82631579200006,106.72644573100007,10.82664079400007
1,106.72468773200006,10.825291779000054,106.72783172200008,10.825943781000035
0,106.72738872400004,10.825291779000054,106.72777872300009,10.825606780000044
0,106.72763372400004,10.82545877800004,106.72783172200008,10.825932779000027
0,106.72731972500009,10.82558978000003,106.72768072500008,10.825943781000035
0,106.72468773200006,10.82530378000007,106.72741872300008,10.825826781000046
1,106.72794072600004,10.825201770000035,106.73018971900007,10.82640377000007
0,106.72794072600004,10.825936776000049,106.72834072600006,10.826333777000059
0,106.72876672100006,10.825201770000035,106.72945371900005,10.82609177300003
0,106.72830272500005,10.825933774000077,106.72882072300007,10.826287774000036
0,106.72901672200004,10.825580767000076,106.73018971900007,10.82640377000007
1,106.72341572900007,10.824266802000068,106.72504833600004,10.825926798000069
0,106.72400373600004,10.825280208000038,106.72504833600004,10.825926798000069
0,106.72373473400006,10.825029800000038,106.72408072900004,10.825908800000036
0,106.72341572900007,10.82451680400004,106.72464660600008,10.82504179800003
0,106.72344273000004,10.824266802000068,106.72452672500003,10.824621799000056
1,106.72773272500007,10.825075771000058,106.72910071600006,10.82612677800006
0,106.72866372100003,10.825075771000058,106.72910071600006,10.825784772000077
0,106.72814972400005,10.825732773000027,106.72886872100008,10.826037776000021
0,106.72773272500007,10.82578477800007,106.72808472400004,10.82612677800006
0,106.72845972000005,10.825378772000022,106.72876272000008,10.825823774000071
0,106.72807972300006,10.825473775000034,106.72856172200005,10.825829776000035
0,106.72774972200006,10.825330778000023,106.72815172100007,10.825780778000023
0,106.72806572100006,10.825101774000075,106.72852071900007,10.825445776000038
0,106.72781872000007,10.825083776000042,106.72813771900007,10.825348776000055
1,106.72591472500005,10.823654782000062,106.72955271800004,10.825873776000037
0,106.72770672300004,10.82531177900006,106.72802772200004,10.825576778000027
0,106.72745972200005,10.82519478000006,106.72773772200009,10.825439778000032
0,106.72785972000008,10.824936777000062,106.72843876400009,10.825873776000037
0,106.72719172100005,10.825061512000048,106.72884471700007,10.825490780000052
0,106.72723972300008,10.824701779000065,106.72763071900005,10.825342779000039
0,106.72752872200005,10.82477977800005,106.72796071800008,10.825212778000036
0,106.72591472500005,10.823654782000062,106.72955271800004,10.825552544000061
3,106.72938732700004,10.830388747000029,106.73930476000004,10.849706553000033
2,106.73291882200004,10.84180075100005,106.73569181300007,10.844921758000055
1,106.73305481300008,10.841801813000075,106.73401780500006,10.84328775800003
0,106.73308894700006,10.841801813000075,106.73336784000008,10.84272575700004
0,106.73305481300008,10.84275494800005,106.73353181100003,10.842994755000063
0,106.73338881000006,10.842510754000045,106.73395981000004,10.84326240200005
0,106.73314181100005,10.842916896000077,106.73329381600007,10.84328775800003
0,106.73358881100006,10.841940754000063,106.73401780500006,10.842454604000068
1,106.73291882200004,10.843049754000049,106.73392381500008,10.844921758000055
0,106.73346281200008,10.843049754000049,106.73372381100006,10.843587755000044
0,106.73320681600006,10.843504758000051,106.73347581600007,10.843789756000035
0,106.73359081700005,10.843605754000066,106.73392381500008,10.84411175400004
0,106.73320281900004,10.844122225000035,106.73355535600007,10.844921758000055
0,106.73372181300005,10.843235754000034,106.73388181500007,10.84374375300007
0,106.73291882200004,10.844019759000048,106.73329581900003,10.844448758000055
0,106.73307081600007,10.843199757000036,106.73318781700004,10.843538758000022
0,106.73320181400004,10.84318375600003,106.73344681500004,10.843490756000051
0,106.73363381900003,10.844106754000052,106.73390882200005,10.84481175600007
1,106.73372381200005,10.842530930000066,106.73437980900007,10.844431751000059
0,106.73425488600009,10.84254134400004,106.73437980900007,10.84306175100005
0,106.73404181400008,10.842823751000026,106.73429581400006,10.843817751000074
0,106.73411680600009,10.842536379000023,106.73423680900004,10.842898752000053
0,106.73372381200005,10.842530930000066,106.73412581100007,10.844431751000059
1,106.73410480400008,10.84180075100005,106.73569181300007,10.84477474700003
0,106.73426522700004,10.843057937000026,106.73452734600005,10.84359564700003
0,106.73526080400006,10.842588745000057,106.73569078700007,10.843313471000045
0,106.73410480400008,10.84180075100005,106.73460280200004,10.843064749000064
0,106.73447980900005,10.841988747000073,106.73523880100004,10.843066749000059
0,106.73462480800004,10.842768747000036,106.73497180700008,10.843071748000057
0,106.73459980800004,10.84306674800007,106.73503881100004,10.84361074800006
0,106.73462039700007,10.843398747000037,106.73505181100006,10.844455809000067
0,106.73504276900007,10.843115743000055,106.73552243500006,10.843605745000048
0,106.73538281100008,10.843376743000022,106.73569181300007,10.843796743000041
0,106.73501481200009,10.843744747000073,106.73568281300004,10.84477474700003
2,106.73200825000004,10.837296743000024,106.73570677400005,10.843183759000055
1,106.73357380400006,10.839764746000071,106.73502079800005,10.842460751000033
0,106.73425329700007,10.839764746000071,106.73475479200005,10.840128961000062
0,106.73377472900006,10.839901116000021,106.73429280200008,10.840246110000066
0,106.73375882800008,10.840142098000058,106.73491179700005,10.841197747000024
0,106.73411380100003,10.841110749000052,106.73502079800005,10.842189747000077
0,106.73357380400006,10.839885753000033,106.73380980000007,10.841236224000056
0,106.73381848500009,10.839998751000053,106.73400679900004,10.841263768000033
0,106.73388126800006,10.841098751000061,106.73422707000009,10.842460751000033
0,106.73370924200009,10.841062752000028,106.73399988300008,10.841981266000062
1,106.73486779200005,10.839191744000061,106.73570225400005,10.842030747000024
0,106.73538679500007,10.840836742000022,106.73556879300008,10.840984743000035
0,106.73539079700004,10.840830742000037,106.73567379500008,10.841172742000026
0,106.73486779200005,10.839191744000061,106.73539579600003,10.842030747000024
0,106.73524217100004,10.83969574200006,106.73570225400005,10.840696743000024
1,106.73243174600009,10.840051738000057,106.73379179400007,10.840826758000048
0,106.73274680100008,10.840103757000065,106.73298767000006,10.840508757000066
0,106.73287925600005,10.840106238000033,106.73379179400007,10.840755862000037
0,106.73257180200005,10.840544758000021,106.73294480100009,10.840826758000048
0,106.73260779900005,10.840381758000035,106.73275179900008,10.840528758000062
0,106.73263179900005,10.84028175800006,106.73297979700004,10.840451758000029
0,106.73264579700009,10.840088759000025,106.73285379700008,10.84028575700006
0,106.73243174600009,10.840051738000057,106.73265031400007,10.840476937000062
1,106.73200825000004,10.839217760000054,106.73336879500005,10.840081756000075
0,106.73275679200009,10.839218997000046,106.73334764700007,10.83943875600005
0,106.73200825000004,10.83966422900005,106.73336879500005,10.840081756000075
0,106.73267279200007,10.839405645000056,106.73310879400009,10.83962675400005
0,106.73207163600006,10.83942975900004,106.73266079300004,10.83973276000006
0,106.73251379200008,10.839229758000045,106.73279579200005,10.839458756000056
0,106.73217279300007,10.839217760000054,106.73255179400007,10.83942575900005
1,106.73247774300006,10.84183075900006,106.73362580500009,10.843183759000055
0,106.73247774300006,10.84183075900006,106.73362580500009,10.842716385000074
0,106.73305681100004,10.842093755000064,106.73338480600006,10.842918758000053
0,106.73290381300006,10.842501758000026,106.73352781100004,10.842776756000035
0,106.73326281200008,10.842826753000054,106.73353281400006,10.843183759000055
1,106.73220478700006,10.837784760000034,106.73356578800008,10.839556753000068
0,106.73279227900008,10.838937361000035,106.73341379000004,10.839188754000077
0,106.73334378900006,10.839074754000023,106.73356578800008,10.839556753000068
0,106.73222079200008,10.83912100300006,106.73344378900003,10.839411754000025
0,106.73287479300006,10.839071755000077,106.73316878900005,10.839301756000054
0,106.73332078900006,10.838451753000072,106.73356178600005,10.838993753000068
0,106.73281878800009,10.838223267000046,106.73348478800006,10.839078753000024
0,106.73236278900004,10.838245423000046,106.73279978600004,10.838866757000062
0,106.73255175000008,10.83798975700006,106.73298478400005,10.838433756000029
0,106.73220478700006,10.837784760000034,106.73268678500006,10.838141195000048
1,106.73235008100005,10.840673538000033,106.73380390500006,10.841967082000053
0,106.73251180600005,10.841121758000043,106.73312170100007,10.841862756000069
0,106.73324862800007,10.84121919100005,106.73380390500006,10.841967082000053
0,106.73310538400005,10.841635903000054,106.73328146500006,10.841837093000038
0,106.73314646400007,10.841282604000071,106.73336368400004,10.841660696000076
0,106.73323677700006,10.840995061000058,106.73369180100008,10.841367300000059
0,106.73277380100006,10.840673538000033,106.73376614100005,10.841135759000053
0,106.73252027500007,10.840899488000048,106.73285380100003,10.841296760000034
0,106.73235008100005,10.841072557000075,106.73263263900009,10.841618760000074
0,106.73294994300005,10.840956757000072,106.73337190400008,10.84152875600006
0,106.73328965500008,10.84134309500007,106.73348831500005,10.841650849000075
1,106.73302779400007,10.839252754000029,106.73364878900009,10.840110155000048
0,106.73330679100008,10.839252754000029,106.73350378800006,10.83955175400007
0,106.73346879000007,10.839276752000046,106.73364878900009,10.839575753000076
0,106.73308679400009,10.839371755000059,106.73341879200007,10.839790754000035
0,106.73336579500005,10.839564754000037,106.73362595500004,10.839979756000048
0,106.73302779400007,10.839866753000024,106.73362179200006,10.840110155000048
1,106.73360723700006,10.839623747000076,106.73488079000003,10.84012474800005
0,106.73360723700006,10.839738870000076,106.73443279000008,10.839926959000024
0,106.73398512200004,10.839844501000073,106.73450003700003,10.840045776000068
0,106.73412513600005,10.839952746000051,106.73471279200004,10.84012474800005
0,106.73442279200003,10.839623747000076,106.73488079000003,10.840123746000074
1,106.73348478700007,10.837296743000024,106.73570677400005,10.839859747000048
0,106.73348478700007,10.838552753000045,106.73428378600005,10.839187754000022
0,106.73380719500005,10.839095083000075,106.73414076600005,10.839351704000023
0,106.73358979000005,10.839134419000061,106.73383778800007,10.839592752000044
0,106.73423979000006,10.839413749000073,106.73476778700007,10.839859747000048
0,106.73374378900007,10.839344750000066,106.73404379000004,10.839605752000068
0,106.73442178600004,10.838958748000039,106.73479677400007,10.839469747000066
0,106.73369879100005,10.83956174900004,106.73425740200008,10.839840750000064
0,106.73466524800006,10.839043746000073,106.73514978500003,10.839658744000076
0,106.73504428900009,10.837821742000074,106.73557577600008,10.83833500000003
0,106.73451595600005,10.837296743000024,106.73570677400005,10.83817152100005
2,106.73481178900005,10.839331741000024,106.73890680900007,10.84734073800007
1,106.73711020400003,10.842308732000049,106.73781390000005,10.84407285900005
0,106.73711020400003,10.843651738000062,106.73746417800004,10.84407285900005
0,106.73747983400006,10.843078134000052,106.73781390000005,10.843602731000033
0,106.73742919500006,10.843081626000071,106.73758498000007,10.843602120000071
0,106.73724731100003,10.843083860000036,106.73746269100008,10.843654738000055
0,106.73753879800006,10.842755731000068,106.73778880100008,10.843293010000025
0,106.73719112300006,10.842362464000075,106.73775379800009,10.843261276000021
0,106.73729879600006,10.842308732000049,106.73738908900003,10.843411478000064
1,106.73551013800005,10.842338036000058,106.73735061500008,10.843757739000068
0,106.73702985100005,10.842675497000073,106.73735061500008,10.843043899000065
0,106.73671046800007,10.842855780000036,106.73701475100006,10.843054737000045
0,106.73678235000006,10.84307373400003,106.73727580300005,10.843375733000073
0,106.73712880300008,10.84337073200004,106.73729880400003,10.843598733000022
0,106.73634480500004,10.843089070000076,106.73680173800005,10.843757739000068
0,106.73551013800005,10.842871811000066,106.73601580600007,10.843331743000022
0,106.73599380200005,10.842338036000058,106.73652380300007,10.843324930000051
0,106.73657380200007,10.842699737000032,106.73685591100008,10.842891407000025
1,106.73763660800006,10.84304372500003,106.73862058200007,10.844063730000073
0,106.73773480200003,10.843069729000035,106.73802180300004,10.843602731000033
0,106.73763660800006,10.843624026000043,106.73789457600009,10.843919373000062
0,106.73796901700007,10.843831249000061,106.73808880500007,10.844063730000073
0,106.73799079900004,10.84304372500003,106.73862058200007,10.843710187000056
1,106.73584078800008,10.840011738000044,106.73682378700005,10.841173737000076
0,106.73586379000005,10.840385737000076,106.73634778900004,10.840755741000066
0,106.73633378600005,10.840059736000057,106.73682378700005,10.840667733000032
0,106.73652278900005,10.840512733000025,106.73682278900009,10.840843736000068
0,106.73634179100009,10.840734736000059,106.73677679200006,10.841173737000076
0,106.73620378900006,10.840350737000051,106.73654378800006,10.840772738000055
0,106.73622379100004,10.84074873700007,106.73646679300003,10.841065738000054
0,106.73584078800008,10.840011738000044,106.73636479000004,10.840448739000067
0,106.73595079100005,10.84075673700005,106.73620579300007,10.841046740000024
1,106.73481178900005,10.839331741000024,106.73607079400006,10.844488461000026
0,106.73560579200006,10.840457741000023,106.73589079200008,10.840779742000052
0,106.73538379100006,10.839331741000024,106.73590737300009,10.840561743000023
0,106.73548979400005,10.840776740000024,106.73599779300008,10.841124741000044
0,106.73538181100008,10.842983741000069,106.73605080300007,10.844486772000039
0,106.73498981700004,10.84316874600006,106.73538481200006,10.844488461000026
0,106.73521080400008,10.841140744000029,106.73592579600006,10.842527743000062
0,106.73538979400007,10.841012743000022,106.73607079400006,10.841192741000043
0,106.73538679600006,10.84069474100005,106.73561579200003,10.841017744000055
0,106.73481178900005,10.839662746000045,106.73525679000005,10.84298874700005
0,106.73488380700007,10.842574747000072,106.73528180800008,10.84329974800005
1,106.73590880100005,10.839849728000047,106.73803978500007,10.842522637000059
0,106.73694410400009,10.841514732000064,106.73731155300004,10.84185373400004
0,106.73684519600005,10.841126728000063,106.73790902100006,10.841674732000058
0,106.73654279300007,10.841363604000037,106.73692579400006,10.841917737000074
0,106.73665479000005,10.84051412100007,106.73727678900008,10.841068734000032
0,106.73590880100005,10.84097674000003,106.73644079400009,10.842522637000059
0,106.73642378900007,10.840531734000024,106.73671478900008,10.840732737000053
0,106.73669078400007,10.839849728000047,106.73803978500007,10.840901728000063
0,106.73690779800006,10.84170473100005,106.73750779500006,10.842190735000031
1,106.73563981200004,10.84329673600007,106.73728982400007,10.844051742000033
0,106.73675480400004,10.84329673600007,106.73713380300006,10.84383802900004
0,106.73695880600008,10.843409215000065,106.73728982400007,10.843814500000065
0,106.73653841000004,10.843781341000067,106.73728286900007,10.844041704000063
0,106.73620981000005,10.843760737000025,106.73674480800008,10.844043738000039
0,106.73592881000008,10.843884741000068,106.73620380900007,10.84401674000003
0,106.73573181100005,10.843382741000028,106.73620135000004,10.844051742000033
0,106.73563981200004,10.84389457900005,106.73583429000007,10.84404474400003
1,106.73481882500005,10.843623402000048,106.73735509900007,10.846721743000046
0,106.73674981800008,10.844519736000052,106.73721981400007,10.845397737000042
0,106.73601382800007,10.844488738000052,106.73727582000004,10.846721743000046
0,106.73687481300004,10.844036122000034,106.73735509900007,10.844865735000042
0,106.73592881000008,10.843776738000031,106.73693213000007,10.844142299000055
0,106.73592481200006,10.844069742000045,106.73673681100007,10.844485743000064
0,106.73499781400005,10.843623402000048,106.73605180900006,10.845250744000055
0,106.73481882500005,10.845530746000065,106.73585582100009,10.845932749000042
1,106.73655880000007,10.840183284000034,106.73860178300004,10.843035732000033
0,106.73769679400004,10.841635537000059,106.73843928900004,10.843035732000033
0,106.73736779500007,10.841683730000057,106.73777479400007,10.842464732000053
0,106.73655880000007,10.842141731000027,106.73747816600007,10.842860581000025
0,106.73728579300007,10.840183284000034,106.73860178300004,10.841650731000072
1,106.73655381000003,10.843615728000032,106.73890680900007,10.84734073800007
0,106.73728681200004,10.844071733000021,106.73890680900007,10.844915724000032
0,106.73655381000003,10.844054692000043,106.73746901600003,10.844500696000068
0,106.73747480400004,10.843615728000032,106.73871780300004,10.844073732000027
0,106.73766590200006,10.844077452000022,106.73881680500006,10.844474725000055
0,106.73697081500006,10.845141784000077,106.73811782100006,10.84734073800007
0,106.73706581300007,10.844814727000028,106.73890680900007,10.846042728000043
2,106.72938732700004,10.830388747000029,106.73424174200005,10.835710974000051
1,106.73032874900008,10.83041775700002,106.73237374100006,10.831736764000027
0,106.73198147100004,10.830922717000021,106.73232576300006,10.831218341000067
0,106.73181901500004,10.830719119000037,106.73209695700007,10.830978612000024
0,106.73195780200007,10.830835088000072,106.73221132000003,10.831007383000042
0,106.73200146400006,10.830513755000027,106.73237374100006,10.831000753000069
0,106.73175588900006,10.83041775700002,106.73211574000004,10.830794105000052
0,106.73139174400006,10.830675848000055,106.73188108200009,10.831170034000024
0,106.73125374700004,10.831018593000067,106.73187272300004,10.831680766000034
0,106.73032874900008,10.830506763000074,106.73092274600003,10.83139176800006
0,106.73067774700007,10.830780764000053,106.73106573100006,10.83153276400003
0,106.73072275100009,10.831245371000023,106.73122436100005,10.831736764000027
1,106.72955976300005,10.832605768000064,106.73078275800003,10.83389076900005
0,106.73025176400006,10.83345276700004,106.73075811000007,10.833870494000053
0,106.73012776500008,10.833324766000032,106.73052076300007,10.833737769000038
0,106.72962103100008,10.833224770000072,106.73026976300008,10.83389076900005
0,106.73014976400003,10.83308476700006,106.73060476200004,10.833435769000062
0,106.73024175900008,10.832749766000063,106.73078275800003,10.833356765000076
0,106.72955976300005,10.832605768000064,106.73036676300006,10.833145769000055
1,106.73278575200004,10.831122744000027,106.73424174200005,10.832874749000041
0,106.73278575200004,10.832437752000033,106.73309375200006,10.832851753000057
0,106.73283174800008,10.832080751000035,106.73329774900009,10.83271975100007
0,106.73303074800003,10.831954749000033,106.73354574700005,10.832536749000042
0,106.73326774900005,10.832420745000036,106.73399274800005,10.832874749000041
0,106.73289274400008,10.831122744000027,106.73424174200005,10.832325748000073
1,106.72941475000005,10.830470768000055,106.73187075900006,10.833430761000045
0,106.73072960300004,10.831709763000049,106.73179742600007,10.832226139000056
0,106.73096530800007,10.831270760000052,106.73179641200005,10.832716761000029
0,106.72995774900005,10.830475767000053,106.73043574800005,10.831020766000051
0,106.72941475000005,10.830470768000055,106.73005374800005,10.830953770000065
0,106.73011375500005,10.830939767000075,106.73056474800006,10.83172576800007
0,106.72955975100007,10.830929769000022,106.73021975300009,10.832164770000077
0,106.73071976100005,10.832611763000045,106.73187075900006,10.833430761000045
0,106.72977175700004,10.831608766000045,106.73086540100007,10.832932769000024
0,106.72944275900005,10.832006771000067,106.72978275600008,10.832803771000044
1,106.73248774600006,10.830388747000029,106.73397074000007,10.83167133400002
0,106.73248774600006,10.831133754000064,106.73273374300004,10.831397754000022
0,106.73260574500006,10.830665752000073,106.73313774300004,10.83167133400002
0,106.73291773900007,10.830404749000024,106.73397074000007,10.831599749000077
0,106.73336873700003,10.830388747000029,106.73366373600004,10.830616749000058
1,106.73042383300009,10.83328176200007,106.73232077000006,10.835710974000051
0,106.73161606300005,10.83431076000005,106.73229776500006,10.834859409000046
0,106.73078739200008,10.834720764000053,106.73180310400005,10.835710974000051
0,106.73165677000009,10.834776832000045,106.73232077000006,10.835461703000021
0,106.73077095800005,10.83328176200007,106.73162275900006,10.833954762000076
0,106.73052976400004,10.833289152000077,106.73094633900007,10.83359499200003
0,106.73058868600003,10.833521762000032,106.73136576600007,10.834359764000055
0,106.73050477000004,10.834076888000027,106.73109376900004,10.834724766000022
0,106.73066876800004,10.834301764000031,106.73150576600005,10.834823765000067
0,106.73042383300009,10.83475476600006,106.73118077300006,10.835402369000064
1,106.72938732700004,10.833708767000076,106.73075876900003,10.835056768000072
0,106.72993677000005,10.834459167000034,106.73074176800009,10.834665767000047
0,106.73029176700004,10.833708767000076,106.73068086600006,10.834053769000036
0,106.72938732700004,10.833754770000041,106.73040776700009,10.83439327800005
0,106.73013276900008,10.833945767000046,106.73074970500005,10.834693769000069
0,106.72999538800008,10.834736771000053,106.73050077300007,10.835056768000072
0,106.72962313200009,10.834456584000066,106.73041802000006,10.834775771000068
0,106.73036977000004,10.834574768000039,106.73075876900003,10.834949768000058
1,106.73162875700007,10.830943753000042,106.73305874500005,10.833597759000043
0,106.73218875900005,10.833129493000058,106.73249930800006,10.833456757000022
0,106.73165105500004,10.83095634800003,106.73209074800008,10.83190219200003
0,106.73267174400007,10.831357753000077,106.73303774400006,10.831758752000042
0,106.73243574300005,10.830943753000042,106.73288774200006,10.831328752000047
0,106.73180012300008,10.831107754000072,106.73305874500005,10.832434755000065
0,106.73164375100004,10.831956755000022,106.73251875100004,10.83287875800005
0,106.73233675300008,10.832300752000037,106.73297975100007,10.833175405000077
0,106.73162875700007,10.832723759000032,106.73285475400007,10.833597759000043
1,106.73221867300003,10.83267475100007,106.73401075700008,10.835400755000023
0,106.73231076600007,10.834361753000053,106.73306476300007,10.83487875700007
0,106.73309576500009,10.83478075000005,106.73359004900004,10.835162552000043
0,106.73292875100009,10.83267475100007,106.73360675000004,10.83310874800003
0,106.73332075500008,10.833311748000028,106.73401075700008,10.833945749000065
0,106.73221867300003,10.834971137000025,106.73313876800006,10.835400755000023
0,106.73346475400007,10.832868747000077,106.73395975300008,10.833403748000023
0,106.73282427100008,10.832981751000034,106.73358775200006,10.833583751000049
0,106.73225076100005,10.833176335000076,106.73304575900005,10.834272755000029
0,106.73302776000008,10.833899751000047,106.73359875800008,10.834314749000043
0,106.73291076200007,10.833538752000038,106.73330475600005,10.834996752000052
2,106.73055978800005,10.831700743000056,106.73682089600004,10.841256756000064
1,106.73062579600008,10.838317754000059,106.73396678900008,10.841256756000064
0,106.73343615100003,10.839572751000048,106.73396678900008,10.840107433000071
0,106.73062579600008,10.838553769000043,106.73105179800007,10.840714770000034
0,106.73106980400007,10.839893760000052,106.73272380000009,10.840689757000064
0,106.73158263300007,10.840559760000076,106.73262879900005,10.841248764000056
0,106.73215479600009,10.839010754000071,106.73368178600003,10.839465759000063
0,106.73310405700005,10.838317754000059,106.73346379300006,10.840106571000035
0,106.73249679600008,10.839574757000037,106.73338179300004,10.840079756000023
0,106.73271179800008,10.840484759000049,106.73322079900004,10.841256756000064
1,106.73396179900004,10.837001734000069,106.73682089600004,10.841232750000074
0,106.73396179900004,10.838879748000068,106.73471278800008,10.841232750000074
0,106.73608379100006,10.838141737000058,106.73639086900005,10.841001738000045
0,106.73547808200004,10.83792574000006,106.73612578600006,10.841145741000048
0,106.73587413000007,10.838326466000069,106.73629635600008,10.838613475000045
0,106.73616577400009,10.837628737000045,106.73665977000007,10.838304708000067
0,106.73574674600007,10.837954737000075,106.73641619000006,10.838479739000036
0,106.73629677100007,10.837001734000069,106.73682089600004,10.837785734000022
0,106.73545671200009,10.837045997000075,106.73631377100008,10.838030943000035
1,106.73055978800005,10.835099481000043,106.73302578300007,10.83928776700003
0,106.73080778600007,10.83679276600003,106.73179778400004,10.837762763000057
0,106.73055978800005,10.836567767000076,106.73101478000007,10.837766768000051
0,106.73073478900005,10.837604767000073,106.73100378700008,10.837940767000077
0,106.73111479600004,10.837647765000042,106.73234907900007,10.83928776700003
0,106.73089086700008,10.836704768000061,106.73125879500009,10.839035317000025
0,106.73195378400004,10.837530761000039,106.73302578300007,10.839240758000074
0,106.73116268700005,10.835099481000043,106.73211710700008,10.835866431000056
1,106.73350876500007,10.831700743000056,106.73643076600007,10.838002735000032
0,106.73411174900008,10.832609741000056,106.73511175000004,10.833911745000023
0,106.73350876500007,10.833264739000072,106.73573675200004,10.835416747000068
0,106.73362974800006,10.831700743000056,106.73473974500007,10.832905746000051
0,106.73373414200006,10.836599745000058,106.73512076900005,10.838002735000032
0,106.73396763400007,10.834893356000066,106.73525676300005,10.83669774200007
0,106.73530575900008,10.834158737000052,106.73643076600007,10.836827735000043
0,106.73360475400005,10.83340574500005,106.73438475400008,10.834407747000057
0,106.73383875400003,10.833092746000034,106.73417075300006,10.833673746000045
1,106.73135929000006,10.833819751000021,106.73451577200007,10.837574088000054
0,106.73135929000006,10.835575762000076,106.73200831400004,10.836263743000075
0,106.73262177700008,10.835862629000076,106.73344008900006,10.837145751000037
0,106.73305305400004,10.83576834400003,106.73451577200007,10.837574088000054
0,106.73304947300005,10.834942269000067,106.73417976600007,10.836684752000053
0,106.73242576100006,10.833819751000021,106.73379475700006,10.83415975400004
0,106.73247777000006,10.835423753000043,106.73310176900009,10.835743756000056
0,106.73296077000003,10.835490752000055,106.73322739300005,10.835826272000077
0,106.73185142300008,10.835406756000054,106.73313553100007,10.83683224400005
1,106.73116376700006,10.833219754000027,106.73329676700007,10.835558752000054
0,106.73215277000008,10.834977760000072,106.73256876700003,10.835473758000035
0,106.73116376700006,10.83458347900006,106.73210376700007,10.834990772000026
0,106.73212176700008,10.834500757000058,106.73285676600005,10.835135757000046
0,106.73214776300006,10.83418875600006,106.73248376300006,10.834543757000063
0,106.73122576600008,10.83324876000006,106.73227376600005,10.83505475800007
0,106.73242477000008,10.835085755000023,106.73329676700007,10.835558752000054
0,106.73204975800007,10.833219754000027,106.73300875500007,10.833807758000034
1,106.73259476300007,10.833257748000051,106.73396875400005,10.834921751000024
0,106.73289975800009,10.833805752000046,106.73336075700007,10.834195752000028
0,106.73302276100009,10.834135751000076,106.73391375900007,10.834921751000024
0,106.73259476300007,10.834046755000031,106.73330775900007,10.834469755000043
0,106.73324875400004,10.833257748000051,106.73396875400005,10.834230750000074
2,106.73035283100006,10.841794394000033,106.73337881300006,10.844994762000056
1,106.73250820700008,10.842493759000035,106.73337881300006,10.843435758000055
0,106.73312481100004,10.842878833000043,106.73337881300006,10.843183757000077
0,106.73281181000004,10.842493759000035,106.73305881300007,10.843056759000035
0,106.73282181400003,10.84288975800007,106.73314681200009,10.843055760000027
0,106.73301481400006,10.84308175800004,106.73318581600006,10.843435758000055
0,106.73250820700008,10.842768067000065,106.73291581400008,10.843053762000068
0,106.73277381500009,10.843225760000053,106.73307481700004,10.843434759000047
0,106.73257323100006,10.843078472000059,106.73310881300006,10.84322675900006
1,106.73254382300007,10.843352756000058,106.73333581800006,10.844445759000052
0,106.73263882000003,10.843463285000041,106.73276281600005,10.843832761000044
0,106.73273682000007,10.84343375900005,106.73290981700006,10.843834762000029
0,106.73254382300007,10.843799759000035,106.73297381800006,10.844445759000052
0,106.73288781700006,10.843426758000021,106.73318781700004,10.843803758000035
0,106.73303281700004,10.843541757000025,106.73329981700005,10.843800758000043
0,106.73294681900006,10.843759759000022,106.73333581800006,10.84417275800007
0,106.73319482000005,10.843352756000058,106.73332581700004,10.844443757000022
1,106.73145582700005,10.843038767000053,106.73277667200006,10.844433760000072
0,106.73198700100005,10.84360358500004,106.73218282300007,10.84440676500003
0,106.73145582700005,10.843868257000054,106.73209512200003,10.844405766000023
0,106.73250780800004,10.843078107000053,106.73277667200006,10.843570441000054
0,106.73209882100008,10.843593762000069,106.73265581900006,10.844433760000072
0,106.73198162700004,10.843854604000057,106.73224182000007,10.844173763000072
0,106.73165981900007,10.843293766000045,106.73198982100007,10.843590765000044
0,106.73158081900004,10.843038767000053,106.73212681800004,10.843326765000029
0,106.73167882000007,10.843260766000071,106.73229046700004,10.843390765000038
1,106.73049146500006,10.841794394000033,106.73259181000009,10.842683616000045
0,106.73059281700006,10.842081533000055,106.73107386900006,10.842520451000041
0,106.73211957800004,10.842076763000023,106.73235281000007,10.842405523000025
0,106.73164181300007,10.842089764000036,106.73214781000007,10.842419763000066
0,106.73123029100009,10.842076398000074,106.73168881400005,10.842416766000042
0,106.73127343000004,10.841901691000032,106.73158481200005,10.842141767000044
0,106.73230367000008,10.841837759000043,106.73259181000009,10.84240722800007
0,106.73063281700007,10.842440772000032,106.73098415100009,10.842683616000045
0,106.73114076500008,10.84221481000003,106.73157432900007,10.842655122000053
0,106.73170392300005,10.841888765000022,106.73195980900005,10.842205087000025
0,106.73049146500006,10.841794394000033,106.73121081200009,10.842237242000067
1,106.73078281600004,10.842459766000047,106.73252280200006,10.843588409000063
0,106.73078281600004,10.842500008000059,106.73133263700004,10.842662768000025
0,106.73079881900009,10.842626678000045,106.73125581800008,10.843181767000033
0,106.73105582000005,10.843024769000067,106.73167281700006,10.843588409000063
0,106.73123281800008,10.842459766000047,106.73207681400004,10.843298768000068
0,106.73204181400007,10.842753763000076,106.73222781400005,10.842956764000064
0,106.73168681800007,10.84295476400007,106.73222881500004,10.843153766000057
0,106.73224581300008,10.842479762000039,106.73252280200006,10.843036324000025
1,106.73112826200008,10.844425778000073,106.73248782700006,10.844994762000056
0,106.73219482600007,10.844442765000053,106.73244382500008,10.84484176500007
0,106.73215061900004,10.844729762000043,106.73248782700006,10.844994762000056
0,106.73139038800008,10.844429952000041,106.73211182600005,10.844889765000062
0,106.73144599700004,10.84474276800006,106.73183351800009,10.844994385000064
0,106.73130143700007,10.844428674000028,106.73143383000007,10.844760769000061
0,106.73112826200008,10.844425778000073,106.73126814400007,10.844757792000053
1,106.73035283100006,10.842587773000048,106.73119478600006,10.844941773000073
0,106.73078582700003,10.844417771000053,106.73119478600006,10.844755365000026
0,106.73052382800006,10.844079775000068,106.73101782500004,10.844388774000038
0,106.73057281800004,10.842624771000033,106.73093246600007,10.843075772000077
0,106.73081227200004,10.843168539000033,106.73116181800003,10.843486769000037
0,106.73071154500008,10.843527772000073,106.73115582200006,10.84379276900006
0,106.73041182100008,10.842587773000048,106.73067281900006,10.842836772000055
0,106.73035283100006,10.844415773000037,106.73098883100005,10.844941773000073
2,106.73036979600005,10.837347762000036,106.73258579900005,10.843594746000065
1,106.73091720900004,10.84094805500007,106.73185280800004,10.843588769000064
0,106.73095880800008,10.84094805500007,106.73142938600006,10.841288189000068
0,106.73104561700006,10.841132053000024,106.73136470300005,10.841539768000075
0,106.73132881300006,10.841477764000047,106.73185280800004,10.842171765000046
0,106.73091720900004,10.843131250000056,106.73145582100005,10.843588769000064
1,106.73080979700006,10.838576449000072,106.73229977600005,10.839578415000062
0,106.73132424700009,10.838576449000072,106.73219242700009,10.839472847000025
0,106.73083356900008,10.838577058000055,106.73127206800007,10.839010768000037
0,106.73080979700006,10.83898676900003,106.73131979500005,10.839274767000063
0,106.73123071500004,10.83872231600003,106.73139779400009,10.839149766000048
0,106.73194879200008,10.83858994700006,106.73229977600005,10.839578415000062
1,106.73174254400004,10.84003573700005,106.73258579900005,10.842191761000038
0,106.73217490700006,10.841234131000022,106.73255842000003,10.841374675000054
0,106.73197980600008,10.840843764000056,106.73257079800004,10.841343140000049
0,106.73186124300008,10.84120247800007,106.73231082100006,10.84144376200004
0,106.73194881000006,10.841947764000054,106.73236380900005,10.842122764000067
0,106.73216197300007,10.841785762000029,106.73245880900004,10.842191761000038
0,106.73233380800008,10.841824761000055,106.73249580900006,10.841986761000044
0,106.73178180900004,10.841685764000033,106.73222580900006,10.841972763000058
0,106.73202681000004,10.84146276100006,106.73255580700004,10.841847762000043
0,106.73182980700005,10.841403132000039,106.73231582800008,10.841712763000032
0,106.73174254400004,10.84003573700005,106.73258579900005,10.840800759000047
1,106.73086203400004,10.837347762000036,106.73241054400006,10.83875677800006
0,106.73139663700005,10.837347762000036,106.73241054400006,10.83875677800006
0,106.73116947100004,10.838134765000063,106.73154879100008,10.838715774000036
0,106.73122178900007,10.837860765000073,106.73164978600005,10.838173763000043
0,106.73086203400004,10.838219675000062,106.73124360700007,10.838619653000023
0,106.73091979000009,10.837938767000026,106.73125678700006,10.838269765000064
0,106.73095578900006,10.837805765000041,106.73131678600004,10.838137768000024
0,106.73089978700006,10.837625767000077,106.73115878700008,10.837966767000069
1,106.73036979600005,10.837909767000042,106.73222779700006,10.840545765000059
0,106.73150979000008,10.83841303500003,106.73222779700006,10.840037761000076
0,106.73085780200006,10.83915276600004,106.73219895000005,10.840545765000059
0,106.73036979600005,10.83814576900005,106.73093179200004,10.839436770000077
0,106.73041079400008,10.837909767000042,106.73096578900004,10.838280768000061
0,106.73040680300005,10.83925676900003,106.73111780200009,10.840538769000034
1,106.73184581700008,10.84247576200005,106.73257353900004,10.843594746000065
0,106.73206081300003,10.84247576200005,106.73250581400004,10.842775764000066
0,106.73204481500005,10.842834762000052,106.73244381300009,10.843039762000046
0,106.73184581700008,10.84306222400005,106.73229119400008,10.84326976500006
0,106.73214481800005,10.843078951000052,106.73257353900004,10.843594746000065
1,106.73042881200007,10.840283771000031,106.73191751400009,10.842186464000065
0,106.73145185300007,10.840806126000075,106.73191751400009,10.842186464000065
0,106.73042881200007,10.841458770000031,106.73127981000005,10.841897065000069
0,106.73073402600005,10.841025762000072,106.73102431900008,10.841264683000077
0,106.73046281200004,10.841171534000068,106.73131624200005,10.841630769000062
0,106.73105980500009,10.84040576700005,106.73163780000004,10.84088276700004
0,106.73062580700008,10.84039476700002,106.73149680600005,10.84109356600004
0,106.73051180200008,10.840283771000031,106.73091080300009,10.840476770000066
2,106.73057484500004,10.843428757000027,106.73711782400005,10.849706553000033
1,106.73080684700005,10.846599773000037,106.73150384300004,10.848894216000076
0,106.73124867700005,10.847549771000047,106.73149953500007,10.848894216000076
0,106.73085373200007,10.847785776000023,106.73128084800004,10.848888486000021
0,106.73080684700005,10.847249773000044,106.73109384500003,10.847525775000065
0,106.73086884900005,10.847547772000041,106.73131584500004,10.847794773000032
0,106.73083684400007,10.846599773000037,106.73116684000007,10.847277771000051
0,106.73109084800006,10.847023772000057,106.73148484200004,10.847513770000035
0,106.73134484600007,10.84703877100003,106.73150384300004,10.847794773000032
1,106.73244782400008,10.843428757000027,106.73696080600007,10.846825760000058
0,106.73267883200003,10.84569345500006,106.73468219500006,10.846604200000058
0,106.73552180800004,10.843461743000034,106.73696080600007,10.843637735000073
0,106.73320581500008,10.843434755000033,106.73382281600004,10.843888755000023
0,106.73262381900008,10.843840759000045,106.73604280900008,10.843933744000026
0,106.73293683100007,10.845181758000024,106.73375483300003,10.846825760000058
0,106.73277601300003,10.843428757000027,106.73318781700004,10.84430375900007
0,106.73330882000005,10.843608757000027,106.73375582100005,10.84521675700006
0,106.73310482000005,10.843795757000066,106.73343482600006,10.845335760000069
0,106.73244782400008,10.84446276400007,106.73330282800003,10.845751997000036
1,106.73144784200008,10.845711742000049,106.73711782400005,10.848720760000049
0,106.73395578500003,10.846075400000075,106.73495083100005,10.847137757000041
0,106.73324983900005,10.846341755000026,106.73409953000004,10.848075756000071
0,106.73405384200004,10.847847750000028,106.73500106800009,10.848700714000074
0,106.73456383600006,10.846558748000064,106.73540483400006,10.848117409000054
0,106.73391716600008,10.846980752000036,106.73478583500008,10.847997024000051
0,106.73248683300005,10.846116762000065,106.73345284000004,10.847750761000043
0,106.73311284600004,10.847739760000024,106.73384484500008,10.848720760000049
0,106.73144784200008,10.847023759000024,106.73322784000004,10.847540767000055
0,106.73494683000007,10.845711742000049,106.73711782400005,10.848010112000054
1,106.73115084300008,10.843452764000062,106.73259383100009,10.847057767000024
0,106.73167284200008,10.84599733500005,106.73253483900004,10.847057767000024
0,106.73142783200007,10.845023258000026,106.73190883300003,10.84558376700005
0,106.73115084300008,10.84568476800007,106.73178106300008,10.847040769000046
0,106.73143082700005,10.843465766000065,106.73180981900003,10.844841768000038
0,106.73189671400007,10.844886763000034,106.73259383100009,10.84590776400006
0,106.73187182900006,10.844758764000062,106.73247482600004,10.84526593000004
0,106.73183782000007,10.843452764000062,106.73222559800007,10.844934765000062
1,106.73060583200004,10.843482529000028,106.73144682900005,10.846989772000029
0,106.73095552200004,10.845870486000024,106.73127563500009,10.846345193000047
0,106.73089883700004,10.845613772000036,106.73131683300005,10.845973509000032
0,106.73066769800005,10.843482529000028,106.73090582100008,10.845320773000026
0,106.73091583100006,10.843494772000042,106.73108582500004,10.845015771000021
0,106.73099183000005,10.84475277100006,106.73144682900005,10.84541777000004
0,106.73078683400007,10.844880772000067,106.73112283200004,10.845358771000065
0,106.73060583200004,10.844911772000046,106.73077883500008,10.845373773000063
0,106.73087952000009,10.846317463000048,106.73120655300005,10.846989772000029
0,106.73065684300008,10.845606774000032,106.73105383700005,10.846599772000047
1,106.73141185000009,10.847030765000056,106.73334484100008,10.84870676600002
0,106.73278784300004,10.847417759000052,106.73334484100008,10.847789761000058
0,106.73187609600006,10.848415764000038,106.73245784800008,10.848691658000064
0,106.73236484900008,10.848118763000059,106.73278784800004,10.84870676600002
0,106.73141185000009,10.847555768000063,106.73196384800008,10.848580767000044
0,106.73175384900009,10.847556767000071,106.73252038700008,10.848462922000067
0,106.73145084800007,10.847033768000074,106.73208484000008,10.84782276900006
0,106.73228684700007,10.847683912000036,106.73332884200005,10.848250763000067
0,106.73230184300007,10.847030765000056,106.73294584100006,10.847889765000048
1,106.73126108300005,10.84811004900007,106.73430584400006,10.849676507000027
0,106.73245314500008,10.84811004900007,106.73332784700006,10.849174927000035
0,106.73258403500006,10.84851575500005,106.73430584400006,10.849535760000037
0,106.73149885500004,10.848603770000068,106.73189985300007,10.848941772000046
0,106.73126297100004,10.849283398000068,106.73235243400006,10.849676507000027
0,106.73228404500009,10.84863176600004,106.73255784900005,10.84954676700005
0,106.73187384900007,10.848546765000037,106.73264888000006,10.84871776600005
0,106.73186285000008,10.848665767000057,106.73241285000006,10.849235768000028
0,106.73126108300005,10.848911175000069,106.73201385300007,10.849444981000033
1,106.73057484500004,10.846583775000056,106.73131039500004,10.849706553000033
0,106.73081185200004,10.84806734700004,106.73131039500004,10.849116270000025
0,106.73084105000004,10.84903874400004,106.73126678100004,10.849706553000033
0,106.73057685100008,10.847564775000023,106.73091084900005,10.848253776000035
0,106.73057484500004,10.846583775000056,106.73090383900006,10.847714776000032
0,106.73061285300008,10.84807577500004,106.73081766100006,10.849002778000056
2,106.73056774900004,10.841114751000077,106.73708580900006,10.849446761000024
1,106.73414082900007,10.843124740000064,106.73633380900009,10.847475751000047
0,106.73603780500008,10.843124740000064,106.73632381000004,10.843907740000077
0,106.73564281000006,10.843618742000046,106.73633380900009,10.843916744000069
0,106.73456281700004,10.843362745000036,106.73504080900005,10.844470748000049
0,106.73557182900004,10.843912743000033,106.73628381200007,10.847386743000072
0,106.73505381900009,10.844247744000029,106.73561981300008,10.844954745000052
0,106.73428982000007,10.844481750000057,106.73540381800007,10.845299934000025
0,106.73414082900007,10.845661749000044,106.73574082400006,10.847475751000047
1,106.73340184700004,10.841114751000077,106.73456681300007,10.849446761000024
0,106.73415382800005,10.843610750000039,106.73456681300007,10.846242752000023
0,106.73341284200006,10.847740757000054,106.73453784100008,10.848303758000043
0,106.73340184700004,10.848185755000031,106.73422984600006,10.849446761000024
0,106.73403181400005,10.843610750000039,106.73443381500005,10.844444752000072
0,106.73404281600006,10.841114751000077,106.73455080500008,10.843727753000053
0,106.73372181300005,10.843050753000057,106.73425347900007,10.843866752000054
0,106.73371481900006,10.843886754000039,106.73401981800004,10.844664755000053
0,106.73351248100005,10.844775753000022,106.73420782400007,10.847508757000071
1,106.73056774900004,10.84303576800005,106.73215982000005,10.844402437000042
0,106.73141281900007,10.84303576800005,106.73212581700005,10.84345376500005
0,106.73098082600006,10.843576770000027,106.73215982000005,10.844402437000042
0,106.73077860700005,10.843528770000034,106.73105382200004,10.843899771000054
0,106.73056774900004,10.843790772000034,106.73111582500007,10.844241770000053
1,106.73454580400005,10.841299913000057,106.73708580900006,10.844492736000063
0,106.73650679500008,10.841299913000057,106.73683279300008,10.841445736000026
0,106.73656779400005,10.841519735000077,106.73701979500004,10.841884736000054
0,106.73638380100004,10.84218773300006,106.73704679900004,10.842927737000025
0,106.73565380600007,10.842611739000063,106.73600280300008,10.84298674300004
0,106.73548580100004,10.84204474300003,106.73595580300008,10.84280274300005
0,106.73550580500006,10.843114742000068,106.73637080700007,10.843598738000026
0,106.73633980900007,10.842918737000048,106.73694730900007,10.84390373900004
0,106.73632581300006,10.844093739000073,106.73708580900006,10.844492736000063
0,106.73454580400005,10.841987749000054,106.73497880800005,10.843072747000065
0,106.73546480100003,10.841494742000066,106.73695379700007,10.842928742000026
2,106.73478676000008,10.834845734000055,106.73930476000004,10.840394651000054
1,106.73478678700008,10.838320733000046,106.73687378400007,10.840378242000043
0,106.73568795300008,10.839926738000031,106.73631578500004,10.840378242000043
0,106.73478678700008,10.83912474500005,106.73553178400005,10.839905743000031
0,106.73633578300007,10.839516285000059,106.73666678600006,10.840345738000053
0,106.73621078500008,10.839569735000055,106.73687378400007,10.84010373700005
0,106.73589278200006,10.839390739000066,106.73632578200005,10.840009738000049
0,106.73628862700008,10.838320733000046,106.73684177400008,10.839578738000057
1,106.73652977600005,10.837637735000044,106.73899676500008,10.840394651000054
0,106.73678178300008,10.83865864300003,106.73745578100005,10.840299802000061
0,106.73652977600005,10.837637735000044,106.73698677100003,10.838302734000024
0,106.73688688800007,10.837655729000062,106.73745637900004,10.83828225800005
0,106.73657539400006,10.838657868000041,106.73716792300007,10.838830547000043
0,106.73684377600006,10.838319553000076,106.73731409100009,10.83885768600004
0,106.73756629900004,10.83765072600005,106.73789276800005,10.838258511000049
0,106.73728195200005,10.838268725000034,106.73815489200007,10.83891858100003
0,106.73732334800007,10.83765072600005,106.73899676500008,10.840394651000054
1,106.73628176500006,10.835429732000023,106.73930476000004,10.838263139000048
0,106.73696777000004,10.837654504000056,106.73760546900007,10.838263139000048
0,106.73747376700004,10.836082727000075,106.73930476000004,10.837689719000025
0,106.73677655700004,10.837030731000027,106.73773780900007,10.837658731000033
0,106.73628176500006,10.835429732000023,106.73776575600004,10.837503733000062
1,106.73478676000008,10.834845734000055,106.73683875800003,10.837559740000074
0,106.73498077300007,10.836775742000043,106.73586777200006,10.837559740000074
0,106.73583177000006,10.836799737000035,106.73664570300008,10.837401734000025
0,106.73536776200007,10.834845734000055,106.73683875800003,10.836979733000021
0,106.73478676000008,10.834897741000077,106.73595176700007,10.837073739000061
