level,minx,miny,maxx,maxy
4,106.70927582500008,10.821438823000051,106.73930476000004,10.850754799000072
3,106.73039379300008,10.834134988000073,106.73930476000004,10.844504868000058
2,106.73536350100005,10.838658721000058,106.73886577100006,10.844504868000058
1,106.73696378600005,10.843235725000056,106.73881680500006,10.844504868000058
0,106.73747480400004,10.84332177500005,106.73783680700006,10.844073732000027
0,106.73727480800005,10.843598482000061,106.73746417800004,10.84407285900005
0,106.73711020400003,10.843596734000073,106.73728982400007,10.844055190000063
0,106.73707681000008,10.844054692000043,106.73767580900005,10.844500696000068
0,106.73775138100007,10.843615728000032,106.73869841400005,10.844066731000055
0,106.73696378600005,10.843817999000066,106.73710003000008,10.844155734000026
0,106.73737967400007,10.844077452000022,106.73881680500006,10.844504868000058
0,106.73789480100004,10.843235725000056,106.73857380000004,10.843601728000067
1,106.73538679600006,10.840436737000061,106.73637679900008,10.842546742000025
0,106.73558579400009,10.840767739000057,106.73607379200007,10.841130743000065
0,106.73574779200004,10.840436737000061,106.73618779100008,10.840767742000025
0,106.73539479400006,10.84108374300007,106.73600879300005,10.842546742000025
0,106.73590880100005,10.84097674000003,106.73637679900008,10.842522637000059
0,106.73538679600006,10.84086674300005,106.73551379400004,10.840984743000035
0,106.73548979400005,10.840836742000022,106.73560079400005,10.84109174100007
0,106.73605479000008,10.84075673700005,106.73621779400008,10.841001738000045
0,106.73539179200009,10.840560743000026,106.73561579200003,10.840799744000037
0,106.73561279000006,10.840538742000035,106.73577179100005,10.840779742000052
1,106.73622379100004,10.840676734000056,106.73695379700007,10.84250873600007
0,106.73645379000004,10.84077973500007,106.73691079000008,10.841173737000076
0,106.73656479800007,10.841798736000044,106.73695379700007,10.84250873600007
0,106.73655179500008,10.841489735000039,106.73694679600004,10.841897374000041
0,106.73650679500008,10.841299913000057,106.73686179200007,10.841579737000075
0,106.73622979300006,10.840904739000052,106.73636479300006,10.841065738000054
0,106.73622379100004,10.840741738000077,106.73650279000009,10.841177738000056
0,106.73648778900008,10.840676734000056,106.73685379000005,10.84085073600005
1,106.73678178300008,10.838658721000058,106.73886577100006,10.84249173400002
0,106.73691979300008,10.84164673400005,106.73733079600004,10.841876734000039
0,106.73791878200007,10.838658721000058,106.73886577100006,10.840888130000053
0,106.73738465400004,10.842006727000069,106.73828779600007,10.842464732000053
0,106.73704678300004,10.839679732000036,106.73803978500007,10.840901728000063
0,106.73685779700008,10.841843733000076,106.73738379700006,10.84249173400002
0,106.73735579500004,10.841635537000059,106.73829505600008,10.842057729000032
0,106.73728579300007,10.841084404000071,106.73834392600008,10.841674732000058
0,106.73684519600005,10.841326196000068,106.73727779300003,10.841691734000051
0,106.73678178300008,10.839613733000022,106.73727778300008,10.84094073500006
1,106.73669080000008,10.84239672700005,106.73858380200005,10.843602731000033
0,106.73703177300007,10.842694186000074,106.73751375700004,10.843043899000065
0,106.73671046800007,10.84288771200005,106.73701475100006,10.843317738000053
0,106.73747983400006,10.843073731000061,106.73788716500007,10.843331684000077
0,106.73735610000006,10.843081626000071,106.73755969700005,10.843412244000035
0,106.73692980700008,10.84307373400003,106.73738908900003,10.843599735000055
0,106.73772398600005,10.84304372500003,106.73858380200005,10.843602731000033
0,106.73745579900009,10.84239672700005,106.73843928900004,10.843035732000033
0,106.73702112600006,10.842462733000048,106.73749111200004,10.842718833000049
0,106.73669080000008,10.842520671000045,106.73700725200007,10.842932774000076
1,106.73614178700007,10.838673734000054,106.73693579100006,10.840772738000055
0,106.73619934300007,10.840556954000022,106.73650178900004,10.840772738000055
0,106.73647378800007,10.840507735000074,106.73682378700005,10.840722736000032
0,106.73619391600005,10.840350737000051,106.73654378800006,10.840590736000024
0,106.73622478700008,10.840088736000041,106.73657878700004,10.840376737000042
0,106.73651478800008,10.840022733000069,106.73693579100006,10.840576835000036
0,106.73614178700007,10.83949629600005,106.73666678600006,10.84010373700005
0,106.73654541100007,10.838673734000054,106.73687378400007,10.840046735000044
1,106.73536350100005,10.839331741000024,106.73633589800005,10.840561743000023
0,106.73536350100005,10.840179739000064,106.73586544000005,10.840561743000023
0,106.73584078800008,10.84015273700004,106.73633589800005,10.840531115000033
0,106.73553278600008,10.839620737000075,106.73633478600004,10.840164741000024
0,106.73540978900007,10.839331741000024,106.73632578200005,10.839688744000057
1,106.73536680500007,10.84259174500005,106.73672802800007,10.84360773800006
0,106.73634480500004,10.842836738000074,106.73672802800007,10.84360773800006
0,106.73638380100004,10.84260273700005,106.73665180100005,10.842843738000056
0,106.73599380200005,10.84260873900007,106.73645780300006,10.843094741000073
0,106.73586880600004,10.84311574000003,106.73637080700007,10.843598738000026
0,106.73583980200004,10.842611739000063,106.73601580600007,10.843094741000073
0,106.73564380200008,10.842611741000042,106.73582180800008,10.843095743000049
0,106.73550580500006,10.843114742000068,106.73595080900009,10.843597744000022
0,106.73536680500007,10.84259174500005,106.73565580400003,10.843097744000033
2,106.73287781400006,10.842480757000033,106.73552243500006,10.843732759000034
1,106.73289481700004,10.843049754000049,106.73372381100006,10.843732759000034
0,106.73319781600009,10.843474757000024,106.73344681600008,10.843727757000067
0,106.73320281600007,10.843049754000049,106.73372381100006,10.843587755000044
0,106.73289481700004,10.843258757000058,106.73320681900009,10.843732759000034
0,106.73319881200007,10.843091756000035,106.73330081300008,10.843318755000041
1,106.73487010500008,10.842571105000047,106.73552243500006,10.84361074800006
0,106.73504276900007,10.843115743000055,106.73552243500006,10.843605745000048
0,106.73489280900009,10.84332574800004,106.73505181100006,10.84361074800006
0,106.73488580900005,10.843162747000065,106.73503780900006,10.843353747000037
0,106.73488269700005,10.842941783000072,106.73498480800004,10.843166746000065
0,106.73487010500008,10.842571105000047,106.73551046300008,10.843179747000022
1,106.73365601300009,10.84252140500007,106.73488681100008,10.843727753000053
0,106.73459980800004,10.842888748000064,106.73488681100008,10.843604748000075
0,106.73426037700006,10.84302385500007,106.73451657300006,10.843434124000055
0,106.73425580800006,10.842545689000076,106.73448848500004,10.843064749000064
0,106.73411680900006,10.842538271000024,106.73424181000007,10.84306175200004
0,106.73447980900005,10.842549757000029,106.73484880900008,10.843067749000056
0,106.73425488600009,10.84254134400004,106.73437554500003,10.842729778000034
0,106.73365601300009,10.84252140500007,106.73416981100007,10.843065753000076
0,106.73378381700007,10.843608753000069,106.73486081400006,10.843727753000053
0,106.73372381200005,10.84304975200007,106.73425347900007,10.843592755000032
0,106.73372181300005,10.843302754000035,106.73382481200008,10.843578755000067
1,106.73287781400006,10.842480757000033,106.73366981100008,10.843323756000075
0,106.73318681100005,10.842914743000051,106.73344181400006,10.843323756000075
0,106.73290481400005,10.84308076000002,106.73318281600007,10.843258758000047
0,106.73291181500008,10.842778757000076,106.73319181200009,10.843056759000035
0,106.73339181100005,10.842510754000045,106.73366981100008,10.84326240200005
0,106.73338180800005,10.84250475600004,106.73352981100004,10.842831755000077
0,106.73305181100005,10.842507758000067,106.73337569200004,10.842923757000051
0,106.73287781400006,10.842480757000033,106.73304481100007,10.843055760000027
2,106.73281878800009,10.838552753000045,106.73556078900003,10.842527743000062
1,106.73365779300008,10.83956174900004,106.73455278900008,10.840128961000062
0,106.73367962600008,10.839896752000072,106.73399461500009,10.840123702000028
0,106.73412475600009,10.839882659000068,106.73450003700003,10.840128961000062
0,106.73394264900008,10.839844501000073,106.73416970800008,10.840124160000073
0,106.73368679100008,10.839746753000043,106.73402868400007,10.839926959000024
0,106.73409794200006,10.839583177000065,106.73455278900008,10.839884747000042
0,106.73365779300008,10.83956174900004,106.73414294900005,10.839840750000064
1,106.73305480700009,10.84134444600005,106.73548679800007,10.842527743000062
0,106.73324041900008,10.841554856000073,106.73344370200005,10.841859063000072
0,106.73305480700009,10.841837093000038,106.73338480600006,10.842426836000072
0,106.73332880800007,10.841680275000044,106.73380390500006,10.842445755000028
0,106.73358881100006,10.841947337000022,106.73386884500007,10.842454604000068
0,106.73377304100006,10.84134444600005,106.73460280200004,10.842485749000048
0,106.73462780500006,10.842274750000058,106.73495580300005,10.842498747000036
0,106.73309714500004,10.841520356000046,106.73330832200008,10.841872372000068
0,106.73497280200007,10.841485746000046,106.73548679800007,10.842527743000062
0,106.73454080500005,10.841461748000029,106.73523880100004,10.842517745000066
1,106.73294580300006,10.840945757000043,106.73380980000007,10.841580178000072
0,106.73298480400007,10.841282604000071,106.73336368400004,10.84154529500006
0,106.73354962900004,10.841029753000043,106.73380980000007,10.841307250000057
0,106.73322857900007,10.840995061000058,106.73355661900007,10.841331668000066
0,106.73330609600004,10.841307431000075,106.73349578000006,10.841580178000072
0,106.73294580300006,10.840945757000043,106.73322079900004,10.841261274000033
1,106.73283579800005,10.840106238000033,106.73555479500004,10.841876748000061
0,106.73375882800008,10.840133752000042,106.73491179700005,10.841197747000024
0,106.73538679500007,10.840840742000069,106.73553279500004,10.841015742000025
0,106.73487779200008,10.84016374500004,106.73555479500004,10.841325742000038
0,106.73400111000007,10.841098751000061,106.73491279800004,10.841876748000061
0,106.73283579800005,10.840106238000033,106.73379179400007,10.840932893000058
0,106.73389810200007,10.841086752000024,106.73407579800005,10.841299529000025
0,106.73295280700006,10.841277367000032,106.73399320000004,10.841799511000033
0,106.73377380000005,10.841062752000028,106.73398779800004,10.841287976000046
1,106.73282779800007,10.839544351000029,106.73370779200008,10.840112042000044
0,106.73347450400007,10.839870752000024,106.73370379100004,10.840112042000044
0,106.73282779800007,10.839938758000073,106.73310179400005,10.84008375600007
0,106.73339979500008,10.839862753000034,106.73350279300007,10.840107433000071
0,106.73310479400004,10.83982975500004,106.73342779200004,10.840106754000033
0,106.73321379300006,10.839705755000068,106.73348279100009,10.839835753000045
0,106.73346432900007,10.839574623000033,106.73370779200008,10.839876751000077
0,106.73308679400009,10.839544351000029,106.73349146700008,10.839741754000045
1,106.73446478800008,10.839008748000026,106.73556078900003,10.840164741000024
0,106.73448882100007,10.839904749000027,106.73471679000005,10.84012474800005
0,106.73446478800008,10.839418379000051,106.73492078600009,10.839640745000054
0,106.73487178700009,10.839107746000025,106.73553178400005,10.839688744000057
0,106.73494479000004,10.839667744000053,106.73556078900003,10.840164741000024
0,106.73468578800004,10.839644747000023,106.73497878800003,10.840130745000067
0,106.73454678500008,10.839008748000026,106.73494278500004,10.839469747000066
0,106.73447378800006,10.839630746000068,106.73473179100006,10.839918746000023
1,106.73281878800009,10.838593755000034,106.73368178600003,10.839595756000051
0,106.73318325700006,10.839010754000071,106.73368178600003,10.83928575300007
0,106.73339579100008,10.839464754000062,106.73357679100008,10.839569753000035
0,106.73281979300003,10.839302755000062,106.73312579100008,10.839595756000051
0,106.73336079000006,10.839252754000029,106.73362578900009,10.839483752000035
0,106.73310405700005,10.839218997000046,106.73343179200003,10.839573075000033
0,106.73287479300006,10.839154755000038,106.73316878900005,10.839346000000035
0,106.73290679100006,10.838997757000072,106.73322379100006,10.839190755000061
0,106.73281878800009,10.838593755000034,106.73352378700008,10.839078753000024
1,106.73348478700007,10.838552753000045,106.73468878700004,10.83961974600004
0,106.73381379000006,10.839344750000066,106.73404379000004,10.839595750000058
0,106.73356379200004,10.839296753000042,106.73385479000007,10.839605752000068
0,106.73384225600006,10.839190531000042,106.73402231200004,10.839341604000026
0,106.73400379000009,10.838879748000068,106.73468878700004,10.83961974600004
0,106.73348478700007,10.838552753000045,106.73428378600005,10.839351704000023
2,106.73055978800005,10.834134988000073,106.73930476000004,10.839178154000024
1,106.73163078700009,10.835406756000054,106.73443876800008,10.838695757000039
0,106.73305611400008,10.835862629000076,106.73338874400008,10.836156662000064
0,106.73304947300005,10.835515752000049,106.73412208300005,10.836684752000053
0,106.73262177700008,10.835978753000063,106.73443876800008,10.837642324000058
0,106.73240978900009,10.837959289000025,106.73331378500006,10.838695757000039
0,106.73163078700009,10.837347762000036,106.73248678700008,10.838324420000049
0,106.73185142300008,10.835406756000054,106.73313553100007,10.83683224400005
1,106.73581043700005,10.836728736000055,106.73691490200008,10.838751608000052
0,106.73628862700008,10.838320733000046,106.73691490200008,10.838751608000052
0,106.73647350700008,10.837311224000075,106.73682089600004,10.837982733000047
0,106.73633400100005,10.837007293000056,106.73672176900004,10.837776736000023
0,106.73616177500008,10.837839734000056,106.73675177400008,10.838304708000067
0,106.73588322600006,10.83730838200006,106.73652877000006,10.838422938000065
0,106.73581043700005,10.836799737000035,106.73643589000005,10.837606245000075
0,106.73588877800006,10.837939738000046,106.73640317500008,10.838319740000031
0,106.73601077000006,10.836728736000055,106.73630976800007,10.836819734000073
1,106.73291479100004,10.836531746000048,106.73629635600008,10.839155756000025
0,106.73388892900005,10.837296743000024,106.73539104800005,10.838271879000047
0,106.73547845400009,10.83833273700003,106.73588577900006,10.838479739000036
0,106.73518377500005,10.837324736000028,106.73626177300008,10.838030943000035
0,106.73587413000007,10.838326466000069,106.73629635600008,10.838613475000045
0,106.73528343500004,10.837892926000052,106.73596727500006,10.83833500000003
0,106.73498077300007,10.836775742000043,106.73586777200006,10.837559740000074
0,106.73291479100004,10.838317754000059,106.73452278400003,10.839155756000025
0,106.73399977700007,10.836531746000048,106.73512076900005,10.83756694300007
1,106.73666477600005,10.836082727000075,106.73930476000004,10.839178154000024
0,106.73681497300004,10.83833736400004,106.73709407300004,10.838814226000068
0,106.73721749700007,10.837652460000072,106.73775579800008,10.83809255500006
0,106.73733177000008,10.83672272800004,106.73786768700006,10.837658731000033
0,106.73716417200006,10.837951740000051,106.73771859100003,10.83827734600004
0,106.73666477600005,10.837644732000058,106.73745637900004,10.83829673200006
0,106.73666976900006,10.837017167000056,106.73740176600006,10.837639731000024
0,106.73768044600007,10.83765072600005,106.73899676500008,10.839178154000024
0,106.73756376300008,10.836082727000075,106.73930476000004,10.837689719000025
0,106.73707324100008,10.838291728000058,106.73776877800009,10.83891858100003
1,106.73055978800005,10.835557755000025,106.73200831400004,10.838173763000043
0,106.73122178900007,10.837842765000062,106.73164978600005,10.838173763000043
0,106.73086979100009,10.837780767000027,106.73111278800008,10.837966767000069
0,106.73107978900003,10.837868766000042,106.73126578700004,10.838092767000035
0,106.73062479000004,10.837891769000066,106.73107279000004,10.838148768000053
0,106.73141149700007,10.835575762000076,106.73200831400004,10.836263743000075
0,106.73113278800008,10.837036763000071,106.73179778400004,10.837914762000025
0,106.73072178900009,10.837571768000032,106.73115878700008,10.837827765000043
0,106.73067178800005,10.837733769000067,106.73089978800004,10.83791676800007
0,106.73055978800005,10.835557755000025,106.73149990100006,10.837660765000066
1,106.73396763400007,10.834134988000073,106.73776575600004,10.837073739000061
0,106.73536776200007,10.834845734000055,106.73776575600004,10.83704272700004
0,106.73495077100006,10.835633739000059,106.73595176700007,10.837073739000061
0,106.73399777000009,10.835613744000057,106.73516476600008,10.83676274100003
0,106.73530575900008,10.834158737000052,106.73618275500007,10.835308738000037
0,106.73396763400007,10.834134988000073,106.73562075600006,10.835885742000073
2,106.73041182100008,10.841800765000073,106.73319167600005,10.843674769000074
1,106.73046682400008,10.84301522900006,106.73167281700006,10.843674769000074
0,106.73046682400008,10.843444774000034,106.73094982200007,10.84361677000004
0,106.73081227200004,10.843292770000062,106.73139382000005,10.843674769000074
0,106.73138081800005,10.843034769000042,106.73167281700006,10.843585768000025
0,106.73128781800006,10.843029769000054,106.73144381900005,10.843298768000068
0,106.73055666900007,10.84301522900006,106.73134181800003,10.843296770000052
1,106.73213581400006,10.842479655000034,106.73317781200006,10.843594746000065
0,106.73281181000004,10.842493759000035,106.73317781200006,10.84279770300003
0,106.73250820700008,10.842768067000065,106.73314681200009,10.843053762000068
0,106.73250813100009,10.843078107000053,106.73277667200006,10.843570441000054
0,106.73276881500004,10.84308076000002,106.73307281400008,10.843330761000061
0,106.73217213700008,10.843079709000051,106.73238479600008,10.843191301000047
0,106.73224581300008,10.842479762000039,106.73252280200006,10.843036761000064
0,106.73224102300009,10.842479655000034,106.73263234600006,10.842764762000058
0,106.73214481800005,10.843079360000047,106.73250840800006,10.843594746000065
0,106.73213581400006,10.842900763000046,106.73222981500004,10.843039762000046
1,106.73158081900004,10.842459766000047,106.73222781400005,10.843590765000044
0,106.73204481500005,10.842774764000069,106.73222781400005,10.842956764000064
0,106.73198181700008,10.842782764000049,106.73213881700008,10.843326765000029
0,106.73168181800008,10.843153766000057,106.73198781700006,10.84326976500006
0,106.73202481200008,10.84246276400006,106.73222381400006,10.842783764000046
0,106.73158081900004,10.842459766000047,106.73205381600008,10.84325676700007
0,106.73165981900007,10.843355767000048,106.73198982100007,10.843590765000044
0,106.73167281700006,10.843260766000071,106.73212681800004,10.84338176500006
1,106.73041182100008,10.842019482000069,106.73168881400005,10.843075772000077
0,106.73056681500009,10.842043493000062,106.73108896100007,10.842520451000041
0,106.73118690300004,10.842019482000069,106.73168881400005,10.842416766000042
0,106.73041681600006,10.842175772000076,106.73060081600005,10.842536695000035
0,106.73097962600008,10.842670052000074,106.73124382000009,10.842988769000044
0,106.73057281800004,10.84266277100005,106.73090081700008,10.843075772000077
0,106.73074081900006,10.842624771000033,106.73093281800004,10.842862771000057
0,106.73041182100008,10.842587773000048,106.73067281900006,10.842836772000055
0,106.73108488000008,10.84242742300006,106.73162481600008,10.843011767000064
0,106.73046254400003,10.84238948500007,106.73098415100009,10.842683616000045
1,106.73164081100003,10.841800765000073,106.73319167600005,10.842422783000075
0,106.73236839000003,10.84183075900006,106.73319167600005,10.842422783000075
0,106.73227881200006,10.841996761000075,106.73236980800004,10.842187762000037
0,106.73174081100007,10.841941765000058,106.73218281200008,10.842122764000067
0,106.73211957800004,10.842099761000043,106.73243180900005,10.842405523000025
0,106.73236781000008,10.841974761000074,106.73245880900004,10.842112761000067
0,106.73232280800005,10.841864762000057,106.73239880800008,10.84200676100005
0,106.73176780900008,10.841800765000073,106.73221380900009,10.841972763000058
0,106.73164081100003,10.842046766000067,106.73214781000007,10.842419763000066
0,106.73235080900008,10.841811759000052,106.73249580900006,10.84189476000006
2,106.73039379300008,10.838037241000052,106.73320879200008,10.842195403000062
1,106.73089086700008,10.838041764000025,106.73234907900007,10.839472847000025
0,106.73146978800008,10.838041764000025,106.73234907900007,10.838786611000046
0,106.73135979500006,10.838585765000062,106.73225214400009,10.839472847000025
0,106.73110209900005,10.838134765000063,106.73154879100008,10.838586484000075
0,106.73104978900005,10.83804976700003,106.73123379000003,10.838574808000033
0,106.73103745400005,10.838677423000036,106.73142479400008,10.839035317000025
0,106.73092138300007,10.838534528000025,106.73139812700003,10.838799724000069
0,106.73089086700008,10.838084767000055,106.73115793500006,10.838645350000036
1,106.73040680300005,10.83899176600005,106.73231479400005,10.840244770000027
0,106.73040680300005,10.839212769000028,106.73105179800007,10.840244770000027
0,106.73090480400003,10.83915276600004,106.73198451900004,10.840235767000024
0,106.73183845900007,10.83903876200003,106.73231479400005,10.839465759000063
0,106.73108279600007,10.83899176600005,106.73139779400009,10.83928776700003
1,106.73042881200007,10.841096399000037,106.73193280400005,10.842195403000062
0,106.73104561700006,10.841132053000024,106.73137613600005,10.841539768000075
0,106.73127343000004,10.841780964000066,106.73158781000006,10.842145766000044
0,106.73049146500006,10.84176276900007,106.73122381000007,10.842195403000062
0,106.73065731800006,10.841588769000055,106.73127180900008,10.841897065000069
0,106.73042881200007,10.841096399000037,106.73131624200005,10.84176276900007
0,106.73136550900006,10.841156217000048,106.73193280400005,10.842035765000048
1,106.73178980800009,10.84078075800005,106.73314799700006,10.842163761000052
0,106.73277380100006,10.84078075800005,106.73314799700006,10.841357816000027
0,106.73209780600007,10.841241418000038,106.73231990200009,10.84153776200003
0,106.73218394300005,10.841225276000046,106.73259450600005,10.841373243000021
0,106.73180380900004,10.841293999000072,106.73209678200004,10.841827763000026
0,106.73201481000007,10.841509764000023,106.73239985400005,10.842163761000052
0,106.73204580400005,10.840849763000051,106.73261280100007,10.841269762000024
0,106.73227872800004,10.841121758000043,106.73312170100007,10.841862756000069
0,106.73178980800009,10.840832763000037,106.73210967400007,10.841317589000028
0,106.73256191100006,10.84090375900007,106.73285380100003,10.841391876000046
1,106.73170285200007,10.840213757000072,106.73298479800007,10.840826758000048
0,106.73262779800007,10.84028175800006,106.73276664900004,10.840436759000056
0,106.73276079900006,10.840491760000077,106.73295679800003,10.840796758000067
0,106.73263280100008,10.840544758000021,106.73278580300007,10.840826758000048
0,106.73170285200007,10.840495769000029,106.73265680000009,10.840816759000063
0,106.73260079900007,10.840426759000025,106.73278379900006,10.840570760000048
0,106.73178423900004,10.840220806000048,106.73261755200008,10.840540760000067
0,106.73272279900004,10.840213757000072,106.73298479800007,10.84049675700004
1,106.73043480800004,10.840103768000063,106.73188080300008,10.841252930000053
0,106.73076864700005,10.84094805500007,106.73142938600006,10.841252930000053
0,106.73048880700009,10.840972771000054,106.73081673600007,10.841194173000076
0,106.73156290300005,10.840806126000075,106.73188080300008,10.84119176400003
0,106.73062580700008,10.84045874700007,106.73163780000004,10.84109356600004
0,106.73106980400007,10.840383768000038,106.73135782900005,10.84061523400004
0,106.73043580800004,10.840529772000025,106.73079280400003,10.84102977200007
0,106.73043480800004,10.840114773000039,106.73080823600009,10.840468882000039
0,106.73080880300006,10.840103768000063,106.73174622000005,10.840545765000059
1,106.73188073600005,10.83941175800004,106.73320879200008,10.84028575700006
0,106.73188073600005,10.83987884000004,106.73244479600004,10.840264760000025
0,106.73264579700009,10.839904758000046,106.73299979600006,10.84028575700006
0,106.73219003300005,10.839893760000052,106.73265031400007,10.840262850000045
0,106.73248979500005,10.839470758000061,106.73320879200008,10.840061757000058
0,106.73200825000004,10.83942975900004,106.73258279700008,10.839916759000062
0,106.73254479300005,10.83941175800004,106.73285379300006,10.839588758000048
1,106.73218079300005,10.838037758000041,106.73318578600004,10.839458756000056
0,106.73258879300005,10.839187515000049,106.73288679200004,10.839458756000056
0,106.73218079300005,10.838957760000028,106.73278479100009,10.839439758000026
0,106.73231079000004,10.838245423000046,106.73282678800007,10.839062757000022
0,106.73269378700007,10.838223267000046,106.73318578600004,10.839210757000046
0,106.73252339000004,10.838058043000046,106.73298478400005,10.838433756000029
0,106.73271578400005,10.838037758000041,106.73291278500005,10.838395755000022
1,106.73039379300008,10.838037241000052,106.73108379400009,10.839436770000077
0,106.73050779700009,10.838729790000059,106.73108379400009,10.839436770000077
0,106.73062579600008,10.838562592000073,106.73096226000007,10.838996525000027
0,106.73047279400004,10.838500769000063,106.73070279200005,10.838654768000026
0,106.73039379300008,10.838037241000052,106.73096578900004,10.838627771000063
3,106.71739479900003,10.821438823000051,106.72296273900008,10.83544684100002
2,106.71739479900003,10.832030829000075,106.72295778200004,10.83544684100002
1,106.72162798700003,10.832379977000073,106.72244578400006,10.833565815000043
0,106.72224578600009,10.83281576500002,106.72244578400006,10.83347681500004
0,106.72214541600005,10.83285281600007,106.72226278500005,10.833107648000066
0,106.72213878600007,10.833014816000059,106.72228178600005,10.833474815000045
0,106.72202478700007,10.833402817000035,106.72226678700008,10.833565815000043
0,106.72171817600008,10.832379977000073,106.72238081500007,10.833090667000022
0,106.72162798700003,10.833010826000077,106.72218078400005,10.833528817000058
1,106.71987680200004,10.833464820000074,106.72280084800008,10.835335831000066
0,106.72235079400008,10.834792815000071,106.72247279200008,10.834922816000073
0,106.72226079500007,10.83467381500003,106.72248479200005,10.834809815000028
0,106.72226579400007,10.834515817000067,106.72248879100005,10.83469181700002
0,106.72156378900007,10.833464820000074,106.72206678800006,10.833965817000035
0,106.72212177700004,10.834507418000044,106.72280084800008,10.835251715000027
0,106.71987680200004,10.833854828000028,106.72058880000009,10.835335831000066
0,106.72061479400008,10.833817826000029,106.72218000400005,10.835051822000025
0,106.72197879400005,10.833563816000037,106.72250179100007,10.834519815000021
0,106.72059479100005,10.833505353000021,106.72159410000006,10.833947756000043
1,106.72225178800005,10.832491813000047,106.72295778200004,10.833995509000033
0,106.72235728600003,10.832491813000047,106.72281878200005,10.833194813000034
0,106.72252779000007,10.833658812000067,106.72289478600004,10.833823813000038
0,106.72233978600008,10.833534815000064,106.72250778700004,10.833797814000036
0,106.72254178500003,10.833400813000026,106.72294278300006,10.833600812000043
0,106.72251778800006,10.833803813000031,106.72288495800007,10.833995509000033
0,106.72225178800005,10.833398815000066,106.72250478500007,10.833583814000065
0,106.72268378500007,10.83329281400006,106.72295778200004,10.833420812000043
0,106.72238278400005,10.83320681400005,106.72253778600003,10.833413814000039
0,106.72256878400009,10.83308781200003,106.72286673500008,10.833321139000077
1,106.72043678600005,10.832402825000031,106.72175178200007,10.833747451000022
0,106.72048078800009,10.833171824000033,106.72116606400004,10.833671123000045
0,106.72156278700004,10.832598818000065,106.72175178200007,10.832963819000042
0,106.72122177300008,10.832525821000047,106.72167178200004,10.832933819000061
0,106.72115942200008,10.83282581800006,106.72170078800008,10.833747451000022
0,106.72110778700005,10.832692823000059,106.72131778500005,10.832906342000058
0,106.72043678600005,10.832402825000031,106.72121582100004,10.833232757000076
1,106.71739479900003,10.832030829000075,106.72030179400008,10.83544684100002
0,106.71746979800008,10.832553841000049,106.71814579400007,10.833067841000059
0,106.71781380800007,10.834182842000075,106.71890580100006,10.83544684100002
0,106.71753780000006,10.832030829000075,106.72030179400008,10.83387682600005
0,106.71921980200005,10.834286833000021,106.71989980000006,10.83532783100003
0,106.71798780100005,10.83370584000005,106.71991679700005,10.834558836000042
0,106.71810079500005,10.832618839000077,106.71849379100007,10.832931837000046
0,106.71874180600008,10.834511835000058,106.71931180200005,10.83525383500006
0,106.71740368700006,10.834246364000023,106.71789980400007,10.835109842000065
0,106.71772180400006,10.83369384200006,106.71811779800004,10.834531843000036
0,106.71739479900003,10.832123843000034,106.71781479200007,10.833976843000073
2,106.71740178200008,10.829258828000036,106.72003777100008,10.831670837000047
1,106.71817278500004,10.83004683400003,106.71975077700006,10.831670837000047
0,106.71897715400007,10.83053183100003,106.71953048800003,10.83105583300005
0,106.71841278300008,10.831083585000044,106.71895222100005,10.831670837000047
0,106.71883578100005,10.830986000000053,106.71975077700006,10.831633832000023
0,106.71869778100006,10.830569031000039,106.71903050300006,10.830999833000021
0,106.71818078000007,10.83004683400003,106.71877377900006,10.830794836000052
0,106.71865578200004,10.830919833000053,106.71896078200007,10.831262835000075
0,106.71817278500004,10.831153838000034,106.71848978300005,10.831569337000076
0,106.71853278000003,10.830690835000041,106.71875878000009,10.831120230000067
0,106.71825278200004,10.830770838000035,106.71865078000008,10.831157836000045
1,106.71740178200008,10.829936217000068,106.71848177500004,10.831514839000022
0,106.71804177500007,10.831140841000035,106.71837603000006,10.831514839000022
0,106.71785978200006,10.830571220000024,106.71835878000007,10.831055838000054
0,106.71822077600007,10.829992837000077,106.71848177500004,10.830323837000037
0,106.71787785100008,10.83109287700006,106.71811433100004,10.831472287000054
0,106.71744378300008,10.830419841000037,106.71793172900004,10.831392840000035
0,106.71740178200008,10.829936217000068,106.71796777700007,10.83037784000004
1,106.71762378100004,10.82972484000004,106.71836777400006,10.830694840000035
0,106.71789878200008,10.830340837000051,106.71824577900009,10.830694840000035
0,106.71816177900007,10.830264838000062,106.71835777900009,10.830482837000034
0,106.71786177800004,10.830073839000022,106.71822777800008,10.830267838000054
0,106.71793304700009,10.829939839000076,106.71812477700007,10.830098839000073
0,106.71809277700004,10.829977837000058,106.71835777600006,10.830279838000024
0,106.71775478100005,10.830257839000069,106.71813877800008,10.830509838000069
0,106.71762378100004,10.82972484000004,106.71793078000007,10.830661286000066
0,106.71785477600008,10.829805839000073,106.71817177700007,10.829986839000071
0,106.71798278100005,10.830207838000035,106.71818277900007,10.830324836000045
0,106.71811770000005,10.829770756000073,106.71836777400006,10.830066835000025
1,106.71874677500006,10.829511827000033,106.72003777100008,10.830775828000071
0,106.71875577700007,10.830140834000076,106.71921377600006,10.830502611000043
0,106.71961977700005,10.830489829000044,106.71986277600007,10.830775828000071
0,106.71877129900008,10.830443934000073,106.71966877600005,10.830668239000033
0,106.71970077600008,10.830171828000061,106.71991346500005,10.830454773000042
0,106.71915777700008,10.830035830000043,106.71983622100004,10.830561832000058
0,106.71880477500008,10.829674832000023,106.71937577300008,10.830244832000062
0,106.71874677500006,10.829640832000052,106.71898277500009,10.830080833000068
0,106.71932277200006,10.829511827000033,106.72003777100008,10.830199828000048
1,106.71832277500005,10.829429836000031,106.71887477200005,10.830645835000041
0,106.71832277500005,10.82946483400002,106.71887477200005,10.830102835000048
0,106.71858077900004,10.830058834000056,106.71880177500009,10.83045883400007
0,106.71853178000003,10.830392834000065,106.71879377700009,10.830645835000041
0,106.71837477300005,10.829448834000061,106.71878377100006,10.829722835000041
0,106.71842277800005,10.83001583600003,106.71860477600006,10.830249835000075
0,106.71839277800007,10.830229836000058,106.71864277700007,10.830367835000061
0,106.71833377900003,10.830312837000065,106.71863077800003,10.830469836000077
0,106.71838777300007,10.829429836000031,106.71874177200004,10.829653835000045
1,106.71740477600008,10.82934184000004,106.71841577400005,10.829888840000024
0,106.71790477700006,10.829551838000043,106.71808277600007,10.82980683900007
0,106.71804077700006,10.829548837000061,106.71841577400005,10.829846706000069
0,106.71794977300004,10.829407838000066,106.71840077200005,10.829585827000074
0,106.71759677700004,10.829342839000049,106.71794977400003,10.829888840000024
0,106.71740477600008,10.82934184000004,106.71765477600007,10.829868840000074
1,106.71875777300005,10.829258828000036,106.71996777100009,10.82973583200004
0,106.71887613900009,10.829343833000053,106.71905077000008,10.829662834000032
0,106.71959177000008,10.829258828000036,106.71996777100009,10.829675828000063
0,106.71898877100006,10.829481831000066,106.71939877000005,10.82973583200004
0,106.71875777300005,10.829367833000049,106.71892077000007,10.829601172000025
0,106.71902177200008,10.829280831000062,106.71936476900004,10.829544830000032
0,106.71928777000005,10.829288830000053,106.71962177000006,10.82959683100006
2,106.71952675000006,10.823873814000024,106.72296273900008,10.827335840000046
1,106.72131174200007,10.825154301000055,106.72296273900008,10.826948810000033
0,106.72197974600004,10.826398813000026,106.72226774400008,10.826825812000038
0,106.72184374500006,10.826385814000048,106.72204574600005,10.826796815000023
0,106.72146074600005,10.82633981400005,106.72189874600008,10.826777814000025
0,106.72147874500007,10.826190814000029,106.72228374300005,10.82643081200007
0,106.72221874800005,10.826013809000074,106.72296273900008,10.826948810000033
0,106.72240674000005,10.825847808000049,106.72271273900009,10.826065809000056
0,106.72151074500005,10.825607815000069,106.72237674100006,10.826283811000053
0,106.72240873700008,10.825225809000074,106.72295846500003,10.825894808000044
0,106.72131174200007,10.825154301000055,106.72246373700006,10.82566280900005
1,106.72130073900007,10.823873814000024,106.72295273000009,10.825339814000074
0,106.72130073900007,10.824983815000053,106.72218033600006,10.825339814000074
0,106.72207473500004,10.824522810000076,106.72295273000009,10.82506980900007
0,106.72184873100008,10.824131808000061,106.72273173000008,10.824531810000053
0,106.72137473600009,10.823873814000024,106.72206773200008,10.82493781200003
1,106.72055475300004,10.825150817000065,106.72164074500006,10.827126814000053
0,106.72135154900008,10.826739520000046,106.72159874900007,10.827126814000053
0,106.72129674900003,10.826311817000033,106.72164074500006,10.826766815000042
0,106.72098874100004,10.825188817000026,106.72144474000004,10.825609832000055
0,106.72071874200009,10.825150817000065,106.72102574000007,10.825563818000035
0,106.72059374900005,10.825529820000042,106.72157674000005,10.826720816000034
0,106.72055475300004,10.826618822000057,106.72141745200008,10.827101386000038
1,106.71984574000004,10.824530823000032,106.72171473600008,10.825197819000039
0,106.72107973600004,10.824546815000076,106.72152673500005,10.824813815000027
0,106.72104473700006,10.824763817000076,106.72171473600008,10.825012816000026
0,106.72103773900005,10.824973816000067,106.72133473700006,10.825149817000067
0,106.72021274200006,10.824794818000044,106.72101273600003,10.825197819000039
0,106.72005974100006,10.824727823000046,106.72043073700007,10.82503782200007
0,106.71995974100008,10.824754823000035,106.72002774100008,10.825025824000022
0,106.71984574000004,10.824530823000032,106.72102573700005,10.824820819000024
1,106.71967174300005,10.82472182400005,106.72022374100004,10.82527282500007
0,106.71981074100006,10.824794822000058,106.71998174000004,10.82527282500007
0,106.71969074300006,10.82472182400005,106.71988474100004,10.82497982500007
0,106.71968154600006,10.824971825000034,106.71988474300008,10.825099174000059
0,106.71967174300005,10.82499682100007,106.72022374100004,10.82527282500007
1,106.71952675000006,10.825133823000044,106.72071974100004,10.827335840000046
0,106.72002474500005,10.825645394000048,106.72065574400006,10.82595482000005
0,106.72028175500009,10.827015823000067,106.72059775400004,10.827279822000037
0,106.71977911100004,10.827011825000056,106.72047475300008,10.827335840000046
0,106.71967375300005,10.826549949000025,106.71992120900006,10.826949825000042
0,106.71956378000004,10.825133823000044,106.72071974100004,10.82585086000006
0,106.71952675000006,10.82578052200006,106.72062474400008,10.826964823000026
2,106.71975576900007,10.826776814000027,106.72293193300004,10.83107182200007
1,106.71976377400006,10.829244827000025,106.72058077000008,10.830741828000043
0,106.71976377400006,10.829637826000067,106.72058077000008,10.830741828000043
0,106.71997977100006,10.829604825000047,106.72021277000005,10.829918827000029
0,106.72037876900004,10.829358825000043,106.72051476600006,10.829495823000059
0,106.71984676900007,10.829271825000035,106.72048476800006,10.829737826000041
0,106.72011876600004,10.829244827000025,106.72038076600006,10.829496826000025
1,106.72020577500007,10.829369304000068,106.72154776600007,10.83107182200007
0,106.72102376700008,10.829553819000068,106.72121376500007,10.829843821000054
0,106.72020577500007,10.829923822000069,106.72122176900007,10.83107182200007
0,106.72051977000007,10.829803823000077,106.72144176800003,10.83002581900007
0,106.72056776900007,10.829463822000037,106.72073776700006,10.829788823000058
0,106.72137876700003,10.829463817000033,106.72154776600007,10.830656819000069
0,106.72093476600008,10.829462558000046,106.72110376400008,10.829685820000066
0,106.72045777000005,10.829421824000065,106.72063076700005,10.829732823000029
0,106.72068876900005,10.829369304000068,106.72104276700009,10.829876305000028
1,106.72119477200005,10.829975811000054,106.72293193300004,10.831013813000027
0,106.72155977200003,10.83048081800007,106.72200077000008,10.831008816000065
0,106.72219377000005,10.830358813000032,106.72252076700005,10.830900814000074
0,106.72152377300006,10.830669819000036,106.72171877300008,10.830838818000075
0,106.72119477200005,10.830643821000024,106.72158777200008,10.830922817000044
0,106.72246476900006,10.830661812000073,106.72283176900004,10.830962811000063
0,106.72119989200007,10.830390820000048,106.72166576900008,10.830683820000047
0,106.72199577100008,10.83077481500004,106.72235077100004,10.831013813000027
0,106.72202249300005,10.829995814000029,106.72225401900005,10.83083881400006
0,106.72249576400009,10.829975811000054,106.72293193300004,10.830688811000073
1,106.72160074900006,10.826776814000027,106.72277674600008,10.827314809000029
0,106.72245374700009,10.826976810000076,106.72277674600008,10.827314809000029
0,106.72229574900007,10.827087813000048,106.72247974600003,10.82727181100006
0,106.72199231300004,10.826873168000077,106.72263274500006,10.827110811000068
0,106.72160074900006,10.826776814000027,106.72203174800006,10.82719981400004
1,106.72108877000005,10.829090818000054,106.72272276300004,10.830809816000055
0,106.72126776900006,10.82935281600004,106.72222376400003,10.830618818000062
0,106.72216376700004,10.829701812000053,106.72272276300004,10.830149814000038
0,106.72220276300004,10.829504813000028,106.72254576400007,10.82981181200006
0,106.72195777000007,10.830366812000022,106.72261976600004,10.830809816000055
0,106.72203876700007,10.830079813000054,106.72262876600007,10.830398814000034
0,106.72108877000005,10.829090818000054,106.72165976400004,10.829997820000074
0,106.72149276400006,10.829310818000067,106.72172876300004,10.829719817000068
0,106.72135876400006,10.829172816000039,106.72177876300009,10.829484815000058
0,106.72135176600005,10.829724819000035,106.72164776500006,10.829973817000052
1,106.72007476400006,10.828479824000055,106.72218776100004,10.829506815000059
0,106.72007476400006,10.828479824000055,106.72218776100004,10.829506815000059
0,106.72041476700008,10.829137822000064,106.72082476700007,10.829491824000058
0,106.72078966400005,10.829047822000064,106.72098776500007,10.829386516000056
0,106.72082676300005,10.828892820000021,106.72102870000003,10.829089821000025
0,106.72039576800006,10.82878282200005,106.72083676400007,10.829256822000048
1,106.71987176000005,10.827043812000056,106.72271474800004,10.828706818000057
0,106.72015476000007,10.827938159000041,106.72037775900009,10.828103824000038
0,106.72086476000004,10.82834082100004,106.72102935200007,10.828581820000068
0,106.72063676100004,10.82820483100005,106.72087775900008,10.828500822000024
0,106.72053451100004,10.827043812000056,106.72271474800004,10.828706818000057
0,106.72049576000006,10.828128071000037,106.72079648600004,10.828448822000041
0,106.72026148500004,10.827237824000065,106.72056475200009,10.82837782300004
0,106.72012776000008,10.828104824000036,106.72029976100004,10.828299825000045
0,106.71987176000005,10.827843029000064,106.72011195500005,10.82821782600007
1,106.71975576900007,10.828606825000065,106.72056976300007,10.829312826000034
0,106.72027676300007,10.828686823000055,106.72051776400008,10.829029826000067
0,106.72010476400004,10.828901826000049,106.72030876600007,10.829056825000066
0,106.72005676500004,10.829068823000057,106.72028676600007,10.829255826000065
0,106.71975576900007,10.829004826000073,106.72006676600006,10.829312826000034
0,106.72030976600007,10.828960823000045,106.72056976300007,10.829309823000074
0,106.72004076500008,10.828902826000046,106.72012176500004,10.829061825000053
0,106.72004976500006,10.828622825000025,106.72029776300008,10.828894824000031
0,106.71976376600009,10.828606825000065,106.72007976300006,10.829026825000028
2,106.71773684500005,10.824151830000062,106.71989475300006,10.827944832000071
1,106.71835841100005,10.825914832000024,106.71989475300006,10.82784682700003
0,106.71920775800004,10.826920830000063,106.71958675400003,10.827627828000061
0,106.71835841100005,10.826580832000047,106.71873175500008,10.826781470000071
0,106.71946275400006,10.82648763700007,106.71989475300006,10.82784682700003
0,106.71871832000005,10.82631383200004,106.71955233100005,10.826958828000045
0,106.71951212600004,10.826259828000047,106.71978171600006,10.82645128200005
0,106.71879475300005,10.826137828000071,106.71953374900005,10.82635282700005
0,106.71842575100004,10.825914832000024,106.71954574800009,10.826171829000032
1,106.71773684500005,10.826043832000039,106.71903675300007,10.826747831000034
0,106.71870275300006,10.826142831000027,106.71903675300007,10.826747831000034
0,106.71773684500005,10.826276834000055,106.71872575400005,10.826686333000055
0,106.71837175200005,10.826043832000039,106.71872075200008,10.826306832000057
0,106.71823875300004,10.826044832000036,106.71838675200007,10.826279834000047
1,106.71822475000005,10.824151830000062,106.71969174000009,10.82604183500007
0,106.71883775100008,10.825217828000063,106.71959074500006,10.826041829000076
0,106.71822875200007,10.825939834000053,106.71840975200007,10.82604183500007
0,106.71824687300006,10.825134835000028,106.71909174800004,10.82588183300004
0,106.71837575000006,10.825704834000021,106.71849475100004,10.825887833000024
0,106.71822475000005,10.825583832000063,106.71843275000003,10.825893834000055
0,106.71861774600006,10.824960413000042,106.71967474200005,10.825277689000075
0,106.71828874600004,10.824289832000034,106.71864846200003,10.825146833000076
0,106.71861174300005,10.824526828000046,106.71969174000009,10.825017825000032
0,106.71883574100008,10.824151830000062,106.71961173800008,10.82459682700005
1,106.71821076400005,10.82726567800006,106.71922875900009,10.827944832000071
0,106.71872776100008,10.827458833000037,106.71893376100007,10.827811832000066
0,106.71821076400005,10.827487837000035,106.71840776200008,10.827811836000024
0,106.71894276100005,10.827481162000026,106.71922875900009,10.827820831000054
0,106.71827576200008,10.827316835000033,106.71842276000007,10.827632835000031
0,106.71838576200008,10.827304638000044,106.71893562900004,10.827944832000071
0,106.71824776000005,10.82726567800006,106.71840780800005,10.827423835000047
1,106.71773974900009,10.824529836000067,106.71832774700005,10.825715836000029
0,106.71806375000006,10.825314835000029,106.71827974700005,10.825715836000029
0,106.71784874600007,10.824529836000067,106.71832174300005,10.824911834000034
0,106.71777275100004,10.825279838000029,106.71806574800007,10.825468834000048
0,106.71806574800007,10.825169835000054,106.71826593900005,10.825339069000051
0,106.71775436200005,10.825487820000035,106.71808575100005,10.825702835000072
0,106.71773974900009,10.824885837000068,106.71808374700004,10.825314835000029
0,106.71797874700007,10.824766835000048,106.71832774700005,10.825108834000048
2,106.71820773500008,10.821438823000051,106.72295772400008,10.824764820000041
1,106.72189273100008,10.822794808000026,106.72295772400008,10.824699838000072
0,106.72211990100004,10.823665807000054,106.72287872400005,10.823961809000025
0,106.72209072700008,10.822794808000026,106.72295772400008,10.82373080800005
0,106.72245073300007,10.823863807000066,106.72291772900007,10.82468880600004
0,106.72234272800006,10.823822810000024,106.72255972900007,10.824020809000046
0,106.72195073000006,10.823221808000028,106.72222972500003,10.823932252000077
0,106.72189273100008,10.823999811000022,106.72252172900005,10.824699838000072
1,106.71950972300004,10.821438823000051,106.72057571800008,10.822855822000065
0,106.72005785300007,10.821989272000053,106.72035772100008,10.822273908000057
0,106.71950972300004,10.821438823000051,106.72057571800008,10.822291818000053
0,106.71960537800004,10.82194282200004,106.71999472300007,10.822233278000056
0,106.72022772700006,10.822409819000029,106.72047372400004,10.822702820000075
0,106.72002472600008,10.822386820000077,106.72025572600006,10.82254481900003
0,106.72001072700004,10.822521822000056,106.72024272700008,10.822680819000027
0,106.71967073000008,10.82251382000004,106.72002472600008,10.822855822000065
0,106.71956872700008,10.822344823000037,106.72003772500005,10.82253182200003
0,106.71953773000007,10.822504825000067,106.71970572700008,10.822801823000077
0,106.71969408000007,10.821716822000042,106.71988972400004,10.822223854000072
1,106.72020973100007,10.822977815000058,106.72199272600005,10.82469681200007
0,106.72125599500004,10.82367374100005,106.72187572800004,10.824019816000032
0,106.72124673300004,10.82401281500006,106.72179445000006,10.824398812000027
0,106.72115173200007,10.823802818000047,106.72131773000007,10.823986815000069
0,106.72108373500004,10.824221814000055,106.72176573200005,10.82469681200007
0,106.72096062900005,10.822977815000058,106.72199272600005,10.823729810000032
0,106.72025073400005,10.823621713000023,106.72129873000006,10.824312816000031
0,106.72020973100007,10.823065819000021,106.72098672900006,10.823695820000069
1,106.71976673700004,10.822781822000024,106.72039511400004,10.824049824000042
0,106.72025172900004,10.822795820000067,106.72039511400004,10.823078820000035
0,106.72010573000006,10.822781822000024,106.72028072700004,10.82306482000007
0,106.72001173300004,10.823533823000048,106.72024473100004,10.82368882000003
0,106.72006373100004,10.823157822000042,106.72024072900007,10.823440823000055
0,106.71982182900007,10.82365182500007,106.72001173300004,10.823795823000069
0,106.71982373400004,10.823517822000042,106.72002573200007,10.823667821000072
0,106.71976673700004,10.823667821000072,106.72027773300005,10.824049824000042
1,106.72029353500005,10.82343344800006,106.72110373100008,10.824745818000054
0,106.72091573300008,10.823767818000022,106.72110373100008,10.823950815000046
0,106.72084473600006,10.824243817000024,106.72109973400006,10.824529817000041
0,106.72056573600008,10.824436865000052,106.72103873500004,10.824745818000054
0,106.72029353500005,10.82343344800006,106.72092973000008,10.823949819000063
1,106.71928674000009,10.82396482400003,106.72085873300006,10.824764820000041
0,106.71928674000009,10.823991826000054,106.71985273300004,10.824596824000025
0,106.72005673700005,10.824206823000054,106.72026773600004,10.824401823000073
0,106.71985573900008,10.824331824000069,106.72024873600009,10.824571822000053
0,106.72006873600009,10.823981822000064,106.72029173500005,10.824215821000053
0,106.71988073700004,10.823967825000068,106.72007773400009,10.824348822000047
0,106.72038473700007,10.82432582000007,106.72058716800007,10.824528760000021
0,106.72006794900005,10.824559823000072,106.72057473800004,10.824764820000041
0,106.72023873900008,10.82398382200006,106.72085873300006,10.824512822000031
0,106.71955174100003,10.82396482400003,106.71989873700005,10.824727823000046
1,106.72036472800005,10.82157681800004,106.72288871700005,10.823350811000068
0,106.72217971900005,10.822418810000045,106.72259871900008,10.82285280700006
0,106.72104572600006,10.822444812000072,106.72230072200006,10.823350811000068
0,106.72253571600004,10.822070806000056,106.72288871700005,10.822920804000034
0,106.72112972200006,10.821718812000029,106.72259571900008,10.822539808000045
0,106.72036472800005,10.82157681800004,106.72157772200006,10.823124817000064
1,106.71820773500008,10.822757823000074,106.72002872600007,10.824570831000074
0,106.71827849300007,10.824093832000074,106.71928062900008,10.824570831000074
0,106.71963073100005,10.822757823000074,106.72002872600007,10.82341682200007
0,106.71891373400007,10.822870829000067,106.71940473100005,10.823367827000027
0,106.71960473500008,10.823225825000065,106.71976873000006,10.823484826000026
0,106.71952173000005,10.822787825000034,106.71967473100005,10.822963822000077
0,106.71945673500005,10.82341582500004,106.71974073100006,10.823606824000024
0,106.71931774000006,10.823577826000076,106.71979773700008,10.82429382600003
0,106.71918373300008,10.823132826000062,106.71964073100008,10.82343082500006
0,106.71846074100006,10.823332831000073,106.71933373600007,10.82417150200007
0,106.71820773500008,10.822757831000047,106.71888173300005,10.82338082900003
1,106.71838973300004,10.821455828000069,106.71976872400006,10.82292482400004
0,106.71896473100009,10.822196827000027,106.71948872800004,10.82292482400004
0,106.71875172800009,10.821456825000041,106.71976872400006,10.822260825000058
0,106.71841673100005,10.821455828000069,106.71894472700006,10.822791829000039
0,106.71838973300004,10.822434831000066,106.71862373100004,10.82280183100005
2,106.71740655400004,10.827599830000054,106.72004076300004,10.829532835000066
1,106.71926376700009,10.827688361000071,106.72004076300004,10.828939827000056
0,106.71975776500005,10.82855582700006,106.71999776300004,10.828834827000037
0,106.71946976400005,10.828480829000057,106.71985876400004,10.828939827000056
0,106.71942376200008,10.827688361000071,106.72004076300004,10.828546826000036
0,106.71926376700009,10.828433830000051,106.71954276400004,10.828837830000055
1,106.71866977100007,10.828826832000061,106.72001976600006,10.829489827000032
0,106.71947976500007,10.828841828000066,106.71967776700006,10.82902782900004
0,106.71935376800008,10.829020830000047,106.71971476800007,10.829386828000054
0,106.71960876700007,10.82902782800005,106.72001976600006,10.829489827000032
0,106.71942676800006,10.828878828000029,106.71956076600009,10.829145829000026
0,106.71907076700006,10.828855831000055,106.71934476800004,10.829347829000028
0,106.71866977100007,10.828826832000061,106.71916276700006,10.82937983100004
0,106.71964076800003,10.828907827000023,106.71992976500007,10.829059828000027
0,106.71916976800009,10.828927830000055,106.71945576700006,10.829307831000051
0,106.71930176700005,10.82884382800006,106.71946676500005,10.82897482900006
1,106.71740655400004,10.828372836000028,106.71835277000008,10.829524839000044
0,106.71789677200007,10.828786837000052,106.71835277000008,10.829141837000066
0,106.71740655400004,10.82874683800003,106.71787177000004,10.828970839000021
0,106.71777077500008,10.829259837000052,106.71802277400008,10.829524839000044
0,106.71791877000004,10.828571839000062,106.71828076700007,10.828854837000051
0,106.71798977300006,10.829095837000068,106.71828577200006,10.829451837000022
0,106.71774077400005,10.828851837000059,106.71806277200005,10.829334593000056
0,106.71746177300008,10.82892484100006,106.71784077100006,10.82950783900003
0,106.71747191900005,10.828477839000072,106.71793377000006,10.828887165000026
0,106.71783876900008,10.82837583600002,106.71803276800006,10.828768836000052
0,106.71796576800006,10.828372836000028,106.71829876600003,10.828627837000056
1,106.71822777000006,10.828334834000032,106.71882277100008,10.829532835000066
0,106.71835777200005,10.828971835000061,106.71859477000004,10.829285835000064
0,106.71863376900006,10.828364832000034,106.71881576500004,10.828751834000059
0,106.71822777000006,10.828677837000043,106.71882276800005,10.829200836000041
0,106.71855177100008,10.829120835000026,106.71882277100008,10.82946783400007
0,106.71825677400005,10.829303836000065,106.71864777100006,10.829532835000066
0,106.71823277200008,10.829176837000034,106.71862277200006,10.82935483500006
0,106.71825676800006,10.828334834000032,106.71867776900007,10.82875483600003
1,106.71863376700009,10.827599830000054,106.71955076500006,10.828955829000051
0,106.71893276700007,10.828715832000057,106.71913576700007,10.828908832000025
0,106.71912876300007,10.828346828000065,106.71944376400006,10.828453829000068
0,106.71908376500005,10.828427833000035,106.71935076500006,10.828727830000048
0,106.71909176600008,10.828669830000024,106.71955076500006,10.828955829000051
0,106.71901776100009,10.827599830000054,106.71951427000005,10.828094828000076
0,106.71891876500007,10.827756831000045,106.71912876300007,10.828539832000047
0,106.71874976800007,10.82849783000006,106.71913076600003,10.828819833000068
0,106.71863376700009,10.827867832000038,106.71895176500004,10.828590199000075
2,106.71739878700004,10.830478828000025,106.72295885200003,10.832729863000054
1,106.72260977600007,10.830739811000058,106.72295576900007,10.831748811000068
0,106.72279377000007,10.830739811000058,106.72295576900007,10.830972812000027
0,106.72278577200007,10.831010811000056,106.72294876900008,10.831224811000027
0,106.72263377100006,10.830853811000054,106.72281476900008,10.831218811000042
0,106.72260977600007,10.831187811000063,106.72293377200003,10.831748811000068
1,106.72182325200004,10.831664813000032,106.72295885200003,10.832729863000054
0,106.72233377900005,10.831664813000032,106.72281277500008,10.832488812000065
0,106.72231248400004,10.832377812000061,106.72281677700005,10.832729863000054
0,106.72274277700006,10.83227381200004,106.72295885200003,10.832695122000075
0,106.72275177800009,10.83175581100005,106.72292977800004,10.832315811000058
0,106.72182325200004,10.831704814000034,106.72246877500004,10.832438815000046
1,106.71848878800006,10.831552833000046,106.71992944200008,10.832543834000035
0,106.71949778300007,10.831599830000073,106.71992944200008,10.832056942000065
0,106.71925778400004,10.831662833000053,106.71968678500008,10.832326832000035
0,106.71888378400007,10.831552833000046,106.71923978400008,10.83179883300005
0,106.71854778900007,10.83164083500003,106.71891908700007,10.83189483700005
0,106.71854379000007,10.83161483200007,106.71932578400003,10.832543834000035
0,106.71848878800006,10.83185383700004,106.71869578500008,10.832072836000066
1,106.71981450000004,10.831330818000026,106.72200712200004,10.832728622000047
0,106.72130578100007,10.832005820000063,106.72200712200004,10.832728622000047
0,106.72086678400007,10.831864821000067,106.72106478400008,10.83240782300004
0,106.72110077900004,10.83150382100007,106.72199177700008,10.832059815000036
0,106.72105078200008,10.832292822000056,106.72120728600004,10.832684732000075
0,106.72117378300004,10.831984821000049,106.72137178200006,10.832696816000066
0,106.72099578300003,10.83181582100002,106.72118177900006,10.832301822000034
0,106.72156077500006,10.831379817000027,106.72191577400008,10.831578817000036
0,106.71981450000004,10.831359827000028,106.72101178100007,10.83240782300004
0,106.72141477600007,10.831330818000026,106.72163977500009,10.831522818000053
1,106.71739878700004,10.830920840000033,106.71863078800004,10.832397838000077
0,106.71835379000004,10.832026836000068,106.71863078800004,10.832397838000077
0,106.71818978800007,10.83178983700003,106.71854778900007,10.832068838000055
0,106.71809579000006,10.832027840000023,106.71841278700003,10.832360838000056
0,106.71803331300003,10.831512839000027,106.71862078500004,10.83185383700004
0,106.71741879200005,10.831605841000055,106.71823278800008,10.832269841000027
0,106.71739878700004,10.830920840000033,106.71809178700005,10.83169054800004
1,106.72042977800004,10.830867820000037,106.72198577200004,10.83157482300004
0,106.72109077700009,10.831264822000037,106.72144077600007,10.831463821000057
0,106.72138277400006,10.831148819000077,106.72171177300004,10.831397817000038
0,106.72167577500005,10.831007818000046,106.72198577200004,10.831567817000064
0,106.72134177600009,10.830910820000042,106.72175277100007,10.831183818000056
0,106.72042977800004,10.830867820000037,106.72140377300008,10.83157482300004
1,106.72189877400007,10.830796816000031,106.72269477000003,10.831896258000029
0,106.72232277200004,10.83087781300003,106.72269477000003,10.83166781400007
0,106.72227677300003,10.831133814000054,106.72242877000008,10.831439813000031
0,106.72213477300005,10.831103814000073,106.72233577200006,10.831277815000021
0,106.72207577300009,10.83121381500007,106.72229677400009,10.831388814000036
0,106.72196377800009,10.831314816000031,106.72262175500003,10.831896258000029
0,106.72190377200008,10.830796816000031,106.72232277200004,10.831261814000072
0,106.72189877400007,10.831238814000073,106.72206677200006,10.831555816000048
1,106.71880554300009,10.830478828000025,106.72055477500004,10.831748523000044
0,106.71973677700004,10.830478828000025,106.72029777600005,10.830825826000023
0,106.71914178300005,10.830617675000042,106.72055477500004,10.831748523000044
0,106.71885878500007,10.830766137000069,106.71919278100006,10.831575832000055
0,106.71880554300009,10.831476831000032,106.71943978100006,10.831721833000074
3,106.72547784700004,10.843298767000022,106.73890680900007,10.850754799000072
2,106.73378173800006,10.843305736000048,106.73890680900007,10.84833605700004
1,106.73644881000007,10.843305736000048,106.73875880500009,10.844479420000027
0,106.73677444900005,10.84354514000006,106.73710480500006,10.84383802900004
0,106.73735626900009,10.843327783000063,106.73758498000007,10.843602120000071
0,106.73712880300008,10.84337073200004,106.73729880400003,10.843598733000022
0,106.73797133700003,10.84357572600004,106.73875880500009,10.844479420000027
0,106.73763660800006,10.843624026000043,106.73808126100005,10.843890025000064
0,106.73674780400006,10.843305736000048,106.73695319000007,10.843552202000069
0,106.73646180800006,10.843508228000076,106.73674580600004,10.843829736000032
0,106.73644881000007,10.843760737000025,106.73756680700006,10.844303970000055
1,106.73610741000005,10.844488738000052,106.73890680900007,10.84734073800007
0,106.73610741000005,10.845746740000038,106.73722282000006,10.846702735000065
0,106.73694282000008,10.845873737000034,106.73811782100006,10.84734073800007
0,106.73715581700009,10.844814727000028,106.73890680900007,10.846042728000043
0,106.73697081500006,10.84490773400006,106.73728081300004,10.845566736000023
0,106.73709481400005,10.844492665000075,106.73890680900007,10.844915724000032
0,106.73613881800009,10.844488738000052,106.73711581200007,10.845483735000073
1,106.73563781000007,10.843382741000028,106.73652991600005,10.844447739000032
0,106.73633281000008,10.843480080000063,106.73652991600005,10.84401273800006
0,106.73620981100004,10.84362173900007,106.73642880600005,10.843993739000041
0,106.73617881300004,10.843993738000052,106.73644680900009,10.844447739000032
0,106.73605481100009,10.84345687900003,106.73622080700005,10.844072742000037
0,106.73592881000008,10.843382741000028,106.73605180900006,10.84398574000005
0,106.73573181100005,10.843618742000046,106.73594181100009,10.844051742000033
0,106.73563781000007,10.843618742000046,106.73574937200004,10.84404474400003
1,106.73428982000007,10.843983742000034,106.73709081000004,10.845358741000041
0,106.73511482200007,10.84450074700004,106.73551781400005,10.845247746000041
0,106.73579456100003,10.843983742000034,106.73603781000008,10.844486772000039
0,106.73428982000007,10.844481750000057,106.73512481500006,10.845299934000025
0,106.73498981700004,10.844239746000028,106.73542381300007,10.844494745000077
0,106.73667281200005,10.844129735000024,106.73709081000004,10.844492736000063
0,106.73641281200008,10.844103740000037,106.73673981100006,10.844456738000076
0,106.73537881800007,10.844011199000022,106.73628381200007,10.845358741000041
1,106.73381282000008,10.843376743000022,106.73562073600004,10.844470748000049
0,106.73499781400005,10.843376743000022,106.73562073600004,10.84425174200004
0,106.73429581400006,10.84349774900005,106.73499981300006,10.844470748000049
0,106.73402181900008,10.843614752000065,106.73433481400008,10.844444752000072
0,106.73383581600007,10.843608753000069,106.73404481200004,10.843866752000054
0,106.73381282000008,10.843850754000073,106.73402381500006,10.84442675400004
1,106.73378173800006,10.845530746000065,106.73711782400005,10.84833605700004
0,106.73499283500007,10.847253745000046,106.73570183500004,10.848047503000032
0,106.73440683800004,10.847380749000024,106.73516627600009,10.84833605700004
0,106.73429983500006,10.846546750000073,106.73543583200006,10.847595751000028
0,106.73527482900005,10.846157908000066,106.73711782400005,10.84783774500005
0,106.73378173800006,10.845734751000066,106.73453382800005,10.847190755000042
0,106.73451582500007,10.845535088000076,106.73540782200007,10.846619753000027
0,106.73542782700008,10.845530746000065,106.73618582000006,10.846320743000035
2,106.72611640200006,10.847929785000076,106.73081585200003,10.850754799000072
1,106.72843986900006,10.849505785000076,106.72929586600009,10.850291790000028
0,106.72843986900006,10.84995378900004,106.72865286900009,10.850291790000028
0,106.72858286400009,10.849671788000023,106.72878687000008,10.850262789000055
0,106.72870986400005,10.849572786000067,106.72910586800003,10.850229787000046
0,106.72903186400004,10.849505785000076,106.72929586600009,10.850137786000062
1,106.72928686300008,10.849013781000053,106.73080336000004,10.84996278500006
0,106.73058332700003,10.84936013600003,106.73080336000004,10.84974347800005
0,106.72991486000006,10.849220778000074,106.73062686200007,10.849863781000067
0,106.72969286200004,10.849734781000052,106.72994886400005,10.849913784000023
0,106.72932786300004,10.849621784000021,106.72971186400008,10.84996278500006
0,106.72928686300008,10.84923678000007,106.72993086200006,10.849771782000062
0,106.72945186000004,10.849013781000053,106.73031885800003,10.849214783000036
1,106.72611640200006,10.848573762000058,106.72824087100008,10.850754799000072
0,106.72620086900008,10.849008957000024,106.72688291600008,10.849601801000063
0,106.72611640200006,10.848573762000058,106.72670196400009,10.849141596000038
0,106.72693886700006,10.848621798000067,106.72725186400004,10.848912799000061
0,106.72734986400008,10.848786795000024,106.72758486500004,10.849061794000022
0,106.72734487300005,10.849852791000046,106.72824087100008,10.850633797000057
0,106.72690186800008,10.848629790000075,106.72822586400008,10.849954797000066
0,106.72669332700008,10.849975795000034,106.72743387300005,10.850754799000072
0,106.72660017800007,10.848622798000065,106.72717686600004,10.849000122000064
0,106.72656187100006,10.848959798000067,106.72716987000007,10.850033801000052
1,106.72679686600009,10.848196251000047,106.72738986400009,10.848824794000052
0,106.72679686600009,10.848219526000037,106.72701286500006,10.848735797000074
0,106.72719286200004,10.848562796000067,106.72738986400009,10.848824794000052
0,106.72697786500004,10.848496798000042,106.72717186400007,10.848654796000062
0,106.72707964000006,10.848196251000047,106.72732486200005,10.848554797000077
1,106.72806086400004,10.848139648000029,106.72861786900006,10.850407791000066
0,106.72818286900008,10.849793791000025,106.72851687000008,10.850407791000066
0,106.72815087000004,10.849717027000054,106.72861786900006,10.850081789000058
0,106.72810586100007,10.848139648000029,106.72851986300009,10.849182789000054
0,106.72809986700008,10.849425790000055,106.72856286600006,10.849795792000066
0,106.72806086400004,10.849171632000036,106.72851186400004,10.849490790000061
1,106.72914485500007,10.847949781000068,106.73081585200003,10.849204777000068
0,106.73032685500004,10.848584778000031,106.73080516300007,10.849204777000068
0,106.73045085300004,10.848074776000033,106.73066385300007,10.848350778000054
0,106.73041085400007,10.848322776000032,106.73081585200003,10.84843177600004
0,106.73009885500005,10.84847878000005,106.73031685700005,10.848882777000028
0,106.72925632700009,10.848454781000044,106.73031885800003,10.849197828000058
0,106.73039985500009,10.848425777000045,106.73066368100007,10.848568776000036
0,106.73017885300004,10.848340778000022,106.73038585300009,10.848566779000066
0,106.73018285400008,10.848064778000037,106.73047085000007,10.848347777000072
0,106.73052585000005,10.847968775000027,106.73081385100005,10.848179777000041
0,106.72914485500007,10.847949781000068,106.73019985300004,10.848538782000048
1,106.72840685800008,10.847929785000076,106.72948685700004,10.849654789000056
0,106.72847886700004,10.84906578600004,106.72902286300007,10.849654789000056
0,106.72894486300004,10.849011784000027,106.72921086500008,10.849527787000056
0,106.72847386000007,10.848661785000047,106.72916086000004,10.849150790000067
0,106.72921685700004,10.848612785000057,106.72948685700004,10.849240784000074
0,106.72845764600004,10.848524788000077,106.72863386000006,10.848829788000046
0,106.72913685500004,10.847939784000062,106.72943385400004,10.84861378200003
0,106.72840685800008,10.847929785000076,106.72911485900005,10.848726787000032
2,106.72547784700004,10.843307201000073,106.73098883100005,10.848789795000073
1,106.72671184400008,10.845197662000032,106.72809884100008,10.84599879700005
0,106.72671184400008,10.845355796000035,106.72709984800008,10.84599879700005
0,106.72701684500004,10.845329089000074,106.72729984500006,10.845960794000064
0,106.72722584400009,10.845251792000056,106.72775784100008,10.845977086000062
0,106.72767584200005,10.845197662000032,106.72809884100008,10.845829282000068
1,106.72931303700005,10.843307201000073,106.73098883100005,10.846602774000075
0,106.72931303700005,10.843307201000073,106.72977419200004,10.843932099000028
0,106.72982596600008,10.843498744000044,106.73058267300007,10.84387251100003
0,106.73048083300006,10.844919773000072,106.73064983200004,10.845304773000066
0,106.73014777400005,10.844175630000052,106.73098883100005,10.844986774000063
0,106.73007684200007,10.845358580000038,106.73097283800007,10.846602774000075
0,106.72967942300005,10.844606504000069,106.73010083200006,10.844822779000026
0,106.72936883600005,10.845014782000021,106.73022507400009,10.84634477700007
1,106.72622308800004,10.847528794000027,106.72840717600008,10.848789795000073
0,106.72683986300007,10.848037797000075,106.72720186300006,10.848526797000034
0,106.72622308800004,10.847938801000055,106.72700386500009,10.84871432600005
0,106.72710285900007,10.847809792000021,106.72840717600008,10.848789795000073
0,106.72732185700005,10.847528794000027,106.72776085600009,10.847860794000042
1,106.72821616700008,10.847515784000052,106.72993727200009,10.848038787000064
0,106.72837985800004,10.847906788000046,106.72873085500004,10.848038787000064
0,106.72821616700008,10.847664788000031,106.72852085600005,10.847944790000042
0,106.72848685400004,10.847558784000057,106.72889285500008,10.84800378600005
0,106.72884685300005,10.847527785000068,106.72904785400004,10.847973786000068
0,106.72911585400004,10.847515784000052,106.72993727200009,10.848022782000044
1,106.72656684100008,10.84346279500005,106.72813784000004,10.845269730000041
0,106.72656684100008,10.844603794000022,106.72706084400005,10.845269730000041
0,106.72697083900005,10.844551791000072,106.72742584200006,10.845236795000062
0,106.72735284000004,10.844427788000075,106.72813784000004,10.845149793000076
0,106.72746583800006,10.84409663100007,106.72774473200008,10.844501792000074
0,106.72718183500007,10.843694792000065,106.72747824300006,10.844212362000064
0,106.72774683500006,10.843651788000045,106.72810911200008,10.844465790000072
0,106.72675083300004,10.84346279500005,106.72722017500007,10.844542794000063
1,106.72991385300008,10.846498778000068,106.73097984700007,10.848042777000046
0,106.73079285000006,10.847566063000045,106.73097984700007,10.848039774000029
0,106.73022884800008,10.847006776000057,106.73073724600005,10.84751555500003
0,106.73003322100004,10.846498778000068,106.73090383900006,10.847055777000037
0,106.72997784900008,10.847016777000022,106.73026984500007,10.84751477900005
0,106.72991385300008,10.847528777000036,106.73074684700003,10.848042777000046
1,106.72821587300007,10.846181780000052,106.73002784300007,10.847652224000058
0,106.72821587300007,10.847133964000022,106.72841985300005,10.847652224000058
0,106.72831542100005,10.847025446000032,106.72898242000008,10.84762678800007
0,106.72903285000007,10.846893781000063,106.73000184600005,10.847516779000046
0,106.72827385000005,10.84654378600004,106.72890319600003,10.847134749000077
0,106.72823584700006,10.84632278500004,106.72881184500005,10.84662578700005
0,106.72885684500005,10.846181780000052,106.73002784300007,10.84699078500006
1,106.72571973500004,10.84587914900004,106.72831385100005,10.84811479900003
0,106.72683258400008,10.845940794000057,106.72745463800004,10.846648139000024
0,106.72656414400006,10.846554794000042,106.72743985600005,10.84739479500007
0,106.72798884900004,10.84647478900007,106.72823584800005,10.846675789000074
0,106.72608595200006,10.847260794000022,106.72738585800005,10.84811479900003
0,106.72770385600006,10.847031149000031,106.72830697700005,10.847947790000035
0,106.72763485100006,10.846607789000075,106.72831385100005,10.847112792000075
0,106.72726985500009,10.846505791000027,106.72787485500004,10.84762779500005
0,106.72740955700004,10.84587914900004,106.72821884600006,10.846706791000031
0,106.72571973500004,10.846049798000024,106.72665185700004,10.847520119000023
0,106.72652285100008,10.846009611000056,106.72690063900006,10.84669679700005
1,106.72759025400006,10.843324013000029,106.72962630900008,10.846476068000072
0,106.72853505400008,10.843324013000029,106.72908895700004,10.843860522000057
0,106.72826482900007,10.843577193000044,106.72848102900008,10.843862282000032
0,106.72862583600005,10.844587784000055,106.72938983600005,10.84494978400005
0,106.72807598800006,10.844665785000075,106.72858783700008,10.84504578800005
0,106.72801794700007,10.845129464000024,106.72855184000008,10.84546978800006
0,106.72865584000004,10.84541478400007,106.72895984000007,10.845699787000058
0,106.72841759100004,10.844094735000056,106.72946518500004,10.844362248000039
0,106.72856283800007,10.844934099000056,106.72962630900008,10.846311786000058
0,106.72830582200004,10.843813057000034,106.72885572400008,10.844110163000039
0,106.72759025400006,10.845394785000053,106.72874984400005,10.846476068000072
1,106.72547784700004,10.84442879900007,106.72682374000004,10.846151804000044
0,106.72560084500009,10.844603800000073,106.72628184200005,10.844883804000062
0,106.72647784400004,10.844877797000038,106.72681313500004,10.845289799000057
0,106.72632386500004,10.844433799000058,106.72663184300006,10.844903799000065
0,106.72610084400009,10.844839798000066,106.72644084600006,10.84535180000006
0,106.72623984800003,10.845393798000032,106.72682374000004,10.84605958800006
0,106.72594984300008,10.84442879900007,106.72623284200006,10.844633799000064
0,106.72557484700008,10.845071801000074,106.72635284900008,10.846151804000044
0,106.72547784700004,10.844873801000062,106.72612984500006,10.84515080400007
2,106.73056774900004,10.843298767000022,106.73259383100009,10.849706553000033
1,106.73141185000009,10.847553769000058,106.73257010000003,10.849646565000057
0,106.73149885500004,10.84863176600004,106.73257010000003,10.849235768000028
0,106.73143498700006,10.849275765000073,106.73247485600007,10.849646565000057
0,106.73219184800007,10.84854176500005,106.73250322600006,10.848732489000042
0,106.73216484800008,10.848445767000044,106.73244084800007,10.848593767000068
0,106.73175384900009,10.847556767000071,106.73253784500008,10.848497764000058
0,106.73172385000004,10.848609769000063,106.73199685000009,10.848727770000039
0,106.73144184800009,10.847553769000058,106.73192885000009,10.848390768000058
0,106.73141185000009,10.848380772000041,106.73198319700003,10.848725769000055
1,106.73142783200007,10.844430768000052,106.73259383100009,10.846058064000033
0,106.73187182900006,10.844974764000028,106.73259383100009,10.84590776400006
0,106.73212182700007,10.844442764000064,106.73244382500008,10.84484176500007
0,106.73207082700009,10.844716762000076,106.73248782700006,10.844994762000056
0,106.73189467300006,10.844841633000044,106.73248382600008,10.844978764000075
0,106.73186282300009,10.844436767000047,106.73214382800006,10.844843465000054
0,106.73144599700004,10.84484076900003,106.73183351800009,10.844994385000064
0,106.73143082700005,10.844430768000052,106.73182490600004,10.844850284000074
0,106.73142783200007,10.845023258000026,106.73190883300003,10.846058064000033
1,106.73057354200006,10.847547772000041,106.73153784700008,10.849706553000033
0,106.73109585500004,10.848585774000071,106.73150885400008,10.849211771000057
0,106.73088028700005,10.849275047000049,106.73152277800006,10.849706553000033
0,106.73081185200004,10.847785776000023,106.73147084700008,10.84857977200005
0,106.73127184800006,10.847549771000047,106.73153784700008,10.847794773000032
0,106.73084105000004,10.848582774000022,106.73110285700005,10.849206774000038
0,106.73091974400006,10.847547772000041,106.73140784400005,10.847812772000054
0,106.73063084800003,10.847552776000043,106.73086084800008,10.848042786000065
0,106.73057354200006,10.848174774000029,106.73081766100006,10.849362039000027
1,106.73060983200008,10.844415773000037,106.73149861200005,10.846052773000054
0,106.73130143700007,10.844428674000028,106.73143383000007,10.844760769000061
0,106.73063683200007,10.844906772000058,106.73095983000007,10.845087774000035
0,106.73112018300009,10.844424255000035,106.73126814400007,10.844757792000053
0,106.73086183100008,10.844755772000042,106.73144682900005,10.84541777000004
0,106.73073283700006,10.845606774000032,106.73149861200005,10.846052773000054
0,106.73066382700006,10.844415773000037,106.73114982800007,10.84480177000006
0,106.73060983200008,10.845088773000043,106.73090183200009,10.845373773000063
1,106.73057484500004,10.845931455000027,106.73253483900004,10.847540767000055
0,106.73167284200008,10.84599733500005,106.73253483900004,10.847057767000024
0,106.73069884600005,10.847249773000044,106.73109384500003,10.847525775000065
0,106.73057484500004,10.846583775000056,106.73111584300005,10.847094772000048
0,106.73134384300005,10.84703477100004,106.73154284200007,10.847123770000053
0,106.73151584400006,10.847025766000058,106.73230883900004,10.847540767000055
0,106.73073124000007,10.847076775000062,106.73111884300005,10.847280678000061
0,106.73109084800006,10.847023772000057,106.73154084300006,10.847522771000058
0,106.73097984400005,10.84661077000004,106.73116684000007,10.846996773000058
0,106.73065984100003,10.846007771000075,106.73125583700005,10.846630773000072
0,106.73115084300008,10.845931455000027,106.73177979300004,10.847040769000046
1,106.73056774900004,10.843298767000022,106.73230981900008,10.84440676500003
0,106.73192004000003,10.844182764000038,106.73218282300007,10.84440676500003
0,106.73204582300008,10.843996765000043,106.73221982200005,10.844173763000072
0,106.73156494000006,10.84336376400006,106.73218982200007,10.844405766000023
0,106.73056774900004,10.843298767000022,106.73172879900005,10.844398202000036
0,106.73207682000009,10.843827765000071,106.73225582000003,10.844023765000031
0,106.73079582700007,10.843784772000049,106.73094082300008,10.843986771000061
0,106.73063178000007,10.843769677000068,106.73111582500007,10.843995770000049
0,106.73203186800004,10.843593762000069,106.73230981900008,10.843854763000024
0,106.73071154500008,10.843502771000033,106.73121213700006,10.84379276900006
2,106.73216882500009,10.843301661000055,106.73466940300005,10.849535760000037
1,106.73319482000005,10.843372346000024,106.73466756800008,10.844455809000067
0,106.73420923900005,10.843372346000024,106.73466756800008,10.844455809000067
0,106.73358081600009,10.843605754000066,106.73383981600006,10.844022758000051
0,106.73359182000007,10.84401375400006,106.73380981700006,10.844424755000034
0,106.73363915300007,10.843435056000033,106.73421576400006,10.843589981000036
0,106.73320281900004,10.84378375700004,106.73333581800006,10.844191758000022
0,106.73319482000005,10.843497972000023,106.73363681700005,10.844423757000072
1,106.73244782400008,10.844017760000042,106.73420782400007,10.846900763000065
0,106.73317183100005,10.84583075300003,106.73413972700007,10.846803760000057
0,106.73326482700008,10.844888756000046,106.73361782500007,10.845615757000076
0,106.73244782400008,10.84446276400007,106.73350582300009,10.845751997000036
0,106.73351248100005,10.844775753000022,106.73420782400007,10.845553756000072
0,106.73342912400005,10.844468755000037,106.73390882200005,10.844856529000026
0,106.73318082300005,10.844306759000062,106.73341382200005,10.844448758000055
0,106.73309282100007,10.84418475800004,106.73341981800007,10.844343758000036
0,106.73254382300007,10.844017760000042,106.73319381800007,10.84473698000005
0,106.73248683300005,10.845671758000037,106.73320683600008,10.846900763000065
1,106.73230184300007,10.846242750000044,106.73465483400008,10.847876756000062
0,106.73324983900005,10.846667756000045,106.73444083500004,10.847876756000062
0,106.73309584200007,10.847468761000073,106.73342484200003,10.847789761000058
0,106.73425583700003,10.84708375100007,106.73465483400008,10.847745752000037
0,106.73230184300007,10.846747758000049,106.73345284000004,10.847644759000048
0,106.73435483100008,10.846242750000044,106.73454483200004,10.847029752000026
1,106.73228684700007,10.847478760000058,106.73466940300005,10.849535760000037
0,106.73252184900008,10.848615762000065,106.73362784900007,10.849535760000037
0,106.73330957500008,10.848178759000064,106.73430584400006,10.849446761000024
0,106.73245314500008,10.84811004900007,106.73347184500005,10.848824734000061
0,106.73228684700007,10.848044765000054,106.73284584600003,10.848460763000048
0,106.73405384200004,10.847792755000057,106.73466940300005,10.848736754000072
0,106.73302084500006,10.847739760000024,106.73365484300007,10.848373760000072
0,106.73350984000007,10.847609754000075,106.73420784000007,10.848303758000043
0,106.73231484300004,10.847478760000058,106.73326245500004,10.848250763000067
1,106.73216882500009,10.843301661000055,106.73323481700004,10.844433760000072
0,106.73303081700004,10.843597758000044,106.73316681800009,10.843875758000024
0,106.73294681900006,10.843722759000059,106.73323481700004,10.84417275800007
0,106.73277581600007,10.843426758000021,106.73318781700004,10.843578757000046
0,106.73277581600007,10.843330760000072,106.73318581600006,10.843435758000055
0,106.73276781800007,10.843593761000022,106.73305981800007,10.84383075900007
0,106.73250780800004,10.843301661000055,106.73276281600005,10.843698760000052
0,106.73216882500009,10.84359076100003,106.73297381800006,10.844433760000072
3,106.72355383200005,10.835214778000022,106.73076378600007,10.844967785000051
2,106.72706580500005,10.837102788000038,106.73076378600007,10.839437776000068
1,106.72841480300008,10.83812677700007,106.72941979900008,10.839234100000056
0,106.72893465100009,10.838814779000074,106.72941979900008,10.839130778000026
0,106.72855550300005,10.838789080000026,106.72883112700003,10.839234100000056
0,106.72841480300008,10.838503951000064,106.72905035100007,10.839198810000028
0,106.72885110600004,10.83829428000007,106.72941179600008,10.838884778000022
0,106.72851079900005,10.838272781000057,106.72884879700007,10.838694781000072
0,106.72873480000004,10.838142779000066,106.72905394800006,10.83846948200005
0,106.72921879700004,10.83812677700007,106.72941879500007,10.838380776000065
1,106.72706580500005,10.838090785000077,106.72867086500008,10.839404788000024
0,106.72783180200008,10.838090785000077,106.72863379900008,10.838988827000037
0,106.72727121900004,10.838396523000029,106.72763236400004,10.838703973000065
0,106.72808936500007,10.83875468900004,106.72867086500008,10.839259782000056
0,106.72706580500005,10.838603788000057,106.72817180300007,10.839404788000024
0,106.72738778800004,10.838107080000043,106.72773035700004,10.838460109000039
0,106.72754409000004,10.838137710000069,106.72806280000009,10.838736120000021
1,106.73004180100008,10.838014772000065,106.73066579200008,10.83938563700002
0,106.73032679400006,10.838219770000023,106.73066179200003,10.838544769000066
0,106.73010579600003,10.838479772000028,106.73066579200008,10.839343771000074
0,106.73006497300008,10.838014772000065,106.73035579000003,10.838527770000042
0,106.73004180100008,10.83917277300003,106.73026679800006,10.83938563700002
1,106.72881880400007,10.837972772000057,106.73023379500006,10.839437776000068
0,106.72979780000009,10.839068774000054,106.73006379800006,10.839357775000053
0,106.72977679800005,10.83851977300003,106.73023379500006,10.839110773000073
0,106.72963949700005,10.838469776000068,106.72994279500006,10.838979775000041
0,106.72959688600008,10.837972772000057,106.73015379400005,10.838503003000028
0,106.72936979600007,10.838152776000072,106.72963902600009,10.838402776000066
0,106.72935279800004,10.838418777000072,106.72974574800008,10.838942775000021
0,106.72931655100007,10.838929776000043,106.72986080100009,10.839437776000068
0,106.72881880400007,10.838972759000058,106.72983779800006,10.839309780000065
1,106.72839715500004,10.837719782000022,106.72933879100009,10.838335777000054
0,106.72839715500004,10.838094780000063,106.72883979500006,10.838321781000047
0,106.72898179500004,10.838051778000022,106.72929279500005,10.838335777000054
0,106.72877479500005,10.837823779000075,106.72904179300008,10.838204778000033
0,106.72900479400005,10.837720231000048,106.72933879100009,10.838107778000051
0,106.72842383500006,10.837719782000022,106.72883679400007,10.838196873000072
1,106.72924579300008,10.837356776000036,106.72968579000008,10.83818477400007
0,106.72946079300004,10.837413775000073,106.72968579000008,10.837689775000058
0,106.72935979500005,10.837644774000069,106.72966479100006,10.837864775000071
0,106.72931278900006,10.837356776000036,106.72953179100006,10.83768077700006
0,106.72924579300008,10.837805777000028,106.72964179100006,10.83818477400007
1,106.72962445300004,10.837347442000066,106.73076378600007,10.838174775000027
0,106.73016675200006,10.837347442000066,106.73076378600007,10.83786777000006
0,106.73014064900008,10.837820775000068,106.73065778900008,10.838054769000053
0,106.73007779000005,10.837389772000051,106.73044178700007,10.837808771000027
0,106.72983379200008,10.837503774000027,106.73011478800004,10.837905772000056
0,106.72979079300006,10.837710774000072,106.73017600200006,10.838174775000027
0,106.72966379000007,10.837459522000074,106.72989878800007,10.837896774000058
0,106.72962445300004,10.837891290000073,106.72983679100008,10.838149806000047
1,106.72846679400004,10.837276779000035,106.72936979200006,10.83786678000007
0,106.72908779100004,10.837472778000063,106.72926879100004,10.837736777000032
0,106.72914779100006,10.837530776000051,106.72936979200006,10.837775777000047
0,106.72848579300006,10.837493781000035,106.72873979300005,10.83773178000007
0,106.72870579400006,10.837549779000028,106.72898538100009,10.83786678000007
0,106.72846679400004,10.837649781000039,106.72872979300007,10.837851780000051
0,106.72892229200005,10.837414778000038,106.72913379100004,10.837858900000072
0,106.72847679400007,10.83728878200003,106.72874179100006,10.837520780000034
0,106.72895579100003,10.837276779000035,106.72936578800005,10.837530776000051
0,106.72868679100009,10.837279884000054,106.72897979200008,10.837569778000045
1,106.72725280000009,10.837102788000038,106.72854479400007,10.838198778000049
0,106.72817637100007,10.837772467000036,106.72851030400005,10.838198778000049
0,106.72754375200009,10.83769978500004,106.72796279700009,10.838198115000068
0,106.72725280000009,10.83764859300004,106.72767150200008,10.838163787000042
0,106.72774679800006,10.837539786000036,106.72829879700004,10.838195787000075
0,106.72822379200005,10.837376783000025,106.72854479400007,10.837824781000052
0,106.72779079500003,10.837107784000068,106.72833779400008,10.837695782000026
0,106.72733586000004,10.837102788000038,106.72786279300004,10.837795467000035
2,106.72400914800005,10.839184794000062,106.72744022100005,10.841301570000041
1,106.72631367900004,10.839184794000062,106.72744022100005,10.841171794000047
0,106.72727934000005,10.84065749000007,106.72740682400007,10.840945057000056
0,106.72656327800007,10.840773574000025,106.72736040600006,10.841171794000047
0,106.72679981500005,10.840367405000052,106.72744022100005,10.840938949000076
0,106.72671281100008,10.839222791000054,106.72728780800009,10.840076790000069
0,106.72644181100009,10.839583795000067,106.72695481000005,10.839831227000047
0,106.72632081200004,10.839184794000062,106.72678880800004,10.839687796000021
0,106.72634481400007,10.839699578000022,106.72715881100004,10.84065279500004
0,106.72631367900004,10.839667795000025,106.72651481300005,10.84003279600006
1,106.72456068300005,10.840811288000054,106.72675081900007,10.841301570000041
0,106.72580368300004,10.840869895000026,106.72600976900009,10.841145011000037
0,106.72542673800007,10.840912986000035,106.72573587100004,10.841233422000073
0,106.72528999400004,10.840927075000025,106.72545215900004,10.841244184000061
0,106.72588083400007,10.840811288000054,106.72675081900007,10.84125748300005
0,106.72506208300007,10.840937834000044,106.72531541400008,10.841262117000042
0,106.72492533600007,10.840955767000025,106.72508750700007,10.841272876000062
0,106.72474300800008,10.840966527000035,106.72495076100006,10.841287223000052
0,106.72456068300005,10.840980874000024,106.72476843100009,10.841301570000041
1,106.72462084200004,10.840100432000042,106.72659102200004,10.840897853000058
0,106.72486155000007,10.840155523000021,106.72511414100006,10.840479887000072
0,106.72510179800008,10.840287198000055,106.72538762900007,10.840461953000045
0,106.72508945800007,10.840133996000077,106.72537528800007,10.840308724000067
0,106.72544128900006,10.840100432000042,106.72659102200004,10.840833290000035
0,106.72536294700006,10.840120657000057,106.72559066100007,10.840440431000047
0,106.72521338600006,10.84052693600006,106.72546595700004,10.840851225000051
0,106.72463364500004,10.840173461000063,106.72488623000004,10.840497819000063
0,106.72462084200004,10.840544949000048,106.72523801800008,10.840897853000058
1,106.72400914800005,10.839728525000055,106.72478226500004,10.840933564000068
0,106.72448011300008,10.839728525000055,106.72478226500004,10.840110537000044
0,106.72400914800005,10.839750043000038,106.72450877400007,10.840144032000069
0,106.72422341200007,10.840205749000063,106.72447599700007,10.840530097000055
0,106.72452968100004,10.840591778000032,106.72464548700003,10.840905027000076
0,106.72445131800004,10.840191399000048,106.72465832300009,10.840512165000064
0,106.72435966000006,10.840751816000022,106.72455432700008,10.840919376000045
0,106.72413292900006,10.840766170000052,106.72437199700005,10.840933564000068
0,106.72411566000005,10.840598982000074,106.72454198600008,10.840784130000031
0,106.72406321200003,10.840223688000037,106.72424808900007,10.840538841000068
1,106.72475360300007,10.839187797000022,106.72640381300005,10.840253742000073
0,106.72612163400004,10.839664797000069,106.72640381300005,10.840207796000072
0,106.72622381100007,10.839599795000026,106.72638781300009,10.839764795000065
0,106.72591581300009,10.839222796000058,106.72638181000008,10.839787797000042
0,106.72567347300009,10.839187797000022,106.72596081400008,10.83964579700006
0,106.72520941800008,10.83926920600004,106.72625281300009,10.840253742000073
0,106.72481393800007,10.839247494000062,106.72535277700007,10.839631065000049
0,106.72475360300007,10.839692660000026,106.72523808100004,10.840089012000021
2,106.72704470000008,10.839102787000058,106.73066980000004,10.840705010000022
1,106.72842213900009,10.839183374000072,106.72900780700007,10.840420418000065
0,106.72891912800009,10.839824778000036,106.72900780700007,10.83999956200006
0,106.72868026700007,10.839783781000051,106.72894680700006,10.84012978100003
0,106.72842543900003,10.839835781000033,106.72891680600009,10.840420418000065
0,106.72842213900009,10.839183374000072,106.72882155300005,10.839880059000052
1,106.72883992000004,10.83983777900005,106.72987780600005,10.840534777000073
0,106.72915981100005,10.840051545000051,106.72987780600005,10.840534777000073
0,106.72883992000004,10.839901779000058,106.72924080600006,10.84041092800004
0,106.72930019300009,10.839889777000053,106.72971380700005,10.840130163000026
0,106.72898280500004,10.83983777900005,106.72914280500004,10.839955778000046
1,106.72967380400007,10.83987677600004,106.73014580200004,10.840437774000065
0,106.72985380400007,10.839894775000062,106.73006280300007,10.840129775000037
0,106.72980180600007,10.840099775000056,106.72998180400003,10.840437774000065
0,106.72977480400004,10.83987677600004,106.73009580300004,10.839976775000025
0,106.72967380400007,10.839933773000041,106.73014580200004,10.840142774000071
1,106.72989180800005,10.839251772000068,106.73066980000004,10.840420774000052
0,106.73005680400007,10.839251772000068,106.73066980000004,10.840240772000072
0,106.73011980400008,10.840041773000053,106.73051580300006,10.840360773000043
0,106.73006480800007,10.84031677400003,106.73028380500006,10.840420774000052
0,106.72991279900003,10.839320775000033,106.73019956500008,10.839522773000056
0,106.72989180800005,10.840122775000054,106.73015232300008,10.840297772000042
1,106.72704470000008,10.839102787000058,106.72857375200005,10.840705010000022
0,106.72827678500005,10.839422042000024,106.72857375200005,10.839813681000066
0,106.72780620800006,10.83974567100006,106.72856331100007,10.84045351900005
0,106.72801280900006,10.839368785000033,106.72837180400006,10.839831785000058
0,106.72742581100005,10.839817788000062,106.72772428600007,10.84012795700005
0,106.72740180900007,10.83944013300004,106.72805328400005,10.839998786000024
0,106.72733199500004,10.839102787000058,106.72845880200003,10.839644786000065
0,106.72705180900005,10.83935979100005,106.72747336600008,10.839945790000058
0,106.72704681100004,10.83978368000004,106.72749180900007,10.84007579100006
0,106.72704470000008,10.839906368000072,106.72789781100005,10.840705010000022
1,106.72864580900006,10.839212778000046,106.73016580000007,10.839989778000074
0,106.72942080300004,10.839266776000045,106.73016580000007,10.83976177300002
0,106.72907780600008,10.839787780000051,106.72931980500005,10.839989778000074
0,106.72965097200006,10.839695831000029,106.73006980200006,10.83996677700003
0,106.72937180400004,10.83968877600006,106.72970406900004,10.839941777000035
0,106.72864580900006,10.839491327000076,106.72942093600005,10.839856782000027
0,106.72889193300006,10.839454585000055,106.72909014200008,10.83958233900006
0,106.72920376000008,10.839266778000024,106.72951780000005,10.839527001000022
0,106.72877771400005,10.839212778000046,106.72928880100005,10.839544964000027
2,106.72733500200007,10.840255776000049,106.73075180400008,10.841428784000072
1,106.72836881200004,10.840307517000042,106.72887881200006,10.841416782000067
0,106.72852781800009,10.84109378200003,106.72878081400006,10.841416782000067
0,106.72852181500008,10.840695782000068,106.72887881200006,10.841105782000056
0,106.72851381100008,10.840307517000042,106.72883135100005,10.840718782000067
0,106.72838481600007,10.841052783000066,106.72859681300008,10.841354784000032
0,106.72837381300008,10.840365784000028,106.72856681200005,10.840826784000058
0,106.72836881200004,10.840791783000043,106.72859481200004,10.841045784000073
1,106.72733500200007,10.840270467000039,106.72848081400008,10.841428784000072
0,106.72792160800009,10.84031708200007,106.72814127900006,10.84052342800004
0,106.72814469900004,10.840921784000045,106.72848081400008,10.841141785000048
0,106.72807569900004,10.84039346700007,106.72845581100006,10.84064978400005
0,106.72804881800005,10.84107378400006,106.72845681900009,10.841428784000072
0,106.72751008700004,10.840763459000073,106.72795063400008,10.841160517000048
0,106.72798581200004,10.840556168000035,106.72844681100008,10.840997400000049
0,106.72781912600004,10.84092458300006,106.72813559500008,10.84135586900004
0,106.72754441700005,10.841023697000026,106.72786008300005,10.841342325000028
0,106.72748911100007,10.840270467000039,106.72812558500004,10.840915747000054
0,106.72733500200007,10.840623840000035,106.72760704100006,10.841086928000038
1,106.72861181200005,10.84034629200005,106.72981081400007,10.841406779000067
0,106.72896612300008,10.841183780000051,106.72914181300007,10.841406779000067
0,106.72888680800008,10.840370118000067,106.72949581000006,10.840909777000036
0,106.72955781300004,10.840973777000045,106.72981081400007,10.84139177700007
0,106.72932880900004,10.84036777800003,106.72975680700006,10.840984778000063
0,106.72928981500007,10.841161778000071,106.72955581100007,10.841379777000043
0,106.72901981300004,10.841126780000025,106.72931881100004,10.84129278000006
0,106.72872481200005,10.840771778000033,106.72963380900006,10.84122677800002
0,106.72864681600004,10.84104078100006,106.72920881200008,10.841268783000032
0,106.72861181200005,10.84034629200005,106.72904881000005,10.840917782000076
1,106.73008181000006,10.840277773000025,106.73075180400008,10.841301772000065
0,106.73025380700005,10.840277773000025,106.73075180400008,10.840672772000062
0,106.73021580700004,10.840622773000064,106.73064180700004,10.840948771000058
0,106.73012480900007,10.840775773000075,106.73029280600008,10.840914773000065
0,106.73009580700005,10.840374774000054,106.73031480500003,10.840774773000021
0,106.73008181000006,10.84083477400003,106.73054480700006,10.841301772000065
1,106.72966181000004,10.840255776000049,106.73017880900005,10.841350775000024
0,106.72995980800005,10.840511775000039,106.73017380800007,10.840723773000036
0,106.72990980500003,10.840255776000049,106.73016580600006,10.840520774000026
0,106.72972581100004,10.841096777000075,106.73017880900005,10.841350775000024
0,106.72971980900007,10.840694775000031,106.73016380700005,10.840902774000028
0,106.72966880700005,10.840434776000052,106.73002280600008,10.840771774000075
0,106.72966181000004,10.840792775000068,106.73017601100008,10.841168775000028
2,106.72767082600006,10.84122777600004,106.73075682100006,10.844967785000051
1,106.72848254900003,10.841463778000048,106.72984202200007,10.84282377900007
0,106.72899914400006,10.842258637000043,106.72934282100005,10.842812742000035
0,106.72876582100008,10.842275807000021,106.72908128800009,10.842699781000022
0,106.72848254900003,10.842245622000064,106.72884967700008,10.842544478000036
0,106.72925982300006,10.84166577800005,106.72984202200007,10.84282377900007
0,106.72941681500004,10.841533778000041,106.72965881500005,10.841746778000072
0,106.72851935100005,10.841489781000064,106.72940081600007,10.84237689300005
0,106.72924581600006,10.841463778000048,106.72956881300007,10.841652732000057
1,106.72954881900006,10.842192607000072,106.73049306800004,10.842808779000052
0,106.73011181700008,10.842276772000048,106.73049306800004,10.84276677300005
0,106.73015681800007,10.84225977400007,106.73034681600006,10.84245577300004
0,106.72954881900006,10.842205754000076,106.73009881800004,10.842808779000052
0,106.73020081800007,10.842192607000072,106.73044381800008,10.842327774000069
1,106.72940283100007,10.843339625000056,106.73070282700007,10.844848776000049
0,106.73039783100006,10.843791774000067,106.73070282700007,10.844704776000071
0,106.72940283100007,10.843643777000068,106.73055982500006,10.844848776000049
0,106.72995082500006,10.843543777000036,106.73014182500003,10.843739777000053
0,106.73023882600006,10.843398775000026,106.73062282300003,10.84366777400004
0,106.72954270500009,10.843339625000056,106.73058582500005,10.843688776000022
1,106.72957881300005,10.84122777600004,106.73072663000005,10.842367774000024
0,106.73023481400008,10.841274773000066,106.73072663000005,10.841541046000032
0,106.73041877400004,10.841581750000046,106.73069884400007,10.841798819000076
0,106.72970657300004,10.84157011000002,106.73064264200008,10.842367774000024
0,106.72959381600003,10.841498777000027,106.72991081700007,10.841839776000029
0,106.72993036800005,10.841423771000052,106.73056281100008,10.84167177300003
0,106.72957881300005,10.841236777000063,106.72983281500007,10.84158777600004
0,106.73011381100008,10.841231773000061,106.73028481100005,10.84147977400005
0,106.72977281200008,10.84122777600004,106.73011981000008,10.841558776000056
1,106.72944084200009,10.842651775000036,106.73075682100006,10.843502773000068
0,106.72962421500006,10.843055475000028,106.72986482300007,10.843369635000045
0,106.72944084200009,10.842978903000073,106.72969519200007,10.843342226000061
0,106.72946482300006,10.842743779000045,106.72968082200003,10.84298177900007
0,106.72974882100004,10.84268277700005,106.72994482100006,10.842815777000055
0,106.72962082300006,10.842658777000054,106.72996682100006,10.843088778000038
0,106.72992016300009,10.842651775000036,106.73075682100006,10.843502773000068
1,106.72777836400007,10.841238779000037,106.72963381200009,10.841857785000059
0,106.72853681700008,10.841461783000057,106.72912981400003,10.841626782000048
0,106.72777836400007,10.841272369000023,106.72866081700005,10.841857785000059
0,106.72856681700006,10.841258781000022,106.72915081500008,10.841530782000063
0,106.72913781900007,10.841244778000032,106.72934081400007,10.841606779000074
0,106.72931581700004,10.841238779000037,106.72963381200009,10.841512777000048
1,106.72768983400005,10.843087787000059,106.72969529700003,10.844967785000051
0,106.72923773500008,10.843252433000032,106.72942728500004,10.843440799000064
0,106.72789115800003,10.844198788000028,106.72835183600006,10.844440287000054
0,106.72800683500009,10.844177547000072,106.72941783000005,10.844967785000051
0,106.72768983400005,10.843978261000075,106.72839251600004,10.844227790000048
0,106.72776683300003,10.843346784000062,106.72846283000007,10.844074790000036
0,106.72771814200007,10.843087787000059,106.72842382800007,10.84332409600006
0,106.72840882800006,10.843087787000059,106.72969529700003,10.844205333000048
1,106.72767082600006,10.841717789000029,106.72952962500005,10.843273706000048
0,106.72900282400008,10.84295078200006,106.72913582400008,10.843053782000027
0,106.72906316100006,10.843006779000063,106.72949868100005,10.843273706000048
0,106.72890282400004,10.842873780000048,106.72937482300006,10.843013780000035
0,106.72915082500003,10.842708780000066,106.72952962500005,10.843120113000055
0,106.72856782500008,10.842557782000029,106.72919682400004,10.84325778300007
0,106.72767082600006,10.841717789000029,106.72832344700004,10.843124788000068
0,106.72803082600007,10.84176367200007,106.72869082200003,10.843112787000052
2,106.72666394200007,10.835214778000022,106.73070978100009,10.837515772000074
1,106.72734879400008,10.835775785000067,106.72854378700004,10.837350786000059
0,106.72817629600007,10.837059784000076,106.72852879200008,10.83734193600003
0,106.72734879400008,10.836623786000075,106.72801379400005,10.837350786000059
0,106.72809879000005,10.836614779000058,106.72854378700004,10.837087782000026
0,106.72787679100009,10.836587784000073,106.72833879200005,10.837238783000032
0,106.72751479000004,10.836509786000022,106.72799278900004,10.836772152000037
0,106.72767578900005,10.835988783000062,106.72837678600007,10.836571781000032
0,106.72778778600008,10.835775785000067,106.72830878300005,10.836005785000054
1,106.72880579000008,10.836628776000055,106.72934778700005,10.837311776000035
0,106.72921578600005,10.836628776000055,106.72934278400004,10.836790778000022
0,106.72914685700005,10.836807776000057,106.72932278600007,10.836918776000061
0,106.72914078900004,10.836915776000069,106.72934778700005,10.837311776000035
0,106.72897678900006,10.837157779000052,106.72922079300008,10.837302777000048
0,106.72891578800005,10.836800778000054,106.72916178700007,10.836932778000062
0,106.72880778800004,10.836909778000063,106.72915578800007,10.837168776000055
0,106.72880579000008,10.836629778000031,106.72923178800005,10.83680277600007
1,106.72925538000004,10.836932774000047,106.73020578700005,10.837515772000074
0,106.72951278800008,10.837362775000031,106.72968478800004,10.837441776000048
0,106.72970479100007,10.837104774000068,106.73020578700005,10.837515772000074
0,106.72952778900009,10.837092774000041,106.72971478600005,10.837390775000074
0,106.72925538000004,10.837085775000048,106.72959878600005,10.837398776000043
0,106.72961678600007,10.836932774000047,106.72999778700006,10.83708077600005
1,106.72824779200005,10.836614779000058,106.72898478900004,10.837438783000039
0,106.72860479000008,10.836624780000022,106.72891579000009,10.837095779000038
0,106.72856979000005,10.837115781000023,106.72898478900004,10.837317780000035
0,106.72847179200005,10.836614779000058,106.72866978800005,10.837113781000028
0,106.72824779200005,10.83711278000004,106.72863879100004,10.837438783000039
1,106.72936278700007,10.836136769000063,106.73070978100009,10.837381638000068
0,106.73022579000008,10.837117770000077,106.73056878400007,10.837381638000068
0,106.72995278400003,10.83659177100003,106.73023578200008,10.83678277100006
0,106.73015478800005,10.837114771000074,106.73029278500007,10.837380770000038
0,106.72936978700005,10.836804775000076,106.72963378500003,10.837069774000042
0,106.72999378500003,10.836779770000021,106.73023678400006,10.837076774000025
0,106.73018878400006,10.83677276900005,106.73035078700008,10.837074770000072
0,106.73023478500005,10.83674576900006,106.73065978300008,10.837088769000047
0,106.72936278700007,10.836619774000042,106.72969178300008,10.836789775000057
0,106.72959878500006,10.836592772000074,106.73006078400005,10.836949773000072
0,106.72943678200005,10.836136769000063,106.73070978100009,10.836755769000035
1,106.72666394200007,10.835256782000044,106.72851678000006,10.836082913000041
0,106.72790478400009,10.835603783000067,106.72831378300003,10.83575378300003
0,106.72822378300003,10.835582781000028,106.72845878200008,10.835732782000036
0,106.72666394200007,10.835283784000069,106.72787740500007,10.836082913000041
0,106.72814478000004,10.835256782000044,106.72851678000006,10.835493781000025
1,106.72826077800005,10.835214778000022,106.73031977900007,10.837057776000051
0,106.72826077800005,10.835238781000044,106.72868878300005,10.835721780000029
0,106.72894178500007,10.836067770000056,106.73031977900007,10.836604776000058
0,106.72910678000005,10.835406775000024,106.72992777900004,10.836131777000048
0,106.72848149200007,10.835214778000022,106.72943277800005,10.836145722000026
0,106.72857478400005,10.836145780000038,106.72896278600007,10.836761778000039
0,106.72963178300006,10.83584077100005,106.73023277900006,10.83609877300006
0,106.72925978500007,10.836627777000047,106.72945278500003,10.837057776000051
0,106.72935378700004,10.836803774000032,106.72955878600004,10.836926775000052
0,106.72826678800004,10.835762781000028,106.72857647200004,10.836587947000055
2,106.72410452700007,10.840958497000031,106.72806082600005,10.844909804000054
1,106.72602782800004,10.842154797000035,106.72678083200009,10.843405798000049
0,106.72628683100004,10.843010795000055,106.72678083200009,10.843405798000049
0,106.72610683400006,10.843043799000043,106.72631483400005,10.843375799000057
0,106.72625083000008,10.842595797000058,106.72646283200004,10.84296979800007
0,106.72606683000004,10.84259079700007,106.72654183200007,10.842985799000076
0,106.72602782800004,10.842165799000043,106.72624283000005,10.842551799000034
0,106.72620882700005,10.842154797000035,106.72673382900007,10.842537798000023
1,106.72461591000007,10.841311800000028,106.72585182600005,10.841941764000069
0,106.72554682300006,10.841311800000028,106.72585182600005,10.84170780200003
0,106.72524482500006,10.841337801000066,106.72557982700005,10.841733804000057
0,106.72495205700005,10.841321730000061,106.72526782500006,10.84178180300006
0,106.72475997700008,10.841363432000037,106.72497644800006,10.841681377000043
0,106.72464811000003,10.841753034000021,106.72506695200008,10.841941764000069
0,106.72461591000007,10.84137856700005,106.72478435700003,10.841692709000029
1,106.72414731400005,10.841746559000057,106.72599683400006,10.843360809000046
0,106.72531382700004,10.841780801000027,106.72561882900004,10.842163802000073
0,106.72573282900004,10.84236979800005,106.72599283400007,10.843258799000068
0,106.72432383700004,10.842279799000039,106.72599683400006,10.843360809000046
0,106.72489683100008,10.842205801000034,106.72573282900004,10.842451806000042
0,106.72558682600004,10.841758800000036,106.72590582900006,10.842295801000034
0,106.72414731400005,10.841746559000057,106.72534483000004,10.84226540000003
1,106.72689983300006,10.843396790000043,106.72782683200006,10.84452179300007
0,106.72764528600004,10.843925789000025,106.72780683600007,10.844472490000044
0,106.72719183500004,10.84370079000007,106.72782683200006,10.84452179300007
0,106.72715983100005,10.843396790000043,106.72782483200007,10.843783295000037
0,106.72690883800004,10.84420321400006,106.72726883700005,10.844500794000055
0,106.72689983300006,10.843451794000032,106.72719583500009,10.844151794000027
1,106.72634282800004,10.840958497000031,106.72806082600005,10.843393680000077
0,106.72748382800006,10.842944789000057,106.72786082700009,10.843337791000067
0,106.72679982400007,10.841772794000065,106.72725682600009,10.842932795000024
0,106.72708182700006,10.842384792000075,106.72806082600005,10.84291879400007
0,106.72689581800006,10.840958497000031,106.72796353800004,10.84232079000003
0,106.72634282800004,10.841261794000047,106.72682582800007,10.842504794000035
0,106.72645083000003,10.842572795000024,106.72685583000003,10.842956798000046
0,106.72711182900008,10.842980793000038,106.72732983100008,10.843363792000048
0,106.72730082900006,10.842968791000033,106.72751283000008,10.843351791000032
0,106.72673674800006,10.842992794000054,106.72706283200006,10.843393680000077
1,106.72613283400005,10.843359798000051,106.72703183600004,10.84459879700006
0,106.72680883700008,10.844102796000072,106.72703183600004,10.844545795000045
0,106.72651583900006,10.844117795000045,106.72687684000005,10.844576798000048
0,106.72638183800007,10.843466798000065,106.72698583800008,10.844137796000041
0,106.72628583900007,10.844275796000034,106.72659084100007,10.84459879700006
0,106.72617483800008,10.843809797000063,106.72653783800007,10.844340798000076
0,106.72613283400005,10.843359798000051,106.72647883700006,10.843834799000035
1,106.72595282200007,10.841273795000063,106.72674382500009,10.84210580100006
0,106.72598982600005,10.841732798000066,106.72620282600008,10.84210580100006
0,106.72617082700003,10.841718796000066,106.72638482600007,10.84209179800007
0,106.72636182300005,10.841695795000021,106.72674382500009,10.842078796000067
0,106.72596582300008,10.841465797000069,106.72634782200004,10.841673800000024
0,106.72595282200007,10.841284797000071,106.72633482300006,10.84149480000002
0,106.72631882100006,10.841273795000063,106.72670982200003,10.84164579700007
1,106.72464283800008,10.843284453000024,106.72617784100004,10.844909804000054
0,106.72581483500005,10.843296800000076,106.72603183600006,10.843700802000058
0,106.72564184100008,10.843921800000032,106.72583684100005,10.844114803000025
0,106.72522784200004,10.843937802000028,106.72603284300004,10.844909804000054
0,106.72582383800005,10.843903800000021,106.72607483900003,10.844123801000023
0,106.72530283800006,10.843732802000034,106.72549884000006,10.843892802000028
0,106.72584483900005,10.844096798000066,106.72617784100004,10.844456801000035
0,106.72557683700006,10.843684801000052,106.72604483700007,10.843869802000029
0,106.72464283800008,10.843284453000024,106.72558983900007,10.844202804000076
0,106.72553883700004,10.843286801000033,106.72584983800004,10.843724803000043
1,106.72410452700007,10.840995220000025,106.72465922600009,10.841969371000062
0,106.72417267300006,10.841009567000071,106.72440377500004,10.841328297000075
0,106.72437835300008,10.840995220000025,106.72458610300004,10.841315917000031
0,106.72445594400006,10.841782845000068,106.72465922600009,10.841951347000077
0,106.72442381800005,10.841389906000074,106.72464029300005,10.841707824000025
0,106.72416750600007,10.84140502200006,106.72443602400006,10.841577554000025
0,106.72412045900006,10.841556597000022,106.72444820000004,10.841733611000052
0,106.72410452700007,10.841797609000025,106.72446670000005,10.841969371000062
2,106.72355383200005,10.836001796000062,106.72748789300005,10.839694692000023
1,106.72598479600003,10.836070788000029,106.72748789300005,10.838131791000023
0,106.72631479900008,10.837327795000022,106.72674152300004,10.837702568000054
0,106.72704079900006,10.837510352000038,106.72746234000005,10.838029788000028
0,106.72719479500006,10.837251791000028,106.72743279600007,10.837523789000045
0,106.72707085500008,10.836070788000029,106.72748789300005,10.837308790000066
0,106.72655742800004,10.837517525000067,106.72717179700004,10.838131791000023
0,106.72644180000009,10.837219790000063,106.72727279600008,10.837643791000062
0,106.72602507800008,10.837232795000034,106.72656279500006,10.838047927000048
0,106.72598479600003,10.83632379200003,106.72702179400005,10.837435925000023
1,106.72571546100005,10.83852047800002,106.72742880700008,10.839562797000042
0,106.72690780800008,10.838954791000049,106.72742880700008,10.839432790000046
0,106.72648781100008,10.838929792000044,106.72699880500005,10.839380794000022
0,106.72665080600007,10.838701790000073,106.72713080600005,10.839033792000066
0,106.72645080600006,10.838601793000066,106.72684242200006,10.838929792000044
0,106.72571546100005,10.83852047800002,106.72667280600007,10.839562797000042
0,106.72682180400005,10.838541792000058,106.72721180500008,10.838777791000041
1,106.72376251900005,10.838356188000034,106.72483965900005,10.839694692000023
0,106.72446228900009,10.839269939000076,106.72483965900005,10.839659759000028
0,106.72396913400007,10.839298781000025,106.72447498900004,10.839694692000023
0,106.72387718000004,10.83885170900004,106.72418581800008,10.839479187000052
0,106.72428222300005,10.838824632000069,106.72457823200006,10.839479287000074
0,106.72376251900005,10.838359816000036,106.72412415900004,10.838773855000056
0,106.72409964700006,10.838358366000023,106.72430572400003,10.839233837000052
0,106.72429061800005,10.838356188000034,106.72458195200005,10.838748914000064
1,106.72586880400007,10.837708796000072,106.72747579900005,10.838744795000025
0,106.72657580600008,10.838256665000074,106.72690080300004,10.838668792000021
0,106.72614250000004,10.838174854000044,106.72645680200009,10.838532678000036
0,106.72695980300006,10.838441790000047,106.72726280300009,10.83864679100003
0,106.72640380300004,10.838240793000068,106.72664080300007,10.838665794000065
0,106.72602277700008,10.838377364000053,106.72651880500007,10.838744795000025
0,106.72588180400004,10.838123796000048,106.72616693300006,10.838396818000035
0,106.72631456200008,10.837720328000046,106.72684680100008,10.83835679300006
0,106.72586880400007,10.837973797000075,106.72602080300004,10.838172796000038
0,106.72675980200006,10.83775079000003,106.72747579900005,10.838576791000037
0,106.72591271500005,10.837708796000072,106.72627275000008,10.838194962000046
1,106.72455600600006,10.83751551100005,106.72599892500006,10.83932253300003
0,106.72573380500006,10.838030797000044,106.72593680200004,10.838273799000035
0,106.72539380900008,10.838248798000052,106.72599892500006,10.83867779700006
0,106.72532580900008,10.838772801000061,106.72594980900004,10.83932253300003
0,106.72528335500004,10.837771598000074,106.72545576100003,10.838008392000063
0,106.72525601500007,10.837707631000058,106.72595380500007,10.838517099000057
0,106.72520680900004,10.838450366000075,106.72576080700009,10.83890780300004
0,106.72455600600006,10.838518159000046,106.72533622600008,10.839198073000034
0,106.72456513100008,10.83751551100005,106.72539032600008,10.838571586000057
1,106.72402435600009,10.837470519000021,106.72492253000007,10.838269446000027
0,106.72463090200006,10.837489729000026,106.72482046800008,10.837652288000072
0,106.72457228700006,10.837645923000025,106.72492253000007,10.838265505000038
0,106.72453337200005,10.83748674800006,106.72463664800006,10.837796900000058
0,106.72439042400003,10.837882226000033,106.72458540000008,10.838266813000075
0,106.72403065600008,10.837470519000021,106.72454435500003,10.83779394800007
0,106.72402435600009,10.83786950800004,106.72440260800005,10.838269446000027
1,106.72355383200005,10.837455663000071,106.72404205900006,10.838271272000043
0,106.72364731100004,10.837856943000077,106.72403702900004,10.838271272000043
0,106.72375656800006,10.837615717000062,106.72394556500007,10.837774933000048
0,106.72394088800007,10.837467554000057,106.72404205900006,10.837777815000038
0,106.72376260800007,10.83746168600004,106.72395029600006,10.837622083000042
0,106.72355383200005,10.837455663000071,106.72376867600008,10.837769019000064
1,106.72421279900004,10.836001796000062,106.72644579100006,10.837985164000031
0,106.72533585500008,10.837487772000031,106.72624181000003,10.837985164000031
0,106.72530780000005,10.836901703000024,106.72625079600004,10.837892042000021
0,106.72522908100007,10.836001796000062,106.72644579100006,10.83709479600003
0,106.72480760100007,10.837495669000077,106.72494092200009,10.837805580000065
0,106.72463880700008,10.837099583000054,106.72539879900006,10.837534554000058
0,106.72421279900004,10.836136798000041,106.72559579400007,10.837106800000072
3,106.72250158800006,10.822225805000073,106.73573675200004,10.837401956000065
2,106.72352887100004,10.833718784000041,106.72840977500005,10.837401956000065
1,106.72352887100004,10.836024803000043,106.72482579600006,10.837401956000065
0,106.72399904400004,10.837226129000044,106.72418783500007,10.837386060000028
0,106.72450771700005,10.836024803000043,106.72482579600006,10.837253156000031
0,106.72418183200006,10.83723248900003,106.72464481200007,10.837401956000065
0,106.72409644100009,10.83707573700002,106.72451372000006,10.837243619000049
0,106.72352887100004,10.837209707000056,106.72400504600006,10.837379701000032
1,106.72619036400005,10.835102783000025,106.72813777800008,10.837227140000039
0,106.72768878400007,10.835102783000025,106.72813777800008,10.835758784000063
0,106.72634994900005,10.837066765000031,106.72654479900007,10.837227140000039
0,106.72669979600005,10.835809786000027,106.72774478700006,10.837215791000062
0,106.72619036400005,10.836931693000054,106.72642368600003,10.837204254000028
0,106.72758378400005,10.835547785000074,106.72782078600005,10.835933784000076
0,106.72699978300005,10.83525178800005,106.72775078300003,10.835862786000064
0,106.72772960100008,10.835319784000035,106.72806378200005,10.83567378400005
1,106.72353305000007,10.833740801000033,106.72535378800006,10.837229309000065
0,106.72373086500005,10.837063017000048,106.72410244700006,10.837229309000065
0,106.72353305000007,10.83705739000004,106.72373686800006,10.837216589000036
0,106.72429078500005,10.83391780200003,106.72484578400008,10.834465804000047
0,106.72427278400005,10.833740801000033,106.72456478500004,10.833961804000069
0,106.72429679200008,10.834645801000022,106.72512078600005,10.835604802000034
0,106.72365580100006,10.836517810000032,106.72451969300005,10.836981671000046
0,106.72506278700007,10.834811635000051,106.72535378800006,10.835141801000077
0,106.72433679000005,10.834605802000056,106.72456678500004,10.83482080300007
0,106.72421204800008,10.835563802000024,106.72489579100005,10.83652601800003
0,106.72354692200008,10.833978805000072,106.72435278700004,10.834499943000026
1,106.72473312600005,10.833733187000064,106.72730313400007,10.837049309000065
0,106.72576139500006,10.836742596000022,106.72626643600006,10.837049309000065
0,106.72519343900007,10.835407795000037,106.72730313400007,10.836612270000046
0,106.72512479100004,10.83465979600004,106.72574578600006,10.835681800000032
0,106.72473312600005,10.835426798000071,106.72556978900008,10.836385799000027
0,106.72578978500007,10.834150151000074,106.72689702500008,10.835634793000054
0,106.72537778800006,10.835040797000033,106.72624878700009,10.835523795000029
0,106.72567178200006,10.834457792000023,106.72621478100007,10.835032795000075
0,106.72493578800004,10.834510797000064,106.72563978400007,10.834861800000056
0,106.72489378900008,10.83483654400004,106.72552679000006,10.83564380200005
0,106.72484878400007,10.833733187000064,106.72588055200004,10.834596799000053
1,106.72671877800008,10.833718784000041,106.72840977500005,10.835488785000052
0,106.72733478200007,10.834808784000074,106.72812278200007,10.835488785000052
0,106.72768577900007,10.834840783000061,106.72793178000006,10.834991784000067
0,106.72787295300009,10.83527678300004,106.72812078300007,10.835419783000077
0,106.72796378000004,10.835067783000056,106.72827178000006,10.835324782000043
0,106.72671877800008,10.833718784000041,106.72785377900004,10.835222786000031
0,106.72794378000003,10.834860782000021,106.72832477900005,10.83509278200006
0,106.72790178100007,10.834363782000025,106.72837277600007,10.834916784000029
0,106.72732377700004,10.83406878300002,106.72840977500005,10.83498078100007
2,106.72251779000004,10.831263787000069,106.72771250400007,10.836965134000025
1,106.72284180200006,10.835731810000027,106.72422279800008,10.836965134000025
0,106.72303080200004,10.836284784000043,106.72404511400003,10.836965134000025
0,106.72284180200006,10.835766810000052,106.72336780000006,10.836500813000043
0,106.72326179700008,10.835753338000075,106.72349679900009,10.836346810000066
0,106.72343379800009,10.835731810000027,106.72422279800008,10.836550807000037
1,106.72413978200007,10.831741801000021,106.72543477400006,10.83330601700004
0,106.72492106300007,10.831862799000021,106.72541276800007,10.832359797000038
0,106.72445477400004,10.831904804000033,106.72466777100004,10.832390801000031
0,106.72455677300007,10.831741801000021,106.72502663700004,10.832432801000039
0,106.72452877400008,10.832246798000028,106.72543477400006,10.833240799000066
0,106.72439177200005,10.832278802000076,106.72459577200004,10.832479801000034
0,106.72433977800006,10.832644802000061,106.72451377700008,10.832831803000033
0,106.72421177500007,10.83242380200005,106.72461377400003,10.832793801000037
0,106.72418377200006,10.831899802000066,106.72454277100007,10.832306803000051
0,106.72413978200007,10.832680804000063,106.72492142300007,10.83330601700004
1,106.72542977500007,10.832083786000055,106.72771250400007,10.835529509000025
0,106.72670278100009,10.832083786000055,106.72771250400007,10.835529509000025
0,106.72607577200006,10.832808793000027,106.72669277100005,10.833447790000037
0,106.72592877400007,10.833202792000066,106.72639177300005,10.833534794000059
0,106.72560777900009,10.833488794000061,106.72634477500009,10.835497796000027
0,106.72552777900006,10.833156789000043,106.72738177300005,10.834618790000036
0,106.72542977500007,10.832553793000045,106.72622777200007,10.833516795000037
1,106.72410078300004,10.833433797000055,106.72651477800008,10.834725800000058
0,106.72594577500007,10.833451793000052,106.72623577400009,10.833709795000061
0,106.72456478700008,10.834105801000021,106.72493778400008,10.834706805000053
0,106.72513278400004,10.834367796000038,106.72561778200009,10.83461679800007
0,106.72455578100005,10.83349079800007,106.72528430300008,10.834155802000055
0,106.72537377700007,10.833634795000023,106.72595977700007,10.833990796000023
0,106.72420028000005,10.83414280200003,106.72466678500007,10.834668806000025
0,106.72503678200007,10.833891512000037,106.72651477800008,10.834465800000032
0,106.72486578400009,10.83411680000006,106.72511378500008,10.834725800000058
0,106.72410078300004,10.833512645000042,106.72449378300007,10.83407080400002
0,106.72524077900005,10.833433797000055,106.72562177700007,10.833699796000076
1,106.72328877700005,10.831798802000037,106.72442177300007,10.832999804000053
0,106.72328877700005,10.832340808000026,106.72421977600004,10.832999804000053
0,106.72374577600004,10.832005804000062,106.72442177300007,10.832558946000063
0,106.72373177300005,10.831798802000037,106.72433877000009,10.832144804000052
0,106.72332977700006,10.83196252600004,106.72379377300007,10.832461806000026
0,106.72331177900008,10.832606809000026,106.72349677900007,10.832956808000063
1,106.72507177800009,10.832141797000077,106.72592677100005,10.834113799000022
0,106.72532277300007,10.832554793000043,106.72581477000006,10.832967796000048
0,106.72524377500008,10.833005796000066,106.72580877700005,10.833761795000044
0,106.72513377300004,10.832141797000077,106.72592677100005,10.832807798000033
0,106.72509578000006,10.833636082000055,106.72566977800005,10.834113799000022
0,106.72507177800009,10.833137799000042,106.72534177800009,10.833515799000054
1,106.72251779000004,10.833095803000049,106.72519078700009,10.836269383000058
0,106.72252478900003,10.83397603800006,106.72287781000006,10.835572814000045
0,106.72275178600006,10.83332781300004,106.72293269200009,10.833744812000077
0,106.72375879600008,10.835298806000026,106.72474579300007,10.836269383000058
0,106.72251779000004,10.833923003000052,106.72320278700005,10.836006815000076
0,106.72413534900005,10.834001800000067,106.72519078700009,10.83542880500005
0,106.72286478900008,10.833603811000046,106.72422278500005,10.834469805000026
0,106.72253378700009,10.833291814000063,106.72279578400008,10.833751813000049
0,106.72412167100003,10.833095803000049,106.72516277900007,10.83396580300007
0,106.72293778500006,10.833245808000072,106.72375678200007,10.833662809000032
1,106.72281079600003,10.832999573000052,106.72424578600004,10.835623810000072
0,106.72281079600003,10.834830813000053,106.72396479200006,10.835623810000072
0,106.72307779000005,10.83409081000002,106.72365378700005,10.834916809000049
0,106.72285378800007,10.834081387000026,106.72308678800005,10.83425881100004
0,106.72306978400007,10.833528811000065,106.72328178400005,10.833655810000039
0,106.72285778400004,10.833328811000058,106.72308278400004,10.833631812000021
0,106.72309678300007,10.833217810000065,106.72373378000009,10.83352480900004
0,106.72364079000005,10.832999573000052,106.72424578600004,10.834930807000035
1,106.72258978100007,10.831689810000057,106.72367477900008,10.833347808000042
0,106.72330878000008,10.832801807000067,106.72343477900006,10.83297980900005
0,106.72263278200006,10.832673864000071,106.72306077900004,10.83330581100006
0,106.72261378000007,10.832470810000075,106.72300477800007,10.832703810000055
0,106.72272877800003,10.832186811000042,106.72303877500008,10.832442811000021
0,106.72342977900007,10.832618808000063,106.72367477900008,10.833031808000044
0,106.72341478400006,10.833015808000027,106.72367177900009,10.833241807000036
0,106.72297878000006,10.832080809000047,106.72342077900004,10.833347808000042
0,106.72290141200006,10.831689810000057,106.72340077300004,10.832194810000033
0,106.72258978100007,10.832397814000046,106.72301677800004,10.832481811000036
1,106.72636726200005,10.831263787000069,106.72758075900003,10.83225907600007
0,106.72676952800003,10.83156778700004,106.72746076300007,10.83225907600007
0,106.72683876100007,10.831352782000067,106.72758075900003,10.831663788000071
0,106.72636726200005,10.831288787000062,106.72703176500005,10.832146562000048
0,106.72694776000009,10.831263787000069,106.72753476300005,10.832058786000061
2,106.73078739200008,10.831122744000027,106.73573675200004,10.835761124000044
1,106.73294575600005,10.833365748000062,106.73429976100005,10.835708746000023
0,106.73385475400005,10.833374746000061,106.73421075300007,10.833801747000052
0,106.73353275600005,10.833490748000031,106.73401075700008,10.834040747000074
0,106.73311075900006,10.834089751000022,106.73429976100005,10.835416747000068
0,106.73302776000008,10.833819751000021,106.73379475700006,10.834230750000074
0,106.73299376900007,10.834942269000067,106.73417976600007,10.835708746000023
0,106.73294575600005,10.833365748000062,106.73364575400007,10.833945749000065
1,106.73264631500007,10.831122744000027,106.73573675200004,10.834563739000032
0,106.73401344900009,10.832609741000056,106.73573675200004,10.834563739000032
0,106.73330274500006,10.831122744000027,106.73473974500007,10.832905746000051
0,106.73346475400007,10.832868747000077,106.73404375100006,10.833512749000022
0,106.73289575000007,10.831954749000033,106.73344074700009,10.832443751000028
0,106.73268174900005,10.832230752000044,106.73351675000004,10.83310874800003
0,106.73264631500007,10.831563750000043,106.73340674600007,10.832054751000044
0,106.73378075900007,10.833317746000034,106.73438475400008,10.834407747000057
0,106.73279475500004,10.832981751000034,106.73343875700004,10.833941751000054
0,106.73411174900008,10.832684743000073,106.73475875000008,10.833311743000024
1,106.73242477000008,10.833737752000047,106.73359875800008,10.835734753000054
0,106.73279876700008,10.835288754000032,106.73320876700006,10.835734753000054
0,106.73329709500007,10.83478075000005,106.73359004900004,10.835033916000043
0,106.73302276100009,10.834052752000048,106.73359875800008,10.83456575200006
0,106.73259476300007,10.833737752000047,106.73309376100008,10.834428753000054
0,106.73242477000008,10.83473475300002,106.73337721600006,10.835675755000068
1,106.73128575500004,10.832350752000025,106.73360675000004,10.83368275500004
0,106.73233675300008,10.832515754000042,106.73297568200007,10.83368275500004
0,106.73282427100008,10.83264775200007,106.73360675000004,10.833583751000049
0,106.73201975800004,10.833328756000071,106.73230475600008,10.833597759000043
0,106.73278575200004,10.832350752000025,106.73358074900005,10.832770754000023
0,106.73186275900008,10.832775756000046,106.73274485800005,10.833511757000053
0,106.73138076000004,10.832880762000059,106.73187075900006,10.833623760000023
0,106.73128575500004,10.83243933700004,106.73202575400006,10.833157758000027
1,106.73122576600008,10.833356754000022,106.73317375900007,10.835355754000034
0,106.73258475900008,10.833805752000046,106.73317375900007,10.834091754000042
0,106.73242576100006,10.833956756000077,106.73294776200004,10.834539754000048
0,106.73234476600004,10.834371752000038,106.73317076100005,10.835355754000034
0,106.73171568500004,10.834500757000058,106.73243276500006,10.835096759000066
0,106.73122576600008,10.833356754000022,106.73270875800006,10.834645762000036
1,106.73078739200008,10.833288762000052,106.73288676700008,10.835761124000044
0,106.73227776600004,10.834422755000048,106.73272076400008,10.83487875700007
0,106.73161606300005,10.834609761000024,106.73240876800008,10.835461703000021
0,106.73148777100005,10.834977760000072,106.73288676700008,10.835743756000056
0,106.73094877200003,10.834477764000042,106.73133376700008,10.834823765000067
0,106.73091676100006,10.833288762000052,106.73229776500006,10.834757762000038
0,106.73084977200006,10.83475476600006,106.73118077300006,10.835242764000043
0,106.73078739200008,10.834777849000034,106.73180310400005,10.835761124000044
2,106.72800177900007,10.83221577200004,106.73173930500008,10.835716780000041
1,106.72800177900007,10.83453878000006,106.72921977600004,10.835716780000041
0,106.72853178200006,10.835055777000036,106.72921977600004,10.835716780000041
0,106.72824378200005,10.83516878100005,106.72857477900004,10.835493781000025
0,106.72856077900008,10.835053779000077,106.72876577800008,10.835258779000071
0,106.72800177900007,10.834900782000034,106.72818777900005,10.835124781000047
0,106.72853977700004,10.834856779000063,106.72903877700008,10.835168779000071
0,106.72816177900006,10.83453878000006,106.72865277700004,10.835248781000075
1,106.73042383300009,10.833477765000055,106.73133776400005,10.835402369000064
0,106.73055376600007,10.833544763000077,106.73133776400005,10.834629370000073
0,106.73066376800006,10.834337767000022,106.73096576800003,10.834751766000068
0,106.73042776700004,10.833645594000075,106.73074970500005,10.83424076800003
0,106.73058868600003,10.833477765000055,106.73102676200006,10.83379099900003
0,106.73042383300009,10.834633766000024,106.73126176900007,10.835402369000064
0,106.73047427000006,10.834322335000024,106.73074176800009,10.834665767000047
1,106.73008776400007,10.832215998000038,106.73173930500008,10.833627770000021
0,106.73035776200004,10.833095766000042,106.73083965300003,10.833432767000033
0,106.73058175900007,10.832755765000059,106.73090275900006,10.832968766000022
0,106.73049476300008,10.833289152000077,106.73096776100004,10.83362276500003
0,106.73074375800007,10.832733695000059,106.73159111000007,10.83329340000006
0,106.73048675900009,10.832666766000045,106.73067775900006,10.832857767000064
0,106.73060575700003,10.832563764000042,106.73125875600005,10.832886763000033
0,106.73045675700007,10.832215998000038,106.73173930500008,10.832722764000039
0,106.73042507300005,10.832896223000034,106.73081676100009,10.833215766000023
0,106.73011676200008,10.832749766000063,106.73057035900007,10.833336768000038
0,106.73008776400007,10.833228766000047,106.73051276200005,10.833627770000021
1,106.72925076200005,10.83221577200004,106.73022976300007,10.83366477100003
0,106.72991576200008,10.83312877000003,106.73022976300007,10.833497770000065
0,106.72977576400007,10.832746769000039,106.73020197600005,10.833206834000066
0,106.72939376100004,10.83221577200004,106.73005775900003,10.833438218000026
0,106.72933300000005,10.833286771000076,106.72997276300003,10.83366477100003
0,106.72925576400007,10.833170773000063,106.72949197700007,10.833442774000048
0,106.72925076200005,10.832231773000046,106.72953776000008,10.83280777400006
1,106.72831176500006,10.832231776000071,106.72944076300007,10.833507775000044
0,106.72899376700008,10.833256773000073,106.72935976600007,10.833507775000044
0,106.72831176500006,10.832756779000022,106.72849776700008,10.83297078000004
0,106.72884976100005,10.832578776000048,106.72944076300007,10.833329775000038
0,106.72882976200003,10.832362777000071,106.72906276100008,10.832724775000031
0,106.72900676000006,10.832359774000054,106.72926976000008,10.83269077400007
0,106.72886876100006,10.832231776000071,106.72925675900007,10.832466775000057
1,106.72882877100005,10.833471635000024,106.73061449200009,10.835056768000072
0,106.72938732700004,10.834128773000032,106.73005776900004,10.834676771000034
0,106.72882877100005,10.833542776000058,106.72909137300007,10.833949216000065
0,106.72900976700004,10.833471635000024,106.72941486100007,10.833826776000024
0,106.73016976400004,10.83352676800007,106.73057776300004,10.833737769000038
0,106.72999538800008,10.834736771000053,106.73056333800008,10.835056768000072
0,106.73002177100005,10.83413954100007,106.73061449200009,10.834762768000076
0,106.73003976600006,10.833647768000048,106.73059276500004,10.834253769000043
0,106.72987976500008,10.833538770000075,106.73016113500006,10.834775771000068
0,106.72899713100009,10.833505772000024,106.73003276700007,10.834284774000025
2,106.72894774800005,10.82895475600003,106.73397074000007,10.832932769000024
1,106.73164375100004,10.830545750000056,106.73397074000007,10.832874749000041
0,106.73286774900004,10.831614751000075,106.73369574900005,10.832874749000041
0,106.73176975200005,10.831754757000056,106.73264174900004,10.832808756000077
0,106.73165105500004,10.831107754000072,106.73296674700003,10.832324753000023
0,106.73164375100004,10.831942794000042,106.73198801200004,10.83228476000005
0,106.73282774400008,10.831300750000025,106.73338274300005,10.831748750000031
0,106.73252374200007,10.830943753000042,106.73291774400008,10.831618753000043
0,106.73264774600005,10.830545750000056,106.73397074000007,10.831599749000077
1,106.72900875500005,10.830863770000065,106.73080794500004,10.832932769000024
0,106.72931622400006,10.83201677300002,106.72963276000007,10.832382772000074
0,106.73015275200004,10.831265765000069,106.73080794500004,10.832539767000071
0,106.72959875600009,10.831486768000048,106.73056875900005,10.832932769000024
0,106.72936975700009,10.83188877300006,106.72961075600006,10.832090773000061
0,106.72954875800008,10.831865771000025,106.72970375700004,10.832280771000057
0,106.72990875200009,10.831190768000056,106.73024375200004,10.83157576900004
0,106.72979975200008,10.831033768000054,106.73003974900007,10.831502769000053
0,106.72966775200007,10.83087777000003,106.72994475100006,10.831422770000074
0,106.72900875500005,10.830863770000065,106.72979975200008,10.831873771000062
0,106.73017574800008,10.830948765000073,106.73057774900008,10.83139176800006
1,106.73176228500006,10.830922717000021,106.73289974400006,10.83159775200005
0,106.73243574300005,10.831065754000065,106.73289974400006,10.83159775200005
0,106.73252174400005,10.831174753000028,106.73278474400007,10.831459754000036
0,106.73176228500006,10.830927435000035,106.73204735000007,10.83139054000003
0,106.73198147100004,10.830922717000021,106.73232576300006,10.831218341000067
1,106.73059674700005,10.830078846000049,106.73187272300004,10.832386762000056
0,106.73145575000007,10.831565389000048,106.73179742600007,10.832064759000048
0,106.73139174400006,10.83010075900006,106.73185759300009,10.831170034000024
0,106.73069175500007,10.831785695000065,106.73109575400008,10.832335765000039
0,106.73118040300005,10.831018593000067,106.73187272300004,10.831740252000031
0,106.73073274700005,10.830078846000049,106.73162374300006,10.831258762000061
0,106.73067344400005,10.83144676300003,106.73117075000005,10.831884098000046
0,106.73096530800007,10.831333414000028,106.73156453400009,10.832386762000056
0,106.73068174900004,10.83093576300007,106.73125774800008,10.831619764000038
0,106.73059674700005,10.830226764000031,106.73088474700006,10.83120976500004
1,106.72919874800004,10.830183767000051,106.73073674700004,10.831081769000036
0,106.72930674900005,10.83056477100007,106.72971374900004,10.830810771000074
0,106.73010374900008,10.830594764000068,106.73073674700004,10.831081769000036
0,106.72994474700005,10.830183767000051,106.73067974300005,10.830678767000052
0,106.72937875100007,10.83070777000006,106.72982275000004,10.831057771000076
0,106.72992074900009,10.830579767000074,106.73027274500004,10.830977767000036
0,106.72919874800004,10.830227772000057,106.72990774600004,10.830655772000057
0,106.72977574600009,10.830215767000027,106.73008974500004,10.83071576900005
1,106.73165773900007,10.82895475600003,106.73366373600004,10.831021753000073
0,106.73214674200005,10.829653750000034,106.73346673800006,10.831021753000073
0,106.73188802000004,10.830822352000041,106.73207187300005,10.831007383000042
0,106.73346873600008,10.830388747000029,106.73366373600004,10.830673748000038
0,106.73336873700003,10.830403747000048,106.73351373600008,10.830616749000058
0,106.73175588900006,10.83021175600004,106.73211574000004,10.830892671000072
0,106.73199174100006,10.830235754000057,106.73232573900003,10.830994817000033
0,106.73218573100007,10.829025753000053,106.73290789200007,10.829939753000076
0,106.73165773900007,10.82895475600003,106.73216173500003,10.829816755000024
1,106.73068074100007,10.829521758000055,106.73280573700004,10.830353757000069
0,106.73124673700005,10.829521758000055,106.73158773800009,10.829882759000043
0,106.73079474100007,10.829644761000054,106.73169473800004,10.830219759000045
0,106.73154574000006,10.829882758000053,106.73198174000004,10.830353757000069
0,106.73213073700003,10.829791750000027,106.73280573700004,10.830323753000073
0,106.73068074100007,10.829775764000033,106.73091974100004,10.830036764000056
0,106.73181373700004,10.829733756000053,106.73226973600003,10.830175756000074
1,106.72894774800005,10.829719772000033,106.73078474300007,10.830350770000052
0,106.72959474500004,10.829898770000057,106.72990274400007,10.830350770000052
0,106.73031674400005,10.830040765000035,106.73078474300007,10.830317764000029
0,106.72894774800005,10.829719772000033,106.72972574500005,10.830246771000077
0,106.73020374300006,10.829855766000037,106.73067074100004,10.83013276500003
0,106.73014674100006,10.829762766000044,106.73055574100005,10.829947765000043
0,106.72976274500007,10.829757768000036,106.73023974200004,10.830312769000045
2,106.72714526900006,10.828103780000049,106.72943775000005,10.833836347000044
1,106.72819976800008,10.832909779000033,106.72921743800003,10.833836347000044
0,106.72857455400003,10.833572777000029,106.72890576800006,10.833836347000044
0,106.72860484700004,10.833283777000076,106.72921743800003,10.83368143000007
0,106.72830916800007,10.833263779000049,106.72877676900004,10.833612837000032
0,106.72856576800007,10.832909780000023,106.72906076700008,10.833363778000034
0,106.72819976800008,10.832909779000033,106.72867376600004,10.833341780000069
1,106.72722058600004,10.83147678000006,106.72840076000006,10.833397063000064
0,106.72727376500006,10.831958783000061,106.72765076400009,10.832436784000038
0,106.72722058600004,10.83232778300004,106.72774476400008,10.832671382000058
0,106.72772076700005,10.83258778100003,106.72839976400007,10.833397063000064
0,106.72809775800005,10.831607778000034,106.72837175900008,10.831955779000054
0,106.72806706900008,10.831890778000059,106.72840076000006,10.83254164400006
0,106.72795275900006,10.83147678000006,106.72822875800006,10.83196378100007
0,106.72789676700006,10.832446334000053,106.72833076400008,10.832693095000025
0,106.72757676500004,10.831779781000023,106.72811376200008,10.832441783000036
0,106.72756904800008,10.832564782000077,106.72795676500004,10.832927475000076
1,106.72714526900006,10.830745782000065,106.72907275600005,10.831563778000032
0,106.72714526900006,10.830761357000029,106.72756575600005,10.831261785000038
0,106.72794875400007,10.83085778000003,106.72830775400007,10.831182780000063
0,106.72862275600005,10.83118977600003,106.72907275600005,10.831554776000075
0,106.72853475400007,10.830849777000026,106.72892875600007,10.831272776000048
0,106.72783375300008,10.830752781000058,106.72824175200009,10.83099978100006
0,106.72759675600008,10.830896781000035,106.72801575800008,10.831376781000074
0,106.72774275800003,10.831170777000068,106.72860975500004,10.831563778000032
0,106.72743176000006,10.830745782000065,106.72776075900003,10.831554782000069
1,106.72826976000005,10.83147277300003,106.72943403700003,10.832378780000056
0,106.72892576100008,10.832049117000054,106.72943403700003,10.832365776000074
0,106.72840575800006,10.83165877700003,106.72875275800004,10.831902778000028
0,106.72830176100007,10.832117778000054,106.72855276100006,10.832378780000056
0,106.72826976000005,10.831836777000035,106.72870976000007,10.83222177700003
0,106.72861876000007,10.831884776000038,106.72916275800009,10.83222177700003
0,106.72893675900008,10.831811774000073,106.72928075600004,10.832006774000035
0,106.72831975800005,10.831488777000061,106.72869575600004,10.831733778000057
0,106.72862276000006,10.831485777000069,106.72907675600004,10.831950777000031
0,106.72893375600006,10.83147277300003,106.72924475600007,10.831880775000059
1,106.72810174300008,10.82822677200005,106.72943374400006,10.82998077800005
0,106.72824674300006,10.828583777000063,106.72859174000007,10.829373776000068
0,106.72859574200004,10.828792773000032,106.72898874000003,10.829038776000061
0,106.72854674600006,10.829575775000023,106.72943374400006,10.829977773000053
0,106.72812774600004,10.829563778000022,106.72853674800007,10.82998077800005
0,106.72842074500005,10.829304775000026,106.72887974400004,10.829675776000045
0,106.72892574200006,10.829247773000077,106.72937474100007,10.829594773000053
0,106.72869374200008,10.828944774000036,106.72921974100007,10.829342774000054
0,106.72810174300008,10.828734777000022,106.72834874200004,10.82945077900007
0,106.72830374100005,10.82822677200005,106.72942273600006,10.828776775000051
1,106.72799775500005,10.830296780000026,106.72893676000007,10.83303477800007
0,106.72849576400006,10.83272048300006,106.72891376500007,10.83303477800007
0,106.72832276400004,10.832373778000033,106.72872776300005,10.832849778000025
0,106.72863976200006,10.832260775000066,106.72893676000007,10.832778819000055
0,106.72799775500005,10.830545778000044,106.72860775100008,10.830875779000053
0,106.72813475200007,10.830397779000066,106.72854675000008,10.830644777000032
0,106.72805775000006,10.830296780000026,106.72842875000003,10.830540780000035
1,106.72799074900007,10.828477775000067,106.72943775000005,10.831103775000031
0,106.72884075100006,10.830085773000064,106.72943775000005,10.831103775000031
0,106.72799074900007,10.829985777000047,106.72848774600004,10.83039377800003
0,106.72881774600006,10.829881773000068,106.72921874500008,10.83018577300004
0,106.72835974900005,10.829625775000068,106.72894674500009,10.830554776000042
0,106.72882974600009,10.829201773000023,106.72941374300007,10.829826774000026
0,106.72799174600004,10.828833778000046,106.72845974600006,10.830080776000045
0,106.72861473900008,10.828477775000067,106.72940173700005,10.829146774000037
1,106.72738874400005,10.828103780000049,106.72824174300007,10.829653780000058
0,106.72789774600005,10.829167778000055,106.72819574600004,10.829442778000043
0,106.72762574600006,10.828997781000055,106.72796874300008,10.82928478100007
0,106.72758474600005,10.829320779000057,106.72823874500006,10.829653780000058
0,106.72738874400005,10.828103780000049,106.72824174300007,10.829130778000035
1,106.72733074900003,10.829556782000054,106.72818475100007,10.831968785000072
0,106.72738376000007,10.831371997000076,106.72791675900004,10.831968785000072
0,106.72748275300006,10.829889781000077,106.72795175000005,10.830500782000058
0,106.72748274900005,10.829556782000054,106.72786974700006,10.829915782000057
0,106.72771575500008,10.830601781000041,106.72812575300009,10.830848780000053
0,106.72763875500004,10.830404780000038,106.72804775200007,10.830701781000073
0,106.72782475000008,10.829821779000042,106.72818475100007,10.830439779000073
0,106.72737775300004,10.830349782000042,106.72776575300009,10.830834782000068
0,106.72739375300006,10.830101782000042,106.72781475200009,10.830399782000029
0,106.72733074900003,10.829709783000055,106.72762074900004,10.830031784000028
2,106.72253876500008,10.828019783000059,106.72761574600008,10.831990806000022
1,106.72337377600007,10.830959805000077,106.72507076700003,10.831990806000022
0,106.72419677200008,10.831696802000067,106.72452676900008,10.831945804000043
0,106.72416677100006,10.831519803000049,106.72435176900007,10.831716804000052
0,106.72429776800004,10.831334801000025,106.72450676600005,10.831557802000077
0,106.72399176900007,10.831096803000037,106.72443076600007,10.831678805000024
0,106.72444677000004,10.831632799000033,106.72507076700003,10.831986801000028
0,106.72427776800004,10.831436801000052,106.72478776900005,10.831811801000072
0,106.72398977100005,10.83165880200005,106.72423077000008,10.831920804000049
0,106.72381677100009,10.831497804000037,106.72411377100008,10.831855803000053
0,106.72361677100008,10.830959805000077,106.72405176700005,10.831261805000054
0,106.72337377600007,10.831250805000025,106.72405277000007,10.831990806000022
1,106.72268876800007,10.830254811000032,106.72392976700007,10.831780809000065
0,106.72273577100009,10.831240811000043,106.72322577000006,10.83153580800007
0,106.72314177000004,10.830870807000053,106.72367276900007,10.831221807000077
0,106.72313677200003,10.831188809000025,106.72363977400005,10.831759807000026
0,106.72322576900007,10.830449011000042,106.72392976700007,10.831066809000049
0,106.72284177600005,10.831474542000024,106.72316977100007,10.831780809000065
0,106.72281076900003,10.831016809000062,106.72325576900005,10.831295810000029
0,106.72268876800007,10.830254811000032,106.72328976500006,10.831064809000054
1,106.72634675600005,10.830057786000054,106.72760975200003,10.83146778500003
0,106.72699075800006,10.830841784000029,106.72759375700008,10.83146778500003
0,106.72636523200003,10.830663784000023,106.72748675700007,10.831340787000045
0,106.72634675600005,10.830372786000055,106.72733675500007,10.830833442000028
0,106.72651175400006,10.830057786000054,106.72760975200003,10.830609787000071
1,106.72561515400008,10.829984789000036,106.72672804700005,10.831828935000033
0,106.72610947900006,10.831277796000052,106.72672667200004,10.831828935000033
0,106.72610876300007,10.830978789000028,106.72657692000007,10.831402790000027
0,106.72593723100005,10.830531821000022,106.72632676000006,10.830885791000071
0,106.72592976000004,10.830751790000022,106.72672804700005,10.831082790000039
0,106.72576375800008,10.829984789000036,106.72665406900006,10.830653793000067
0,106.72567975900006,10.83050679300004,106.72600876000007,10.830927793000058
0,106.72561515400008,10.830893790000061,106.72629876000008,10.83160997400006
1,106.72637275400007,10.828946787000064,106.72761574600008,10.830228789000046
0,106.72705275100009,10.829866787000071,106.72736675200008,10.830223821000061
0,106.72637275400007,10.829666787000065,106.72700375100004,10.830228789000046
0,106.72717675000007,10.829632782000033,106.72757774700005,10.830069783000056
0,106.72684075000006,10.82950878500003,106.72730075000004,10.829845785000032
0,106.72720574700008,10.829330783000046,106.72761574600008,10.829636784000058
0,106.72731674600004,10.829162781000036,106.72760474700004,10.829434783000067
0,106.72652474800009,10.828946787000064,106.72742874400006,10.829514782000047
1,106.72253876500008,10.828331806000051,106.72491899100004,10.83033580800003
0,106.72253876500008,10.829873811000027,106.72317576500006,10.83033580800003
0,106.72342837600007,10.829338805000077,106.72365575700007,10.829570282000077
0,106.72329714000006,10.829301806000046,106.72372875700006,10.829616804000068
0,106.72449878900005,10.828888301000063,106.72475727300008,10.82916375600007
0,106.72331975600008,10.828881802000069,106.72491899100004,10.83019580000007
0,106.72275996600007,10.82884580800004,106.72330875600005,10.829271961000074
0,106.72338375600003,10.828331806000051,106.72412475100003,10.828983804000075
1,106.72399275300006,10.828024799000048,106.72656889900009,10.831193206000023
0,106.72399275300006,10.828396016000056,106.72445218800004,10.82893180000002
0,106.72431075300005,10.828024799000048,106.72495874800006,10.829039800000032
0,106.72533174600005,10.82813879400004,106.72611074700006,10.828948796000077
0,106.72556275600004,10.829814793000025,106.72579324300006,10.830226794000055
0,106.72550775800005,10.830042792000029,106.72605575500006,10.830449010000052
0,106.72543575300006,10.828730792000044,106.72656889900009,10.829879794000021
0,106.72484975900005,10.829991797000048,106.72512375700006,10.83024880000005
0,106.72465275100006,10.828086793000068,106.72546375000007,10.829593798000076
0,106.72461276100006,10.830114800000047,106.72494275900004,10.83041479800005
0,106.72453476000004,10.829675794000025,106.72595776100007,10.831193206000023
1,106.72566575000008,10.828019783000059,106.72757374100007,10.830183791000024
0,106.72703974100006,10.828250783000044,106.72757374100007,10.828787783000053
0,106.72636274200005,10.828120783000031,106.72719474000007,10.829035787000066
0,106.72630774400005,10.828019783000059,106.72747774200008,10.828515787000072
0,106.72607129400006,10.82833978900004,106.72647674500007,10.82907079000006
0,106.72598574300008,10.828062790000047,106.72624979400007,10.828451788000052
0,106.72568713800007,10.829187790000049,106.72720574700008,10.829864815000064
0,106.72568374500008,10.82803479000006,106.72608674500009,10.828456790000075
0,106.72566575700006,10.829676069000072,106.72741775100008,10.830183791000024
0,106.72566575000008,10.828378789000055,106.72621719500006,10.829120791000037
2,106.72901372900009,10.826669760000073,106.73314673300007,10.829867768000042
1,106.73053972800005,10.826669760000073,106.73314673300007,10.829857755000035
0,106.73208671200007,10.829164751000064,106.73274273200008,10.829625753000073
0,106.73055861600005,10.826669760000073,106.73314673300007,10.829857755000035
0,106.73135379600006,10.828287757000055,106.73236434700004,10.828968754000073
0,106.73199573200009,10.828274628000031,106.73233873100008,10.829113754000048
0,106.73131273100006,10.828056939000021,106.73215785400004,10.828848108000045
0,106.73053972800005,10.827337758000056,106.73197597600006,10.828180351000071
0,106.73118073700005,10.828966647000072,106.73180173500003,10.829577758000028
0,106.73133656700008,10.82748822600007,106.73178410000008,10.827950757000053
1,106.72907073600004,10.827973771000075,106.73078573400005,10.829354769000076
0,106.72937673900009,10.828892770000039,106.72963273800008,10.829190770000025
0,106.72999673800007,10.828649767000059,106.73056873500008,10.829261767000048
0,106.72989873600005,10.828295764000075,106.73078573400005,10.828812766000055
0,106.72971873400007,10.828035112000066,106.73011973200005,10.828598769000052
0,106.73018173300005,10.82798976500004,106.73069373000004,10.828434765000054
0,106.72907073600004,10.827973771000075,106.72997688700008,10.829354769000076
1,106.73061873100005,10.828237759000046,106.73141973200006,10.829468655000028
0,106.73094573000009,10.828237759000046,106.73141973200006,10.82906876100003
0,106.73079973700004,10.828800762000071,106.73115173600007,10.829141762000063
0,106.73061973700004,10.82900776200006,106.73111273500007,10.829468655000028
0,106.73061873100005,10.828311761000066,106.73107073200003,10.828700764000075
1,106.72928674200006,10.82909376200007,106.73125696400007,10.829867768000042
0,106.73062373900007,10.82943778400005,106.73125696400007,10.829851763000022
0,106.73008974000004,10.829668765000065,106.73049874100008,10.829855766000037
0,106.72928674200006,10.829295768000065,106.72997774100008,10.829867768000042
0,106.73001674100004,10.829262765000067,106.73048173800004,10.829762766000044
0,106.72948274000004,10.829106769000077,106.73010574100005,10.829449767000028
0,106.73039773800008,10.82909376200007,106.73074492200004,10.829758765000065
1,106.72901372900009,10.826713771000072,106.73077472900007,10.828138569000032
0,106.73037873000004,10.827818763000039,106.73077472900007,10.828111765000074
0,106.73026493000003,10.82708976300006,106.73067021300005,10.827525896000054
0,106.72901372900009,10.82696677000007,106.72960473100005,10.827982768000027
0,106.72945973200007,10.826757766000071,106.73053772400004,10.828138569000032
0,106.72918072800007,10.826713771000072,106.72953072700005,10.827058770000065
1,106.73064372300007,10.826764617000038,106.73147872700008,10.828457762000028
0,106.73106969900005,10.827125759000069,106.73146529100006,10.82767244400003
0,106.73065973200005,10.828177762000053,106.73094573000009,10.828457762000028
0,106.73065273100008,10.827841758000034,106.73147872700008,10.828311761000066
0,106.73067926200008,10.827457761000062,106.73130072800006,10.828047021000032
0,106.73064372300007,10.826764617000038,106.73122772200009,10.827586761000077
2,106.72500373500009,10.823449786000026,106.73068672000005,10.828389174000051
1,106.72734173300006,10.826136779000024,106.72829772800009,10.827408781000031
0,106.72738073300007,10.826902779000022,106.72789373200004,10.827408781000031
0,106.72788273100008,10.826447778000045,106.72829772800009,10.826841776000037
0,106.72777972800009,10.826439777000076,106.72813472900003,10.826792777000037
0,106.72734173300006,10.826390781000043,106.72808072900006,10.82721477900003
0,106.72787872800006,10.826186776000043,106.72829372600006,10.826541778000035
0,106.72757572700004,10.826136779000024,106.72797672700005,10.826533778000055
1,106.72819172600003,10.825580767000076,106.73068672000005,10.827888772000051
0,106.72870972700008,10.826761773000044,106.72978072600006,10.827888772000051
0,106.72922672400006,10.826555767000059,106.73004872200005,10.826962767000055
0,106.72917972100004,10.825580767000076,106.73068672000005,10.826780170000063
0,106.72826361700004,10.826574857000026,106.72904173100005,10.827664774000027
0,106.72875572800007,10.826301772000022,106.72907272700007,10.826959775000034
0,106.72901672200004,10.826035769000043,106.72933372400007,10.826904771000045
0,106.72819172600003,10.826143775000048,106.72872272300003,10.826604776000067
0,106.72896972500007,10.826404771000057,106.72922272400007,10.826749772000028
0,106.72845372300009,10.825890773000026,106.72882072300007,10.826287774000036
1,106.72818972000005,10.825075771000058,106.72945371900005,10.82619277300006
0,106.72876672100006,10.825075771000058,106.72945371900005,10.825835772000062
0,106.72860772400008,10.825732773000027,106.72908272100005,10.82619277300006
0,106.72819772200006,10.825645774000066,106.72855572400005,10.826183774000071
0,106.72818972000005,10.825101774000075,106.72866071900006,10.825671775000046
0,106.72846472300006,10.825482772000043,106.72886472100004,10.825823774000071
1,106.72736172500004,10.824936777000062,106.72829972300008,10.82628177600003
0,106.72779072400004,10.825350778000029,106.72806872100006,10.825595776000057
0,106.72799672200006,10.825181776000022,106.72826071900005,10.82566177600006
0,106.72777672000007,10.824936777000062,106.72828571700006,10.825329777000036
0,106.72738872400004,10.825214780000067,106.72786172100007,10.825666777000038
0,106.72783972400003,10.825883777000058,106.72828972600007,10.82628177600003
0,106.72737272600006,10.825795782000057,106.72769172600005,10.826060778000056
0,106.72736172500004,10.825609780000036,106.72768072500008,10.825873780000052
0,106.72788272300005,10.825576778000027,106.72829972300008,10.825924775000033
0,106.72760872600008,10.825517777000073,106.72795672200004,10.826085779000039
1,106.72623973300006,10.825651783000069,106.72759372800004,10.827365783000062
0,106.72654973100003,10.825845782000044,106.72759372800004,10.826413884000033
0,106.72708273300009,10.826406505000023,106.72749173200003,10.82677878100003
0,106.72640173500008,10.826607950000039,106.72695637300006,10.827342788000067
0,106.72637573200006,10.826286482000057,106.72676607700004,10.826509787000077
0,106.72696372600006,10.825651783000069,106.72744372600005,10.825943781000035
0,106.72698173300006,10.82668278400007,106.72737673100005,10.826875783000048
0,106.72679206400005,10.826744552000036,106.72747473000004,10.827365783000062
0,106.72624873600006,10.826640786000041,106.72648573300006,10.827225787000032
0,106.72623973300006,10.826423785000031,106.72688673300007,10.826738784000042
0,106.72677478900005,10.826204070000074,106.72725272900004,10.826729784000065
1,106.72598974300007,10.826999776000036,106.72892073500009,10.828389174000051
0,106.72694173900004,10.827487783000038,106.72732873800004,10.827892785000074
0,106.72648474100004,10.827759783000033,106.72705573900004,10.828184950000036
0,106.72717574000006,10.827809782000031,106.72764773900008,10.828232782000043
0,106.72604773900008,10.827383788000077,106.72668573700008,10.827807300000075
0,106.72762773600004,10.826999776000036,106.72892073500009,10.828260778000072
0,106.72598974300007,10.827693077000049,106.72657386900005,10.828389174000051
0,106.72657073700009,10.827446485000053,106.72696673900003,10.827872786000057
0,106.72621173800007,10.826999788000023,106.72710148000004,10.827497785000048
0,106.72684203200004,10.827192782000054,106.72762473500006,10.827694780000058
1,106.72527471900008,10.823449786000026,106.72955271800004,10.825771890000055
0,106.72732572200005,10.824701779000065,106.72763071900005,10.82552878000007
0,106.72719172100005,10.824897777000047,106.72796071800008,10.825470781000035
0,106.72748772000006,10.82477977800005,106.72772471800005,10.825154780000048
0,106.72764271800008,10.824818778000065,106.72787871800006,10.825212778000036
0,106.72745972200005,10.82519478000006,106.72773772200009,10.825606780000044
0,106.72527471900008,10.823449786000026,106.72955271800004,10.825771890000055
0,106.72701072400008,10.825530780000065,106.72743272400004,10.825756781000052
0,106.72627897800004,10.82527678200006,106.72735472400007,10.825687782000045
1,106.72503473900008,10.826628791000076,106.72632873500004,10.828188792000049
0,106.72567174100004,10.827536790000067,106.72608274000004,10.82784279200007
0,106.72591074300004,10.827859788000069,106.72624574200006,10.828168790000063
0,106.72504674500004,10.827700794000066,106.72598174200004,10.828188792000049
0,106.72553930700008,10.827320789000055,106.72630273900006,10.827613791000033
0,106.72580576000007,10.826882788000034,106.72632873500004,10.82742679100005
0,106.72544674000005,10.826628791000076,106.72586973800009,10.82724679200004
0,106.72535873700008,10.82679579300003,106.72557573800009,10.827338793000024
0,106.72503473900008,10.82673520700007,106.72548289500008,10.827144793000059
0,106.72576773700007,10.826699160000032,106.72632767300007,10.826998791000051
1,106.72500373500009,10.825347788000045,106.72680172800005,10.826803790000042
0,106.72565672900004,10.825347788000045,106.72680172800005,10.826283787000023
0,106.72573573500006,10.826328789000058,106.72626273300006,10.826803790000042
0,106.72503973700009,10.826215791000038,106.72565373400005,10.826708551000024
0,106.72553980700008,10.825803507000046,106.72640191900007,10.826528790000054
0,106.72500373500009,10.825652793000074,106.72597573200005,10.826251790000072
2,106.72250158800006,10.822225805000073,106.72594171300005,10.828889808000042
1,106.72421972400008,10.823957793000034,106.72565272200006,10.82525266600004
0,106.72452443400005,10.823963190000029,106.72565272200006,10.825227253000037
0,106.72432782600004,10.824869589000059,106.72458942000009,10.82525266600004
0,106.72441073300007,10.824558641000067,106.72468589200008,10.824905527000055
0,106.72453226900006,10.824187796000047,106.72478572400007,10.824604621000049
0,106.72421972400008,10.824103796000031,106.72458472500006,10.824793639000063
0,106.72463372300007,10.823957793000034,106.72534080500009,10.824172229000055
1,106.72380672800006,10.823774797000056,106.72440262100008,10.825228800000048
0,106.72409473100004,10.824754812000037,106.72440262100008,10.82521379700006
0,106.72409472500004,10.823774797000056,106.72435072200005,10.824303798000074
0,106.72393972900005,10.824655800000073,106.72418372800007,10.824885799000072
0,106.72389472500004,10.823983799000075,106.72409572300006,10.82426779900004
0,106.72383273100007,10.824834800000076,106.72413372800008,10.825228800000048
0,106.72380672800006,10.824247799000034,106.72427972600008,10.824709798000072
1,106.72252815900003,10.827379809000035,106.72467808200008,10.828889808000042
0,106.72310675600005,10.828340808000064,106.72341975100005,10.828876807000029
0,106.72260475300004,10.827379809000035,106.72294374700004,10.82844380900002
0,106.72252815900003,10.828027810000037,106.72320575300006,10.828889808000042
0,106.72433006100005,10.828200079000055,106.72456978500009,10.828464406000023
0,106.72422086500006,10.827909893000026,106.72446622800004,10.828244915000028
0,106.72415095800005,10.82817400500005,106.72435689600007,10.828372801000057
0,106.72437439500004,10.827958884000054,106.72467808200008,10.828271028000074
0,106.72259775200007,10.827810810000074,106.72322174900006,10.828330807000043
0,106.72314275200006,10.827427503000024,106.72436715400005,10.828478804000042
1,106.72261973400003,10.823791692000043,106.72400072900007,10.82523180100003
0,106.72274673200008,10.824303806000046,106.72296072900008,10.824548806000053
0,106.72354372600006,10.82384580200005,106.72394472300005,10.824233800000059
0,106.72338612900006,10.824225801000068,106.72400072900007,10.824775800000054
0,106.72329073300006,10.824690816000043,106.72391672900005,10.82523180100003
0,106.72286272900004,10.823791692000043,106.72353768400006,10.824240803000066
0,106.72279172900005,10.824179805000028,106.72342972800004,10.824769804000027
0,106.72261973400003,10.824700805000077,106.72331273200007,10.825224375000062
1,106.72358874000008,10.824984631000063,106.72544573300007,10.82663780200005
0,106.72431922800007,10.824984631000063,106.72534072700006,10.825816796000026
0,106.72417073900004,10.825574797000058,106.72544573300007,10.826525797000045
0,106.72404873200009,10.825182798000071,106.72444573000007,10.825693799000021
0,106.72397273400009,10.825600801000064,106.72430873200005,10.82602380000003
0,106.72376773300005,10.825206801000036,106.72410473200006,10.82568180100003
0,106.72375273600005,10.825671801000055,106.72412973700006,10.82606880000003
0,106.72361073800005,10.825791803000072,106.72376273500004,10.82615480100003
0,106.72358874000008,10.825997800000039,106.72421773400004,10.82663780200005
1,106.72438694700008,10.825988338000059,106.72593293500006,10.82840507700007
0,106.72509873700005,10.826548391000074,106.72591573800008,10.827054790000034
0,106.72482174300006,10.82718546700005,106.72510374000007,10.827479795000045
0,106.72508158200009,10.827585793000026,106.72592722500008,10.82840507700007
0,106.72464374100008,10.82658079500004,106.72520774000009,10.827286155000024
0,106.72438694700008,10.827065799000025,106.72489209800005,10.827459797000074
0,106.72500683400006,10.827036794000037,106.72593293500006,10.827715794000028
0,106.72471673700005,10.825988338000059,106.72586073200006,10.826688795000052
0,106.72475474400005,10.827495353000074,106.72519095700005,10.828012611000077
0,106.72469574500008,10.827387797000029,106.72501574100005,10.82764979600006
0,106.72462974400008,10.827594797000074,106.72480574400004,10.827902798000025
1,106.72427672200007,10.822764795000069,106.72594171300005,10.82408078800006
0,106.72520975500004,10.823710790000064,106.72571971800005,10.82408078800006
0,106.72429772300006,10.823798229000033,106.72458372100004,10.824056796000036
0,106.72490072100004,10.823640794000028,106.72521471900006,10.82403086000005
0,106.72482672100006,10.823534794000068,106.72518171700005,10.823859792000064
0,106.72465272300008,10.823515794000059,106.72495072100008,10.82405979500004
0,106.72427672200007,10.823335796000038,106.72467571900006,10.823873796000044
0,106.72445771900004,10.822764795000069,106.72594171300005,10.823717789000057
1,106.72250158800006,10.825060808000046,106.72381373200005,10.826712804000067
0,106.72350474200005,10.826241804000063,106.72363874000007,10.826597803000027
0,106.72351173500005,10.825295803000074,106.72381373200005,10.825752803000057
0,106.72260374300004,10.825961131000042,106.72357473800008,10.826712804000067
0,106.72354173600007,10.825617801000021,106.72380173300007,10.82597680300006
0,106.72328873200007,10.82510880500007,106.72376673300005,10.825343802000077
0,106.72308673700007,10.82516180400006,106.72357173300009,10.825908527000024
0,106.72304873700006,10.825786090000065,106.72366173500006,10.826186803000041
0,106.72250158800006,10.825060808000046,106.72321073600006,10.826124806000053
1,106.72262372100005,10.822225805000073,106.72441871600006,10.823943799000062
0,106.72359984600007,10.823144658000047,106.72427271900006,10.823943799000062
0,106.72306372000008,10.822279803000072,106.72396871700005,10.823246182000048
0,106.72296272400007,10.82305851500007,106.72365172200006,10.823898804000066
0,106.72271972400006,10.823081805000072,106.72317072400006,10.823880803000065
0,106.72386471700008,10.822443798000052,106.72441871600006,10.823293396000054
0,106.72262372100005,10.822225805000073,106.72318471900007,10.82313180500006
1,106.72277074700008,10.826238800000056,106.72486573800006,10.827944803000037
0,106.72425674600004,10.827409799000066,106.72444974500007,10.827779798000051
0,106.72290475000005,10.827403807000053,106.72371074700004,10.827944803000037
0,106.72437774300005,10.827355926000052,106.72475674300006,10.827823799000043
0,106.72358574900005,10.827123800000038,106.72440174400003,10.827827804000037
0,106.72357274300003,10.826625805000049,106.72375474100005,10.826812802000063
0,106.72277074700008,10.826450805000036,106.72412374200007,10.827456803000075
0,106.72399274000009,10.826238800000056,106.72486573800006,10.827256799000054
3,106.70927582500008,10.821441829000037,106.71854772500006,10.835927090000041
2,106.71249880500005,10.830139848000044,106.71782838900003,10.832673847000024
1,106.71419280100008,10.831462857000076,106.71572979300004,10.832459853000046
0,106.71537080000007,10.831699853000032,106.71572979300004,10.832459853000046
0,106.71463380300008,10.831633857000043,106.71538379700007,10.832412856000076
0,106.71419280100008,10.83152386200004,106.71478479700005,10.832314860000054
0,106.71515679400005,10.831462857000076,106.71563879400009,10.83212685500007
1,106.71606605400007,10.830139848000044,106.71762378000005,10.831628842000043
0,106.71635104600006,10.830841848000034,106.71662378700006,10.831216555000026
0,106.71655752800007,10.830799845000058,106.71750878300008,10.831628842000043
0,106.71658978400006,10.830201847000069,106.71762378000005,10.830738842000073
0,106.71693923800007,10.830745844000035,106.71718678500008,10.831058884000072
0,106.71624078900004,10.83085784900004,106.71634278800008,10.831204849000073
0,106.71615378800004,10.830757850000055,106.71625878800006,10.831165850000048
0,106.71606605400007,10.830139848000044,106.71694778400007,10.830996846000062
0,106.71613178900009,10.83116084900007,106.71659678800006,10.831430848000025
1,106.71566179400008,10.831761853000046,106.71661779400006,10.832587850000039
0,106.71577199800004,10.83176992500006,106.71617479500009,10.832553852000046
0,106.71614379500005,10.832171852000045,106.71631779700004,10.832359848000067
0,106.71638779600005,10.831796131000033,106.71661779400006,10.832300850000024
0,106.71609979800007,10.832279849000031,106.71641679400005,10.832587850000039
0,106.71614879500004,10.832027850000031,106.71641779300006,10.83226385000006
0,106.71566179400008,10.831761853000046,106.71582579400007,10.83227481800003
1,106.71609697800005,10.831283842000062,106.71782838900003,10.832673847000024
0,106.71687379100007,10.831779845000028,106.71714479200006,10.832024846000024
0,106.71710779100005,10.831283842000062,106.71782838900003,10.831919842000048
0,106.71709679100007,10.831845844000043,106.71753379200004,10.832475843000054
0,106.71660679500008,10.831959845000029,106.71722579200008,10.832418846000053
0,106.71663251200005,10.831736369000055,106.71689079200007,10.831982846000074
0,106.71668227600009,10.831516323000073,106.71715678900006,10.831851848000042
0,106.71636679800008,10.832296850000034,106.71696579400003,10.832673847000024
0,106.71609697800005,10.831377848000045,106.71670568400003,10.832127848000027
1,106.71249880500005,10.830814866000026,106.71398479200008,10.832426866000048
0,106.71331580200007,10.831736867000075,106.71396880100008,10.832426866000048
0,106.71328980400006,10.831959867000023,106.71340480100008,10.832293867000033
0,106.71313579900004,10.830814866000026,106.71398479200008,10.831760864000046
0,106.71249880500005,10.831469870000035,106.71331779900004,10.832377806000068
1,106.71396679000009,10.830174853000074,106.71558379200007,10.831700858000033
0,106.71534979300009,10.831167856000036,106.71558379200007,10.831505853000067
0,106.71509779500008,10.831138856000052,106.71531479000004,10.831475855000065
0,106.71475979500008,10.831097069000066,106.71517079200004,10.831700858000033
0,106.71421579600008,10.830999861000066,106.71483979200008,10.831575858000065
0,106.71483979200008,10.830583854000054,106.71550978800008,10.831154855000023
0,106.71396679000009,10.83022186200003,106.71488478900005,10.831062857000063
0,106.71482878900008,10.830174853000074,106.71552478600006,10.830546854000033
1,106.71549679300006,10.830219103000047,106.71633479000008,10.831799026000056
0,106.71590252600004,10.831232850000049,106.71633479000008,10.831799026000056
0,106.71594578800006,10.830859850000024,106.71615078700006,10.831043850000071
0,106.71594078900006,10.83103785000003,106.71613978900007,10.831277851000038
0,106.71550918200006,10.831200855000077,106.71592779000008,10.83176112800004
0,106.71549679300006,10.830821853000032,106.71604779200004,10.831246853000039
0,106.71553411400004,10.830219103000047,106.71613849900007,10.830885852000051
2,106.70927582500008,10.83108188400007,106.71297181100005,10.834363885000073
1,106.71138881800005,10.83360988000004,106.71219181800006,10.834130877000064
0,106.71191881900006,10.834017876000075,106.71209281700004,10.834130877000064
0,106.71193681900007,10.833787877000077,106.71219181800006,10.834130875000028
0,106.71146182000007,10.833700878000059,106.71204881700004,10.834124877000022
0,106.71138881800005,10.83360988000004,106.71167081700008,10.833851879000065
1,106.71205181800008,10.832830873000034,106.71297181100005,10.834140876000049
0,106.71217381700006,10.833394874000021,106.71238881500005,10.833726873000046
0,106.71207681500005,10.833583875000045,106.71225081400007,10.833823874000075
0,106.71214582000005,10.83375187400003,106.71234781500004,10.834063876000073
0,106.71253581300004,10.833287872000028,106.71287881300009,10.833960872000034
0,106.71243281300008,10.832964873000037,106.71297181100005,10.833443870000053
0,106.71216481300007,10.832830873000034,106.71245981000004,10.83334887500007
0,106.71205181800008,10.833854876000032,106.71215282000009,10.83395987700004
0,106.71205281800007,10.834026875000063,106.71223581600009,10.834140876000049
1,106.71136981400008,10.832773878000069,106.71224381000007,10.833800876000055
0,106.71142181700009,10.833389879000038,106.71166681900007,10.833641878000037
0,106.71181781500007,10.833336876000033,106.71222181300004,10.833800876000055
0,106.71162981900005,10.833296878000056,106.71187181700009,10.83374687600002
0,106.71142581700008,10.833236878000037,106.71171381300007,10.833548879000034
0,106.71183581400004,10.83278287500002,106.71224381000007,10.83329287500004
0,106.71167581400005,10.832778877000067,106.71191481200009,10.83323587700005
0,106.71136981400008,10.832773878000069,106.71176381000004,10.833201877000022
1,106.70927582500008,10.83269388900004,106.71046081500003,10.834275886000057
0,106.70945782300004,10.833299896000028,106.71036581800007,10.833717886000045
0,106.71025281900006,10.832799885000043,106.71046081500003,10.833285886000056
0,106.70985922900007,10.833729887000061,106.71033382100006,10.834275886000057
0,106.70927582500008,10.833611891000032,106.70989286400004,10.834230889000025
0,106.70949982100007,10.83269388900004,106.71031881600004,10.833445887000039
1,106.71029982400006,10.832688881000024,106.71151882100008,10.834363885000073
0,106.71032581700007,10.832968582000035,106.71057981600006,10.833321885000032
0,106.71053881800009,10.832843885000045,106.71143081400004,10.833467881000047
0,106.71127681600007,10.83321488100006,106.71146681800008,10.833780880000063
0,106.71090182300009,10.833704883000053,106.71151882100008,10.834149883000066
0,106.71084081800007,10.83344487900007,106.71137181900008,10.833747880000033
0,106.71049381600005,10.832688881000024,106.71134381200005,10.832882880000057
0,106.71039888200005,10.832823885000039,106.71058281500007,10.832998884000062
0,106.71030581900004,10.83334788600007,106.71094481900008,10.833860883000057
0,106.71029982400006,10.83380588700004,106.71088682000004,10.834363885000073
1,106.71177581100005,10.831412875000069,106.71294380400008,10.832972873000074
0,106.71178580900005,10.831760875000043,106.71214780400004,10.832375876000071
0,106.71205881100008,10.832252295000046,106.71267780500006,10.832972873000074
0,106.71177581100005,10.832597875000033,106.71212881000008,10.832822875000033
0,106.71253680600006,10.831441871000038,106.71294380400008,10.832293570000047
0,106.71210381000009,10.832452873000022,106.71226881000007,10.832788875000062
0,106.71207280800007,10.831413872000041,106.71258680000005,10.832407423000063
0,106.71185980500007,10.831412875000069,106.71212280100008,10.831767874000036
0,106.71178881100008,10.832389876000036,106.71208580900009,10.832659875000047
1,106.70957281700004,10.83108188400007,106.71194780700006,10.832851881000067
0,106.71101381200003,10.832519881000053,106.71122881200006,10.832693880000022
0,106.71067981300007,10.832296883000026,106.71108681000004,10.83248388100003
0,106.71071081400004,10.832495883000036,106.71121081400008,10.832851881000067
0,106.71146881100009,10.83210587800005,106.71182781200008,10.832589876000043
0,106.71141181300004,10.832515877000048,106.71181681100006,10.832846876000076
0,106.71120681200006,10.832134879000023,106.71144580800006,10.832736880000027
0,106.71106381200008,10.832098880000046,106.71125080800005,10.832503881000036
0,106.71059281100008,10.83118088200007,106.71194780700006,10.832356881000067
0,106.71056881600003,10.832480884000063,106.71076281400008,10.832801883000059
0,106.70957281700004,10.83108188400007,106.71071580500006,10.832780884000044
2,106.71289077600005,10.823699856000076,106.71834175300006,10.828080852000028
1,106.71669576300008,10.826862209000069,106.71827379800004,10.827731837000044
0,106.71737976400004,10.827185841000073,106.71744776200006,10.827335839000057
0,106.71746376200008,10.827055373000064,106.71802779500007,10.827731837000044
0,106.71803276300005,10.827591837000057,106.71819376300004,10.827723835000029
0,106.71794476400004,10.827389836000066,106.71825076000005,10.82768883600005
0,106.71797476200004,10.827193046000048,106.71827379800004,10.82745583600007
0,106.71778276100008,10.827178838000066,106.71789276000004,10.827472837000073
0,106.71739576200008,10.827026802000034,106.71746105400007,10.827189839000027
0,106.71669576300008,10.826862209000069,106.71743376300009,10.82758184000005
1,106.71566575200006,10.824256846000026,106.71834175300006,10.82725784400003
0,106.71746275500004,10.826254835000043,106.71834175300006,10.826525764000053
0,106.71747774900007,10.824845840000023,106.71777774600008,10.82502383600007
0,106.71690975700005,10.825744339000039,106.71738275500007,10.826206840000054
0,106.71693661000006,10.825403293000022,106.71775994200004,10.825758295000071
0,106.71689775600004,10.826146842000071,106.71740963300005,10.826445214000046
0,106.71566575200006,10.824256846000026,106.71723774700007,10.82725784400003
0,106.71695343800008,10.82506866700004,106.71759375000005,10.825467483000068
0,106.71755874900003,10.825108837000073,106.71777375000005,10.825442837000026
0,106.71696846900005,10.824766841000041,106.71748574800006,10.825110605000077
0,106.71738475300003,10.825658837000049,106.71826975400006,10.82626183900004
1,106.71549275800004,10.825126848000025,106.71599375400007,10.82590884900003
0,106.71566275700008,10.825326851000057,106.71594075500008,10.825477847000059
0,106.71574675600004,10.825463848000027,106.71591075600008,10.825667848000023
0,106.71577175600004,10.825141847000054,106.71597275200008,10.82547284900005
0,106.71564975600006,10.82544684800007,106.71576175600006,10.825640848000035
0,106.71563075800009,10.825545849000036,106.71585475700005,10.82590884900003
0,106.71554675600004,10.825126848000025,106.71599375400007,10.825388793000059
0,106.71549875600004,10.82536084800006,106.71567084700007,10.82562684900006
0,106.71549275800004,10.825619850000066,106.71565275800003,10.825803850000057
1,106.71531475500007,10.823952849000023,106.71610775200008,10.825204848000055
0,106.71553475100006,10.82426984700004,106.71585274800009,10.82488384800007
0,106.71588875300006,10.824861847000022,106.71610775200008,10.825152846000037
0,106.71583974900005,10.82417984600005,106.71604074600003,10.82436384700003
0,106.71559775400004,10.824839848000067,106.71601875500005,10.825204848000055
0,106.71548175200007,10.824104848000047,106.71576474900007,10.82468484900005
0,106.71542075000008,10.823952849000023,106.71565074800009,10.824261850000028
0,106.71531475500007,10.824704851000035,106.71564075200007,10.825201851000031
1,106.71447766800009,10.825109853000072,106.71556075400008,10.82591485200004
0,106.71465533000008,10.825572028000067,106.71505275900006,10.82583369300005
0,106.71447766800009,10.825109853000072,106.71510275700007,10.825640852000049
0,106.71533975800008,10.825568851000071,106.71548275800006,10.825876850000043
0,106.71531275700005,10.825187852000056,106.71556075400008,10.825560851000034
0,106.71511575700004,10.825148850000062,106.71543375500005,10.825476851000076
0,106.71511175900008,10.825452853000058,106.71531675900007,10.825545851000072
0,106.71508630400007,10.825538853000069,106.71538975800007,10.82591485200004
0,106.71467175700008,10.825303856000062,106.71508175800005,10.825404854000055
1,106.71408174900006,10.823699856000076,106.71558375400008,10.825381856000035
0,106.71408174900006,10.823699856000076,106.71459275100005,10.824389857000028
0,106.71513275600006,10.82493485200007,106.71558375400008,10.825221850000048
0,106.71514075300007,10.824760850000075,106.71534275400006,10.824945017000061
0,106.71482175400007,10.82474785200003,106.71512175400005,10.82513085200003
0,106.71460875300005,10.824007855000048,106.71545074800008,10.824271855000063
0,106.71410875400005,10.824368856000035,106.71482675800007,10.825381856000035
0,106.71408275100003,10.82401685700006,106.71452975000005,10.824150857000063
1,106.71289077600005,10.82576184900006,106.71615676400006,10.828080852000028
0,106.71481977300004,10.827575853000042,106.71561777000005,10.828080852000028
0,106.71289077600005,10.826913729000069,106.71519576900005,10.828002862000062
0,106.71465476600008,10.826742856000067,106.71489276700004,10.826917854000044
0,106.71577276300007,10.826598410000031,106.71608370000007,10.826752847000023
0,106.71571376800006,10.826752850000048,106.71615676400006,10.82713284700003
0,106.71556075900008,10.82576184900006,106.71579275900007,10.825989848000063
0,106.71517470600008,10.82577585000007,106.71560376100007,10.825974857000062
0,106.71489576600004,10.825956849000022,106.71579093200006,10.827051850000032
0,106.71450876700004,10.82673485600003,106.71475676600005,10.82686585600004
0,106.71341677000004,10.826204528000062,106.71496205100004,10.826762855000027
2,106.71571281300004,10.832388846000072,106.71830780900007,10.835927090000041
1,106.71624580800005,10.834080628000038,106.71769610000007,10.834940111000037
0,106.71697276000003,10.834080628000038,106.71769610000007,10.83442554000004
0,106.71663602000007,10.834407147000036,106.71761867500004,10.834804043000076
0,106.71656280500008,10.834144313000024,106.71714917400004,10.834488946000022
0,106.71649881200005,10.834394849000034,106.71671980800005,10.83474085000006
0,106.71639781000005,10.834694850000062,106.71674824800004,10.834940111000037
0,106.71631381100008,10.834381850000057,106.71657480700009,10.834768850000046
0,106.71624580800005,10.83421284800005,106.71659757800006,10.834381350000058
1,106.71597281100009,10.834241850000069,106.71641481100005,10.834950852000077
0,106.71616681100005,10.834376852000048,106.71638380800005,10.834722851000038
0,106.71599281300007,10.834688853000046,106.71641481100005,10.834950852000077
0,106.71597381200007,10.83460485200004,106.71620281100007,10.834737853000036
0,106.71597281100009,10.834241850000069,106.71624781000008,10.834650853000028
1,106.71573950500004,10.833567259000063,106.71784180100008,10.834235848000048
0,106.71679480400007,10.833567259000063,106.71784180100008,10.83405284500003
0,106.71629780800004,10.834115850000046,106.71666980500004,10.83422685100004
0,106.71679680400007,10.833723512000063,106.71712161200008,10.83399184700005
0,106.71671680400004,10.833683715000063,106.71707604900007,10.833860848000029
0,106.71573950500004,10.833601891000058,106.71612180400007,10.834139852000021
0,106.71604580600007,10.833606699000029,106.71721664900008,10.834235848000048
1,106.71580780500005,10.832388846000072,106.71783280000005,10.833693843000049
0,106.71587580100004,10.832706852000058,106.71609880100004,10.833083852000073
0,106.71580780500005,10.833105853000063,106.71622280200006,10.833511853000061
0,106.71696279800005,10.832987846000037,106.71736179700008,10.83319784500003
0,106.71692679900008,10.833135847000051,106.71761179900005,10.833386845000064
0,106.71637380100009,10.832971850000035,106.71679180100006,10.833306849000053
0,106.71690779800008,10.832388846000072,106.71754479400005,10.833019844000034
0,106.71644979900009,10.832442848000028,106.71692779600005,10.83296384700003
0,106.71633480300005,10.833354851000024,106.71680280000004,10.833583847000057
0,106.71687680100007,10.83334284600005,106.71783280000005,10.833693843000049
0,106.71604280300005,10.832642852000049,106.71631479900009,10.833139850000066
1,106.71572481200008,10.834159872000043,106.71619380600004,10.83483685400006
0,106.71588981000008,10.834170853000046,106.71619380600004,10.83441685400004
0,106.71577081000004,10.834509853000043,106.71599981100007,10.83466885200005
0,106.71576281100005,10.834159872000043,106.71588580700006,10.834402854000075
0,106.71572481200008,10.83461885500003,106.71604384900007,10.83483685400006
1,106.71571281300004,10.834706003000065,106.71830780900007,10.835927090000041
0,106.71609856600008,10.834787851000044,106.71685562700009,10.835625571000037
0,106.71658493700005,10.834990847000029,106.71830780900007,10.835927090000041
0,106.71587990300009,10.83484085300006,106.71625181300004,10.835341945000039
0,106.71571281300004,10.834791733000031,106.71598581400008,10.835252855000022
0,106.71653081000005,10.834706003000065,106.71755544700005,10.835039378000033
2,106.71382274300004,10.821441829000037,106.71854772500006,10.824879836000036
1,106.71460974900003,10.823597851000045,106.71557874800004,10.824208855000052
0,106.71460974900003,10.82387185500005,106.71490274900003,10.824208855000052
0,106.71475274900007,10.823716854000054,106.71507474800006,10.82407685100003
0,106.71492474800004,10.823597851000045,106.71525374600009,10.824057850000031
0,106.71518574800007,10.82362685000004,106.71557874800004,10.824105848000045
0,106.71543874800005,10.823616848000029,106.71557274700007,10.82391584800007
1,106.71407975300008,10.824124854000047,106.71557575300005,10.82481485300002
0,106.71423375200004,10.824124854000047,106.71468175300004,10.824784858000044
0,106.71463775700005,10.82446185200007,106.71512575300005,10.824796855000045
0,106.71529775200008,10.82441884900004,106.71557575300005,10.82481485300002
0,106.71509875400005,10.824349852000068,106.71532875000008,10.824773853000067
0,106.71407975300008,10.82415585700005,106.71428675300007,10.824795857000026
0,106.71512375100008,10.824152852000054,106.71549075000007,10.82443685000004
0,106.71460075400006,10.824146854000048,106.71510975100006,10.824515854000026
1,106.71501874700004,10.823242852000021,106.71612174100005,10.823953847000041
0,106.71569874800008,10.823496846000069,106.71607329100004,10.823953847000041
0,106.71553774500006,10.823586848000048,106.71573074300005,10.823932848000027
0,106.71592074400007,10.823373847000028,106.71612174100005,10.823610846000065
0,106.71557174300005,10.823248847000059,106.71575674300004,10.823347850000061
0,106.71556274300008,10.823355848000062,106.71590674300006,10.823621846000037
0,106.71551074500007,10.823272849000034,106.71559874600007,10.823631848000048
0,106.71535874500006,10.823245847000067,106.71555774500007,10.823464848000071
0,106.71501874700004,10.823242852000021,106.71557574700006,10.823642852000035
1,106.71707273800007,10.821441829000037,106.71854772500006,10.824051832000066
0,106.71746772800009,10.821441829000037,106.71854772500006,10.822222834000058
0,106.71820573600007,10.823244833000047,106.71850533000008,10.824051832000066
0,106.71789573700005,10.823217833000058,106.71848973500005,10.824035834000028
0,106.71710373900004,10.823153839000042,106.71791073800006,10.823905834000072
0,106.71707273800007,10.822601838000026,106.71814773300008,10.823248835000072
0,106.71747373500006,10.822239831000047,106.71840872900003,10.82280183000006
0,106.71725473500004,10.821552836000023,106.71774672900005,10.822617836000063
1,106.71697874800009,10.823858838000035,106.71840074000005,10.824879836000036
0,106.71803638700004,10.824202135000064,106.71835774400006,10.824733754000022
0,106.71789074400004,10.824233175000074,106.71806281200008,10.824505061000025
0,106.71742574700005,10.824483839000038,106.71761074700004,10.82485783900006
0,106.71697874800009,10.824446838000028,106.71746574700006,10.824838839000051
0,106.71758074600007,10.824428836000038,106.71782474400004,10.824879836000036
0,106.71766785200003,10.823888232000058,106.71787774200004,10.82444283600006
0,106.71714974500009,10.823858838000035,106.71773274200007,10.824499837000076
0,106.71791719200007,10.823903836000056,106.71840074000005,10.824246823000067
1,106.71382274300004,10.82166884000003,106.71727073000005,10.82331485800006
0,106.71443874600004,10.823157855000034,106.71466574700008,10.823273855000025
0,106.71508974200009,10.822837851000031,106.71546574200005,10.823098406000042
0,106.71508374400008,10.823058852000031,106.71562774200004,10.823290848000056
0,106.71469674400004,10.822905852000076,106.71510674200005,10.823256852000043
0,106.71440074500003,10.822845853000047,106.71474874300009,10.82316585500007
0,106.71437574400005,10.82267285200004,106.71467274300005,10.82291828600006
0,106.71420874200004,10.82166884000003,106.71727073000005,10.823058009000022
0,106.71382274300004,10.822230855000043,106.71461774300008,10.82331485800006
1,106.71563075000006,10.823937844000056,106.71726874400008,10.824415844000043
0,106.71563075000006,10.823961849000057,106.71595774800005,10.824297848000072
0,106.71608074800008,10.82418784600003,106.71631974800005,10.824415844000043
0,106.71591074700007,10.824166847000072,106.71610874800007,10.824383846000046
0,106.71593574600007,10.824005847000024,106.71626574600003,10.824206846000038
0,106.71659374700005,10.823949059000029,106.71726874400008,10.824362840000049
0,106.71624574700007,10.823937844000056,106.71656574400004,10.824222844000076
1,106.71601074700004,10.822833845000048,106.71726874000007,10.82401584400003
0,106.71692574200006,10.82314283900007,106.71726874000007,10.823632839000027
0,106.71644174600004,10.823546843000031,106.71668774200003,10.823911843000076
0,106.71690174200006,10.823607840000022,106.71725474100003,10.823964841000077
0,106.71611574100007,10.823384845000021,106.71658974400003,10.82401584400003
0,106.71601074700004,10.82318484600006,106.71619274300008,10.823960845000045
0,106.71653974100008,10.823063843000057,106.71683873900008,10.823597841000037
0,106.71617174100004,10.82312584500005,106.71656074000003,10.823388844000021
0,106.71678773800005,10.822867841000061,106.71709173700003,10.823057840000047
0,106.71611774200005,10.822833845000048,106.71680073800007,10.823161841000058
1,106.71553674300009,10.822814846000028,106.71617874200007,10.823353845000042
0,106.71588974200006,10.823111844000039,106.71617874200007,10.823353845000042
0,106.71562678900005,10.822814846000028,106.71613774000008,10.823122844000068
0,106.71573074300005,10.823111845000028,106.71590874200007,10.823339847000057
0,106.71553674300009,10.82310884800006,106.71574574100003,10.82326684800006
1,106.71406975000008,10.823187854000025,106.71504474500006,10.824107857000058
0,106.71408975100007,10.82340685500003,106.71448874800006,10.823662858000034
0,106.71456274800005,10.823648855000044,106.71480274700008,10.82401085400005
0,106.71450074600006,10.82326785400005,106.71470874800008,10.82367385300006
0,106.71479674800008,10.823366853000039,106.71503074400005,10.823745853000048
0,106.71469374600008,10.823370855000064,106.71485974700005,10.823693853000066
0,106.71468974700008,10.823187854000025,106.71504474500006,10.823393850000059
0,106.71425557700007,10.823279169000045,106.71446474700008,10.823425858000064
0,106.71406975000008,10.82360585500004,106.71457974900005,10.824107857000058
2,106.71231477900005,10.827225869000074,106.71785876600006,10.830863864000037
1,106.71553878200007,10.828601043000049,106.71751363500005,10.83038884900003
0,106.71566877900005,10.829045850000057,106.71644716600008,10.829470851000053
0,106.71686886900005,10.828824845000042,106.71724377500004,10.829544946000055
0,106.71632162200007,10.82896203000007,106.71656351700005,10.829296058000068
0,106.71553878200007,10.829346896000061,106.71658568800007,10.83038884900003
0,106.71638878000005,10.829492646000062,106.71741077800004,10.83025884500006
0,106.71729177800006,10.82957684300004,106.71751363500005,10.830242843000065
0,106.71713852600004,10.829129842000043,106.71750377500007,10.829592884000022
0,106.71646635400003,10.828820800000074,106.71700977500007,10.829603845000065
0,106.71577377600005,10.828601043000049,106.71635092500009,10.829172266000057
0,106.71621794300006,10.828734674000032,106.71657761700004,10.829020522000064
1,106.71467877500004,10.827796854000042,106.71591577100008,10.828438856000048
0,106.71489877300007,10.827953791000027,106.71507816800005,10.828137853000044
0,106.71524277500004,10.827808851000043,106.71591577100008,10.828430849000029
0,106.71506977500007,10.827836854000054,106.71529663800004,10.828219854000054
0,106.71500877600005,10.827796854000042,106.71519677500004,10.828434854000022
0,106.71476477600004,10.82809985700004,106.71503577500005,10.828438856000048
0,106.71471777300007,10.827885856000023,106.71492877300005,10.828139856000064
0,106.71467877500004,10.828094856000064,106.71486377500008,10.828414856000052
1,106.71665177400007,10.828634434000037,106.71758765200008,10.829234842000062
0,106.71703477200003,10.828896844000042,106.71724677200007,10.829234842000062
0,106.71718977400008,10.828791769000077,106.71758765200008,10.829197842000042
0,106.71694877300007,10.828634434000037,106.71735942600009,10.828954452000062
0,106.71665177400007,10.828717847000064,106.71694477200003,10.828929844000072
1,106.71258779300007,10.82945686100004,106.71584478100004,10.830863864000037
0,106.71492679000005,10.830481856000063,106.71551878800005,10.830827853000073
0,106.71258779300007,10.82951386600007,106.71298878800008,10.830215868000039
0,106.71297979200006,10.82945686100004,106.71404878500005,10.830863864000037
0,106.71472178500005,10.829542857000035,106.71496778500006,10.829901856000049
0,106.71492678900006,10.83009785400003,106.71558716700008,10.830580102000056
0,106.71427779000004,10.83036585900004,106.71496578800009,10.830731857000046
0,106.71430179100008,10.829799860000037,106.71503578600004,10.83041885800003
0,106.71492178300008,10.82950785600002,106.71584478100004,10.830283855000062
0,106.71259179000003,10.829491870000027,106.71299478800006,10.829758868000056
0,106.71434078600004,10.829494859000022,106.71476278400007,10.829846856000074
1,106.71435178400009,10.828178855000033,106.71591277400006,10.829673853000031
0,106.71488278100009,10.828815855000073,106.71506778100007,10.829310855000074
0,106.71439577800004,10.828409859000033,106.71498677600005,10.829018857000051
0,106.71439277600007,10.82818985800003,106.71475577600006,10.828476858000045
0,106.71492777800006,10.828178855000033,106.71591277400006,10.829673853000031
0,106.71483278300008,10.829072857000028,106.71499177900006,10.829669857000056
0,106.71454578500004,10.829263856000068,106.71501978000003,10.829480855000043
0,106.71435578300009,10.829144859000053,106.71460178300003,10.82941585900005
0,106.71435178400009,10.828877859000045,106.71494078300009,10.829613858000073
0,106.71439078000009,10.82864685800007,106.71456934000008,10.828878858000053
1,106.71341478800008,10.827959862000057,106.71411477600009,10.829509862000066
0,106.71351478300005,10.82861486400003,106.71371278100008,10.82876886300005
0,106.71372278200005,10.828568862000054,106.71409078100004,10.828812861000074
0,106.71366578300007,10.828728863000038,106.71408678000006,10.82902365700005
0,106.71370778700003,10.828949685000055,106.71407279400006,10.829509862000066
0,106.71362678100007,10.827959862000057,106.71411477600009,10.828661860000068
0,106.71341478800008,10.828931865000072,106.71373478200007,10.829495864000023
0,106.71343278000006,10.828145864000021,106.71373078000005,10.828658865000023
0,106.71347878300008,10.828756863000024,106.71369278200007,10.828978863000032
1,106.71578277200007,10.827892849000023,106.71785876600006,10.828832844000033
0,106.71656177200003,10.828564848000042,106.71672577300006,10.828816844000073
0,106.71605277200007,10.82802084900004,106.71640677200008,10.82861884700003
0,106.71636577100008,10.828064846000075,106.71659376900004,10.828338847000055
0,106.71725377200005,10.82823884000004,106.71785876600006,10.82880584000003
0,106.71654177000005,10.828010843000072,106.71701677000004,10.828755845000046
0,106.71627677300006,10.828423845000032,106.71662977200003,10.828791845000069
0,106.71584977300006,10.82830384600004,106.71664777200004,10.828502849000074
0,106.71678577400007,10.828114843000037,106.71735777000004,10.828832844000033
0,106.71622376900007,10.827954847000058,106.71666876800003,10.828135846000066
0,106.71578277200007,10.827892849000023,106.71621077200007,10.828389849000075
1,106.71231477900005,10.827225869000074,106.71410677600005,10.829469866000068
0,106.71326478300006,10.828398866000043,106.71346477900005,10.828598864000071
0,106.71332578200008,10.82860286500005,106.71350878200008,10.828952865000076
0,106.71327878000005,10.828075863000038,106.71343709500007,10.828370864000021
0,106.71313078300005,10.828567865000025,106.71336878300008,10.82894386700002
0,106.71301178300007,10.828311867000025,106.71329178000008,10.82859886500006
0,106.71295178400004,10.828665866000051,106.71313378500008,10.829028866000044
0,106.71279578700006,10.828916867000032,106.71344178400005,10.829469866000068
0,106.71231477900005,10.827225869000074,106.71410677600005,10.828391864000025
0,106.71253078400008,10.828410868000049,106.71314678200008,10.82867686700007
1,106.71440477600004,10.82744785400007,106.71517976900009,10.828370857000039
0,106.71460877400006,10.827814855000042,106.71479777300004,10.828048856000066
0,106.71462977600004,10.828181856000072,106.71474877500003,10.828370857000039
0,106.71466577400008,10.82744785400007,106.71517976900009,10.827894858000036
0,106.71454277600009,10.828019857000072,106.71473077500008,10.828224858000056
0,106.71442777500005,10.827575859000035,106.71463177500004,10.828033856000047
0,106.71440477600004,10.828017858000067,106.71456577500004,10.828223857000069
2,106.71222881800009,10.832235869000044,106.71611379800004,10.83518185500003
1,106.71484281300008,10.834134859000073,106.71585843200006,10.834725854000055
0,106.71514581300005,10.834177858000032,106.71540281000006,10.834465858000044
0,106.71512981200004,10.834509858000047,106.71537681100006,10.834648857000047
0,106.71534781400004,10.834403856000051,106.71567381200003,10.834687855000027
0,106.71538081200003,10.83421585700006,106.71562280900008,10.834468857000047
0,106.71561681100007,10.834155853000027,106.71585843200006,10.834725854000055
0,106.71484281300008,10.834134859000073,106.71515980900006,10.834523858000068
1,106.71486681700009,10.834621859000038,106.71585981300007,10.83518185500003
0,106.71561281300006,10.834878855000056,106.71585981300007,10.83518185500003
0,106.71533181600006,10.83485385800003,106.71571681400007,10.83516585600006
0,106.71486681700009,10.834744860000058,106.71535681300008,10.835077859000023
0,106.71558681300007,10.83471285500002,106.71580081100007,10.83492285400007
0,106.71538181600005,10.834668856000064,106.71563081300008,10.834973856000033
0,106.71505081300006,10.834621859000038,106.71538681400006,10.834840857000074
1,106.71480781000008,10.833811859000036,106.71569380700004,10.83425485600003
0,106.71519981000006,10.833964857000069,106.71569380700004,10.83425485600003
0,106.71480781000008,10.833916860000045,106.71495481100004,10.834119859000054
0,106.71492681100005,10.833861859000024,106.71519580900008,10.834177860000068
0,106.71484180800007,10.833811859000036,106.71563425500005,10.833963856000025
1,106.71464081100004,10.832256486000063,106.71611379800004,10.834298852000074
0,106.71530303400004,10.833546424000076,106.71564645300003,10.833856754000067
0,106.71500880500008,10.83292885800006,106.71571080200005,10.833457855000063
0,106.71568280800005,10.833617703000073,106.71595180800006,10.834298852000074
0,106.71464081100004,10.833383860000026,106.71492480700005,10.834110860000067
0,106.71503481000008,10.833443858000066,106.71530618500009,10.833893827000054
0,106.71487580800004,10.833416859000067,106.71509180500004,10.833834858000046
0,106.71560135200008,10.833178854000039,106.71602671300008,10.833948450000037
0,106.71467430300004,10.832888859000036,106.71508080400008,10.833385858000042
0,106.71506880300007,10.832256486000063,106.71611379800004,10.833146852000027
1,106.71326080900008,10.832296868000071,106.71513280000005,10.833950861000062
0,106.71359180600007,10.832309857000041,106.71513280000005,10.833086858000058
0,106.71338781200006,10.833440868000025,106.71387981200007,10.833916865000049
0,106.71458780700004,10.833345861000055,106.71479880700008,10.833656861000065
0,106.71409281100006,10.833237863000022,106.71469780900009,10.833950861000062
0,106.71336780600006,10.832296868000071,106.71394080300007,10.832934867000063
0,106.71336981500008,10.83363786700005,106.71352181400005,10.833885867000049
0,106.71333080900007,10.832905867000022,106.71390680500008,10.833493865000037
0,106.71326080900008,10.832984864000025,106.71480280400004,10.833344864000026
1,106.71223681700008,10.832235869000044,106.71342880500004,10.834081869000045
0,106.71292480600005,10.832235869000044,106.71342880500004,10.833035476000077
0,106.71223681700008,10.833429875000036,106.71281581300008,10.833945872000072
0,106.71279281700004,10.833518870000034,106.71305281400004,10.833973871000069
0,106.71316581100007,10.832983868000042,106.71340480900005,10.833552868000027
0,106.71303181500008,10.833570868000038,106.71341281200006,10.834081869000045
0,106.71290981400006,10.832991872000036,106.71321481100006,10.833730869000021
0,106.71260681100006,10.832267221000052,106.71300580600007,10.832991872000036
0,106.71228081000004,10.832928873000071,106.71281581000005,10.833387874000039
1,106.71222881800009,10.833823862000031,106.71495981200007,10.834948862000033
0,106.71450281100005,10.833823862000031,106.71470581000005,10.834096859000056
0,106.71227381900007,10.833867873000031,106.71387681600004,10.834762867000052
0,106.71461181100005,10.83409886000004,106.71492981100005,10.834294860000057
0,106.71456481400008,10.834099861000027,106.71476281200006,10.834436863000064
0,106.71285381700005,10.833830872000021,106.71302581400005,10.834005872000034
0,106.71463981200009,10.834288861000061,106.71489081200008,10.834473861000049
0,106.71404481700006,10.83407186200003,106.71495981200007,10.834948862000033
0,106.71222881800009,10.833943875000045,106.71231381700005,10.834157875000074
0,106.71408681300005,10.83387186300007,106.71453581300005,10.834134863000031
2,106.70987878600005,10.822578861000068,106.71369503000005,10.827715883000053
1,106.70987878600005,10.826447879000057,106.71142477600006,10.827715883000053
0,106.71062078200003,10.827048878000028,106.71130377800006,10.827529877000075
0,106.70987878600005,10.826526882000053,106.71041877900007,10.827715883000053
0,106.71038877800004,10.826477877000059,106.71142477600006,10.827043876000062
0,106.71065277800005,10.826474879000045,106.71087477800006,10.826797878000036
0,106.71009177900004,10.826461882000046,106.71016877800008,10.826630883000064
0,106.71067077900005,10.826447879000057,106.71085277700007,10.826640878000035
0,106.71029677900003,10.826449880000041,106.71075378000006,10.827474881000057
1,106.71164078000004,10.826760871000033,106.71298677400006,10.827696873000036
0,106.71164078000004,10.826877870000033,106.71248377400008,10.827696873000036
0,106.71269677500004,10.826958868000077,106.71298677400006,10.827390867000076
0,106.71244577700008,10.82682987000004,106.71277277400009,10.82732186800007
0,106.71199677600003,10.826887872000043,106.71212677400007,10.827067870000064
0,106.71226477500005,10.826821872000039,106.71249277300006,10.827052869000056
0,106.71208077500006,10.826760871000033,106.71230877300007,10.82708787000007
1,106.71105077800007,10.826026873000046,106.71204377300006,10.827559781000048
0,106.71125078100005,10.826596876000053,106.71183777600004,10.827559781000048
0,106.71179877800006,10.826691871000037,106.71202977500008,10.827024871000049
0,106.71105077800007,10.826527875000068,106.71131677600005,10.827316876000054
0,106.71147277400007,10.826398873000073,106.71204377300006,10.826688870000055
0,106.71142477200004,10.826026873000046,106.71195777100007,10.826293872000065
0,106.71129777700008,10.82666987400006,106.71169577300009,10.826840875000073
0,106.71127877500004,10.826565877000064,106.71148577500009,10.826744875000031
0,106.71106277500007,10.826289877000022,106.71151977200009,10.826564876000077
1,106.71287877200007,10.825903865000043,106.71369503000005,10.827193196000053
0,106.71303577100008,10.826511863000064,106.71346177000004,10.827193196000053
0,106.71326677100006,10.826313863000053,106.71349376700005,10.826551864000066
0,106.71302377000006,10.826315865000026,106.71330177100003,10.827064542000073
0,106.71293176800003,10.825903865000043,106.71369503000005,10.826352861000032
0,106.71287877200007,10.826177865000034,106.71311032400007,10.827104507000058
1,106.71147677200008,10.825543751000055,106.71297176500008,10.826990868000053
0,106.71200977500007,10.82673387400007,106.71213777400004,10.826972870000077
0,106.71256677300005,10.826666868000075,106.71294777100007,10.826990868000053
0,106.71229077400005,10.826632868000047,106.71261977100005,10.826900870000031
0,106.71194077000007,10.826163871000062,106.71236377300005,10.826764870000034
0,106.71257376800008,10.825844869000036,106.71297176500008,10.826525866000054
0,106.71147677200008,10.825543751000055,106.71262976600008,10.826437869000074
1,106.71022577300005,10.822578861000068,106.71365764000006,10.825980878000053
0,106.71305275700007,10.82411286000007,106.71365764000006,10.825026863000062
0,106.71027377200005,10.824542875000077,106.71147876900005,10.825980878000053
0,106.71256776700005,10.825824867000051,106.71271376700008,10.825963867000041
0,106.71317697500007,10.825016388000051,106.71362502700003,10.82526884400005
0,106.71022577300005,10.825644881000073,106.71044377300007,10.825922882000043
0,106.71095776300007,10.822578861000068,106.71358775200008,10.82526484400006
1,106.71000477700005,10.825760879000029,106.71140177100006,10.826595883000039
0,106.71005277600005,10.825760879000029,106.71140177100006,10.826482877000046
0,106.71015177700008,10.826443880000056,106.71054677600006,10.826593882000054
0,106.71012377600005,10.826406881000025,106.71027677800004,10.826499883000054
0,106.71000477700005,10.82633588300007,106.71013177700007,10.826595883000039
0,106.71012677800007,10.82618188300006,106.71023777700009,10.82641988100005
2,106.70971280500004,10.827488875000029,106.71315479600008,10.831341868000038
1,106.71182278900005,10.828393868000035,106.71314678400006,10.82982387100003
0,106.71279578700006,10.829008870000052,106.71312378500005,10.829414869000061
0,106.71282878500006,10.828658867000058,106.71314678400006,10.828859867000062
0,106.71226979200009,10.828873870000052,106.71280078700005,10.82982387100003
0,106.71245378600008,10.828636871000072,106.71266278300004,10.828879869000048
0,106.71279878500007,10.828870868000024,106.71306178500004,10.82901786800005
0,106.71182278900005,10.828690873000028,106.71241278600007,10.829368872000032
0,106.71263278400005,10.82856786900004,106.71292978400004,10.828884869000035
0,106.71285478400006,10.828393868000035,106.71306778200005,10.828669868000077
0,106.71188378700003,10.82840787200007,106.71286878300003,10.828686871000059
1,106.70971280500004,10.829935887000033,106.71114480000006,10.83114788000006
0,106.71052480400004,10.830633883000075,106.71114480000006,10.83114788000006
0,106.71047180000005,10.83028739200006,106.71111679800003,10.830609880000054
0,106.70987380600008,10.830249887000036,106.71055080200006,10.831021883000062
0,106.70971280500004,10.830024888000025,106.70992480100006,10.830598888000054
0,106.71069179900007,10.830005880000044,106.71111079800005,10.830329879000033
0,106.71053379900007,10.829993881000064,106.71069379700003,10.830292881000048
0,106.70994880200004,10.829935887000033,106.71054079700008,10.83029188300003
1,106.71109380200005,10.830051879000052,106.71315479600008,10.831341868000038
0,106.71189880000009,10.830970874000059,106.71198880000009,10.831114875000026
0,106.71109380200005,10.830646880000074,106.71200997300008,10.831221877000075
0,106.71135079900006,10.830366877000074,106.71167979700004,10.830659876000027
0,106.71111080000009,10.830334879000077,106.71134079800004,10.830620877000058
0,106.71155879700007,10.830113876000041,106.71315479600008,10.831341868000038
0,106.71110379800007,10.830051879000052,106.71156979500006,10.830393878000052
1,106.71115179300006,10.82937387800007,106.71294178800008,10.830211868000049
0,106.71268279200007,10.829788869000026,106.71293379000008,10.830211868000049
0,106.71269979200008,10.829501870000058,106.71294178800008,10.829862870000056
0,106.71209479300006,10.829457873000024,106.71267779200008,10.830183870000042
0,106.71174279200005,10.829418873000066,106.71206279000006,10.830131873000028
0,106.71115179300006,10.82937387800007,106.71186279600005,10.830117875000042
1,106.71101678800005,10.827806876000068,106.71217978400006,10.829321874000073
0,106.71151179100008,10.828644876000055,106.71173879200006,10.829313875000025
0,106.71121978700006,10.827806876000068,106.71191178200007,10.828608875000043
0,106.71172778800008,10.82823587200005,106.71217978400006,10.829321874000073
0,106.71123278300007,10.827827876000072,106.71137378400005,10.82807987600006
0,106.71101678800005,10.828591880000033,106.71152178900007,10.829288876000021
0,106.71102578500006,10.827810877000047,106.71128178200007,10.828446877000033
1,106.70973479900005,10.827508881000028,106.71132701600004,10.830032887000073
0,106.70981179300009,10.82857288300005,106.71103579200008,10.829597886000045
0,106.70997680000005,10.829332881000028,106.71119079500005,10.830016879000027
0,106.70973479900005,10.829582887000072,106.70995479700008,10.830032887000073
0,106.70998379900004,10.82960388600003,106.71029479600008,10.829799885000057
0,106.71066478700004,10.827754879000054,106.71103978500008,10.828156879000062
0,106.71073978600003,10.827751879000061,106.71113378300004,10.828123880000021
0,106.70981379300008,10.827508881000028,106.71132701600004,10.828800884000032
1,106.71130490900003,10.827488875000029,106.71305778100009,10.828540867000072
0,106.71192378300009,10.828147873000034,106.71228678200004,10.828251873000056
0,106.71261678200005,10.827876866000054,106.71296277900007,10.828291869000054
0,106.71285178000005,10.82825286800005,106.71305778100009,10.82842186800002
0,106.71254778300005,10.827759868000044,106.71285277800007,10.828100868000035
0,106.71226178300009,10.828281870000069,106.71253078300003,10.82848186800004
0,106.71240078300008,10.82827486900004,106.71274478100008,10.828417869000077
0,106.71209478300005,10.82824387200003,106.71227278300006,10.828425872000025
0,106.71255878100004,10.828214869000021,106.71290578000009,10.828540867000072
0,106.71130490900003,10.827488875000029,106.71264477900007,10.828322869000033
