level,minx,miny,maxx,maxy
4,106.70927582500008,10.821438823000051,106.73930476000004,10.850754799000072
3,106.72129254600009,10.832083786000055,106.73930476000004,10.850754799000072
2,106.72961884500006,10.843085732000077,106.73890680900007,10.849906781000072
1,106.72967186400007,10.847258779000072,106.73167584800007,10.849906781000072
0,106.72967186400007,10.848998782000024,106.73029486300004,10.849906781000072
0,106.73057354200006,10.848994019000031,106.73110285700005,10.84974347800005
0,106.73017585800005,10.848880778000023,106.73062686200007,10.84981177900005
0,106.73017585400004,10.848538775000065,106.73066185500005,10.849204777000068
0,106.73061285300008,10.848238774000038,106.73110185500008,10.849044774000049
0,106.73081185200004,10.84806734700004,106.73167584800007,10.84920852600004
0,106.73017885300004,10.848389777000023,106.73066368100007,10.848566779000066
0,106.73017885300004,10.848204778000024,106.73066485200007,10.84843177600004
0,106.72975685300008,10.847258779000072,106.73031885800003,10.849022777000073
0,106.73019085300007,10.847969774000035,106.73065285000007,10.84829677700003
1,106.73100627900004,10.846947768000064,106.73348785000007,10.84969852200004
0,106.73100627900004,10.849036773000023,106.73168157200007,10.84969852200004
0,106.73149885500004,10.848687897000048,106.73239585200008,10.849598411000045
0,106.73215637200008,10.84863176600004,106.73267998600005,10.84954676700005
0,106.73258403500006,10.847683912000036,106.73348785000007,10.849535760000037
0,106.73219184800007,10.848296178000055,106.73292297400008,10.848824734000061
0,106.73219384800007,10.848239000000035,106.73284584600003,10.848580767000044
0,106.73141185000009,10.848079769000037,106.73222184900004,10.848727770000039
0,106.73202284600006,10.847867765000046,106.73303584300004,10.848462922000067
0,106.73278784300004,10.847417759000052,106.73336484000004,10.847789761000058
0,106.73144184800009,10.846947768000064,106.73230883900004,10.848053110000023
1,106.73311284600004,10.845746740000038,106.73722282000006,10.849482758000022
0,106.73311284600004,10.847999758000071,106.73419384400006,10.849482758000022
0,106.73391884500006,10.847923752000042,106.73482624200005,10.849049856000022
0,106.73323184300006,10.847664676000022,106.73416102000004,10.848303758000043
0,106.73397984000007,10.847253745000046,106.73570183500004,10.848212861000036
0,106.73320683600008,10.846667756000045,106.73420784000007,10.847997024000051
0,106.73406183500003,10.846773746000054,106.73580283200005,10.847764751000057
0,106.73417183100008,10.846458961000053,106.73543583200006,10.847409750000054
0,106.73540383100004,10.845746740000038,106.73722282000006,10.84783774500005
0,106.73317183100005,10.84583075300003,106.73417283500004,10.847190755000042
0,106.73415382800005,10.845968753000022,106.73539282600007,10.846619753000027
1,106.72961884500006,10.845097772000031,106.73167884700007,10.84825177600004
0,106.73061385200003,10.847928773000035,106.73097984700007,10.84825177600004
0,106.73086285000005,10.847549771000047,106.73167884700007,10.848207770000045
0,106.73055085000004,10.847564775000023,106.73091084900005,10.848038775000077
0,106.73063084800003,10.847304438000037,106.73106284700003,10.847794772000043
0,106.72995084900003,10.846966776000045,106.73073724600005,10.848042777000046
0,106.73072696300005,10.846739772000035,106.73111884300005,10.847433772000045
0,106.72961884500006,10.846347781000077,106.73035684100006,10.84751477900005
0,106.73057484500004,10.846198774000072,106.73101084100006,10.847082775000047
0,106.73007684200007,10.845115774000021,106.73071983700004,10.847055777000037
0,106.73050664500005,10.845097772000031,106.73105383700005,10.846232772000064
1,106.73091584000008,10.844692759000054,106.73330282800003,10.848147766000068
0,106.73217584600008,10.846849761000044,106.73294584100006,10.848147766000068
0,106.73101484600005,10.847110772000065,106.73166484100005,10.847794773000032
0,106.73114284300004,10.847023772000057,106.73157984200009,10.847317770000075
0,106.73091584000008,10.846158770000045,106.73177979300004,10.847085771000025
0,106.73095552200004,10.845834306000029,106.73177843900004,10.846345193000047
0,106.73277183400006,10.844692759000054,106.73330282800003,10.84748176100004
0,106.73142783200007,10.845098343000075,106.73232382900005,10.847057767000024
0,106.73190683300004,10.84495576200004,106.73296282900009,10.847042765000026
0,106.73100083600008,10.844755772000042,106.73162786200004,10.845973509000032
0,106.73155420700004,10.844844210000076,106.73234382800007,10.84526593000004
1,106.73666082000005,10.844492665000075,106.73890680900007,10.84734073800007
0,106.73699382900008,10.845964734000063,106.73811782100006,10.84734073800007
0,106.73666082000005,10.844909729000051,106.73887834900006,10.846159736000061
0,106.73674981800008,10.844519736000052,106.73890402400008,10.845515676000048
0,106.73684836400008,10.844492665000075,106.73890680900007,10.845032176000075
1,106.73280941500008,10.843816752000066,106.73690481100004,10.846320743000035
0,106.73414082900007,10.844919749000042,106.73545981700005,10.846319749000031
0,106.73542982300006,10.844279743000072,106.73690481100004,10.846320743000035
0,106.73326482700008,10.844640620000064,106.73420782400007,10.845615757000076
0,106.73438082000007,10.844506744000057,106.73571481500005,10.845250744000055
0,106.73280941500008,10.844299759000023,106.73343482600006,10.845335760000069
0,106.73325382200005,10.84430775900006,106.73390882200005,10.844921758000055
0,106.73428982000007,10.844239746000028,106.73561981300008,10.844835751000062
0,106.73563381400004,10.844011199000022,106.73673681100007,10.844489745000033
0,106.73291882200004,10.843946757000026,106.73332581700004,10.84441976000005
0,106.73329582200006,10.843816752000066,106.73408181500008,10.844431751000059
1,106.73096082400008,10.843581767000046,106.73332881700009,10.84506714400004
0,106.73153282900006,10.844697464000035,106.73223582600008,10.84499108500006
0,106.73221682600007,10.84446276400007,106.73285347400008,10.84506714400004
0,106.73160382700007,10.844433769000034,106.73222559800007,10.84483874700004
0,106.73097181300005,10.844428674000028,106.73168882600004,10.844841768000038
0,106.73186426000007,10.843889969000031,106.73220282300008,10.844518765000032
0,106.73216882500009,10.843593763000058,106.73293981900008,10.844766762000063
0,106.73096082400008,10.843581767000046,106.73172879900005,10.844601668000053
0,106.73156494000006,10.843581767000046,106.73224895000004,10.844402437000042
0,106.73273319000003,10.843831759000068,106.73332881700009,10.84412969300007
0,106.73213862300008,10.843588762000024,106.73288581900005,10.844025761000069
1,106.73288581900005,10.843606755000053,106.73674480800008,10.844470748000049
0,106.73564181100005,10.844006739000065,106.73673981100006,10.844239737000066
0,106.73407082000006,10.843615747000058,106.73561981300008,10.844470748000049
0,106.73330882000005,10.843608757000027,106.73402381500006,10.844423757000072
0,106.73563981200004,10.843913126000075,106.73674133000009,10.844095737000032
0,106.73563781100006,10.843876742000077,106.73645381000006,10.843993739000041
0,106.73564081000006,10.843622010000047,106.73674480800008,10.844051742000033
0,106.73288581900005,10.843774759000041,106.73333581800006,10.843875758000024
0,106.73337781600009,10.843606755000053,106.73404481200004,10.844022758000051
0,106.73403181400005,10.843610750000039,106.73562073600004,10.843925746000025
0,106.73563781000007,10.843632740000032,106.73646080900005,10.843860741000071
1,106.73675480400004,10.843085732000077,106.73881680500006,10.844694557000025
0,106.73676281100006,10.844054692000043,106.73881680500006,10.844694557000025
0,106.73677181100004,10.844068733000029,106.73877280500005,10.844305097000074
0,106.73677681100008,10.843859776000045,106.73871780300004,10.844155734000026
0,106.73696581000007,10.843831249000061,106.73808498200003,10.844019024000033
0,106.73696722200003,10.843615728000032,106.73869841400005,10.844073732000027
0,106.73678016300005,10.84360173500005,106.73807893800006,10.84383802900004
0,106.73677444900005,10.84354514000006,106.73862058200007,10.843732438000075
0,106.73676578700008,10.84340173000004,106.73816780300007,10.843602731000033
0,106.73676080600006,10.843250147000049,106.73816173100005,10.843602731000033
0,106.73675480400004,10.843085732000077,106.73857380000004,10.843599733000076
2,106.72545184600006,10.841489781000064,106.73148211900008,10.850754799000072
1,106.72708686400006,10.847235612000077,106.72895285100009,10.850612795000075
0,106.72835986800004,10.84998878700003,106.72869986800004,10.850339792000057
0,106.72786787100006,10.84961379200007,106.72841687000005,10.850472792000062
0,106.72833886900008,10.849545789000047,106.72873686900004,10.850081789000058
0,106.72806086400004,10.848952788000076,106.72850386300007,10.849776791000068
0,106.72740487400006,10.847809792000021,106.72827885900006,10.850612795000075
0,106.72829186500007,10.848557477000043,106.72883186500007,10.849654789000056
0,106.72708686400006,10.848266795000029,106.72773086300003,10.848789795000073
0,106.72777886300008,10.847465654000075,106.72850450000004,10.849280792000059
0,106.72837985800004,10.847891916000037,106.72873085500004,10.848764586000073
0,106.72835085200006,10.847235612000077,106.72895285100009,10.847944790000042
1,106.72841985700006,10.846874093000054,106.72995685400008,10.850253789000021
0,106.72865786800008,10.849572786000067,106.72910386800004,10.850253789000021
0,106.72897486300008,10.849251784000046,106.72929586600009,10.85015678600007
0,106.72928686300008,10.849033782000049,106.72991186300004,10.84996278500006
0,106.72849986200004,10.848661785000047,106.72916086000004,10.84977834700004
0,106.72894486300004,10.848756785000035,106.72947186000005,10.849306787000046
0,106.72925632700009,10.848533782000061,106.72995685400008,10.849203782000075
0,106.72914485500007,10.847947782000062,106.72988685300004,10.848538782000048
0,106.72911585400004,10.847661783000035,106.72948685700004,10.848775785000043
0,106.72841985700006,10.847558784000057,106.72911485900005,10.848724787000037
0,106.72854111700008,10.846874093000054,106.72902385500004,10.847833785000034
1,106.72611640200006,10.845940794000057,106.72766986600004,10.850754799000072
0,106.72688687500005,10.849169794000034,106.72766986600004,10.850684800000067
0,106.72647586900007,10.849054800000033,106.72716987000007,10.850754799000072
0,106.72659298400004,10.848650798000051,106.72717686600004,10.84957779900003
0,106.72690186800008,10.848612796000054,106.72761986500007,10.849503799000047
0,106.72611640200006,10.847769800000037,106.72670086400007,10.849601801000063
0,106.72657866800006,10.848597797000025,106.72709686500008,10.848735797000074
0,106.72684986500008,10.848307796000029,106.72717286400007,10.848654796000062
0,106.72655086400005,10.847319796000022,106.72720186300006,10.848613799000077
0,106.72710285900007,10.847260794000022,106.72760186100004,10.848439796000036
0,106.72652285100008,10.845940794000057,106.72731085100008,10.847959796000055
1,106.72704284500008,10.844305084000041,106.72891484900003,10.848164760000031
0,106.72744185300007,10.846659789000057,106.72803957700006,10.848164760000031
0,106.72791119500005,10.846710788000053,106.72841985300005,10.847716366000043
0,106.72825784800006,10.846339785000055,106.72891484900003,10.847320789000037
0,106.72705330700006,10.845949183000073,106.72771785300006,10.84739479500007
0,106.72790384900009,10.84638878800007,106.72848185000004,10.846763789000022
0,106.72757484100003,10.845232791000058,106.72813858700005,10.846724792000032
0,106.72765784500007,10.845168157000046,106.72864284300005,10.846454169000026
0,106.72823784200006,10.844650405000039,106.72874984400005,10.846361788000024
0,106.72704284500008,10.844869793000044,106.72774484500007,10.846138559000053
0,106.72735783800005,10.844305084000041,106.72813784000004,10.845510789000059
1,106.72545184600006,10.84420321400006,106.72759911200006,10.84811479900003
0,106.72571973500004,10.845453852000048,106.72689186200006,10.84811479900003
0,106.72638736800008,10.845374684000035,106.72718384700005,10.846044323000058
0,106.72547784700004,10.844935802000066,106.72625037700004,10.846151804000044
0,106.72611784700007,10.84503280000007,106.72660384900007,10.845709636000038
0,106.72651984400005,10.844966796000051,106.72717884300005,10.845633796000072
0,106.72609684200006,10.844690800000024,106.72663184300006,10.845080800000062
0,106.72647784400004,10.844471793000025,106.72718584200004,10.845252795000022
0,106.72545184600006,10.844472799000073,106.72620484100008,10.845115803000056
0,106.72697083900005,10.84420321400006,106.72759911200006,10.845149793000076
0,106.72597784300007,10.84440379800003,106.72659084100007,10.844731799000044
1,106.72856032400006,10.842978781000056,106.73022507400009,10.847957780000058
0,106.72890884500003,10.846428782000032,106.72959484400008,10.847670785000048
0,106.72907285200006,10.844050780000032,106.72999711900007,10.847957780000058
0,106.72856283800007,10.845029987000032,106.72918284000008,10.846931280000035
0,106.72875071300007,10.844587784000055,106.72962630900008,10.846542784000064
0,106.72965184300006,10.844651028000044,106.73022507400009,10.84634477700007
0,106.72856032400006,10.843813057000034,106.72893783100005,10.844938327000023
0,106.72899526800006,10.843252433000032,106.72969529700003,10.84454278000004
0,106.72931303700005,10.843320910000045,106.72979682500005,10.843932099000028
0,106.72937333200008,10.843148671000051,106.72982615100005,10.843454418000022
0,106.72902039500008,10.842978781000056,106.72943143000003,10.843386389000045
1,106.72961283100005,10.84314654000002,106.73148211900008,10.845358771000065
0,106.73063683200007,10.844889771000055,106.73112283200004,10.845358771000065
0,106.73098118200005,10.844638028000077,106.73148211900008,10.844987713000023
0,106.73007082700008,10.844415773000037,106.73071480700008,10.845092773000033
0,106.73035283100006,10.84421577300003,106.73103482900007,10.845088773000043
0,106.72961283100005,10.84365677900007,106.73048082500009,10.844812777000072
0,106.73055882900007,10.843790772000034,106.73104982400008,10.84438577000003
0,106.73014777400005,10.843580699000029,106.73070282700007,10.844388774000038
0,106.73066769800005,10.843527772000073,106.73105382200004,10.843982771000071
0,106.72975782700007,10.843373775000032,106.73021982300008,10.843760431000021
0,106.72986619300008,10.84314654000002,106.73069882200008,10.843677225000022
1,106.72609083300006,10.842772791000073,106.72761242100006,10.844576798000048
0,106.72651583900006,10.84415279700005,106.72708983800004,10.844576798000048
0,106.72666083700005,10.844037478000075,106.72720799100006,10.844361797000033
0,106.72706682600005,10.843783793000057,106.72761242100006,10.844311793000031
0,106.72615583500004,10.843466798000065,106.72656884000008,10.844495731000052
0,106.72638183800007,10.843621796000036,106.72717573200003,10.844136800000058
0,106.72713883100005,10.843154792000064,106.72759198800009,10.843922792000058
0,106.72644683400006,10.84317479300006,106.72710883600007,10.843819795000059
0,106.72611683300005,10.843178798000054,106.72657083500008,10.843628799000044
0,106.72710082800006,10.842772791000073,106.72760382900009,10.843343790000063
0,106.72609083300006,10.842778796000061,106.72657083200005,10.843223798000054
1,106.72727782800007,10.84176367200007,106.72905558800005,10.845440788000076
0,106.72795283300007,10.843985786000076,106.72855184000008,10.845440788000076
0,106.72800683500009,10.843970364000029,106.72905558800005,10.844807787000036
0,106.72757441200008,10.844059790000074,106.72800683500009,10.844472490000044
0,106.72750583300007,10.843678789000023,106.72803695000005,10.844202789000065
0,106.72829391100004,10.843660748000048,106.72880629700006,10.844103285000074
0,106.72797022200007,10.843577193000044,106.72846892800004,10.84411678600003
0,106.72757014700005,10.843129790000035,106.72801206600008,10.843818788000021
0,106.72777083200003,10.842732787000045,106.72846283000007,10.843674789000033
0,106.72727782800007,10.842554790000065,106.72806082600005,10.843318790000069
0,106.72827982000007,10.84176367200007,106.72879886500004,10.843706224000073
1,106.72862555200004,10.841489781000064,106.73024381700009,10.843613781000045
0,106.72933068900005,10.842948215000035,106.72983916700008,10.843287425000028
0,106.72862555200004,10.842557782000029,106.72921582700008,10.843613781000045
0,106.72973182300007,10.842751776000057,106.73018482300006,10.843416776000026
0,106.72893382600006,10.842853952000041,106.72937482300006,10.843031266000025
0,106.72936070800006,10.842632777000063,106.72992582300009,10.843088778000038
0,106.72895124900003,10.842296151000028,106.72950182200009,10.842939779000062
0,106.72869928000006,10.842260896000028,106.72908128800009,10.842699781000022
0,106.72925982300006,10.842037083000037,106.72980581700006,10.84282377900007
0,106.72967582100006,10.841852987000038,106.73024381700009,10.842815777000055
0,106.72873081500006,10.841489781000064,106.72942081500008,10.84240541500003
2,106.72994382200005,10.840544758000021,106.73858380200005,10.843885189000048
1,106.73099482400005,10.843024769000067,106.73335281600004,10.843885189000048
0,106.73279781900004,10.843595760000028,106.73335281600004,10.84383075900007
0,106.73165981900007,10.843452764000062,106.73228275300005,10.843885189000048
0,106.73281340900007,10.843504758000051,106.73329981700005,10.843761758000028
0,106.73099482400005,10.843300767000073,106.73167281700006,10.84379276900006
0,106.73277601300003,10.843426758000021,106.73329981700005,10.843578758000035
0,106.73166281900006,10.843310766000059,106.73212681800004,10.843532765000077
0,106.73277581600007,10.843352756000058,106.73329881600006,10.843466156000034
0,106.73214481800005,10.843078107000053,106.73277667200006,10.84369575900007
0,106.73277381500009,10.843258757000058,106.73329581400009,10.843376759000023
0,106.73105582000005,10.843024769000067,106.73157782000004,10.843588409000063
1,106.73329381400004,10.843049754000049,106.73674580600004,10.843829736000032
0,106.73569081100004,10.843618742000046,106.73674580600004,10.843829736000032
0,106.73415581500007,10.843492746000038,106.73505181100006,10.843756749000022
0,106.73329981700005,10.843497972000023,106.73415681400007,10.843745755000043
0,106.73555880800006,10.843461743000034,106.73673780500008,10.843751712000028
0,106.73329651500006,10.843404071000066,106.73414381600008,10.843589981000036
0,106.73413509000005,10.843317746000025,106.73556481000008,10.843605745000048
0,106.73550580500006,10.84310418900003,106.73672802800007,10.84360773800006
0,106.73440586400005,10.84306674800007,106.73552243500006,10.843604748000075
0,106.73329381400004,10.843049754000049,106.73396581000009,10.843592755000032
0,106.73396580900004,10.84305375100007,106.73514080900009,10.843437933000075
1,106.73329181400004,10.842545689000076,106.73686616000003,10.843331743000022
0,106.73557780700008,10.843089070000076,106.73680173800005,10.843331743000022
0,106.73329181400004,10.843090756000038,106.73382481400006,10.843273754000052
0,106.73412181000003,10.842971747000036,106.73498480800004,10.843226834000063
0,106.73566380500006,10.842918737000048,106.73669364400007,10.843173051000065
0,106.73339081100005,10.842771757000037,106.73396581000009,10.843134754000062
0,106.73411980900005,10.84280939000007,106.73564736300006,10.843096743000046
0,106.73411881000004,10.842574747000072,106.73563692000005,10.843179747000022
0,106.73565380600007,10.842613739000058,106.73686616000003,10.843094739000037
0,106.73556280500009,10.842609741000047,106.73685363300007,10.843007740000076
0,106.73411680900006,10.842545689000076,106.73551046300008,10.843067749000056
1,106.73158081900004,10.842479762000039,106.73337881300006,10.843339099000048
0,106.73217121500005,10.843117759000052,106.73288281600009,10.843339099000048
0,106.73158081900004,10.843038767000053,106.73212681800004,10.84333676500006
0,106.73290781600008,10.84308175800004,106.73329381600007,10.84328775800003
0,106.73285181600005,10.842935756000031,106.73333681400004,10.843199758000026
0,106.73168681800007,10.842918764000046,106.73222981500004,10.843198278000045
0,106.73217244100005,10.842903868000064,106.73287781700009,10.843189583000026
0,106.73282181400003,10.84288975800007,106.73337881300006,10.843056759000035
0,106.73281891800008,10.84278475900004,106.73337569200004,10.842923757000051
0,106.73204181400007,10.842753763000076,106.73222781500004,10.842934764000063
0,106.73224581300008,10.842479762000039,106.73282265100005,10.843036761000064
1,106.73662979600005,10.841455730000064,106.73858380200005,10.843601728000067
0,106.73674780400006,10.84304372500003,106.73858380200005,10.843601728000067
0,106.73678235000006,10.843062728000064,106.73814243700008,10.843375733000073
0,106.73686296600005,10.842994525000051,106.73813480200005,10.843268586000022
0,106.73685419900005,10.842714403000059,106.73778880100008,10.843043899000065
0,106.73683376800005,10.84239672700005,106.73843928900004,10.843035732000033
0,106.73698079700006,10.842268734000072,106.73772179600007,10.842718833000049
0,106.73662979600005,10.84190473600006,106.73828779600007,10.84250873600007
0,106.73675497300007,10.841635537000059,106.73829505600008,10.842220972000064
0,106.73670979400003,10.84164673400005,106.73761979300008,10.841897374000041
0,106.73688179300007,10.841455730000064,106.73775679200008,10.841722735000076
1,106.72994382200005,10.841467773000034,106.73158481200005,10.84354077100005
0,106.73055666900007,10.84296577400005,106.73116181800003,10.84354077100005
0,106.73093009100006,10.842754768000077,106.73154081700005,10.843181767000033
0,106.72994382200005,10.842525863000049,106.73075682100006,10.84340577200004
0,106.73057281800004,10.842624771000033,106.73093281800004,10.84301877300004
0,106.73011181700008,10.842276772000048,106.73065127000007,10.84271011800007
0,106.73058412600005,10.842264771000032,106.73104691700007,10.842683616000045
0,106.73019081600006,10.842175772000076,106.73064081500007,10.842442775000052
0,106.73088881400008,10.84180476900002,106.73158481200005,10.842145766000044
0,106.73042881200007,10.841467773000034,106.73114081200004,10.842453770000077
0,106.73017881300007,10.84147577300007,106.73066288600006,10.842307773000073
1,106.73103372300005,10.841751423000062,106.73337378300005,10.843036764000033
0,106.73103372300005,10.84246140700003,106.73162481600008,10.843011767000064
0,106.73281181000004,10.842493759000035,106.73337378300005,10.842836153000064
0,106.73162581400004,10.842229764000024,106.73222381400006,10.843036764000033
0,106.73220172500004,10.842160154000055,106.73263234600006,10.842764762000058
0,106.73115247300007,10.842019482000069,106.73165051600006,10.842508117000023
0,106.73159043100009,10.842089764000036,106.73226157200008,10.84241776600004
0,106.73227881200006,10.84183075900006,106.73307880800007,10.842416075000074
0,106.73159381100004,10.841888765000022,106.73219581000006,10.842186464000065
0,106.73216197300007,10.841785762000029,106.73246480800009,10.842163761000052
0,106.73224580800007,10.841751423000062,106.73249580900006,10.841960761000053
1,106.73286258800005,10.84134444600005,106.73684680200006,10.843065753000076
0,106.73411680600009,10.842536379000023,106.73556380400004,10.842869748000055
0,106.73338180800005,10.842123152000056,106.73412581100007,10.843065753000076
0,106.73571580200007,10.842338036000058,106.73684680200006,10.842800744000044
0,106.73425488600009,10.842270750000068,106.73495580300005,10.842673751000063
0,106.73286258800005,10.841900758000065,106.73338480600006,10.842762681000067
0,106.73332880800007,10.841897756000037,106.73411980300006,10.842460751000033
0,106.73546480100003,10.841494742000066,106.73674267900009,10.842546742000025
0,106.73404980900006,10.841485746000046,106.73548679800007,10.842527743000062
0,106.73308894700006,10.841635903000054,106.73336784000008,10.841929718000074
0,106.73324862800007,10.84134444600005,106.73420704600005,10.84201902500007
1,106.73295280000008,10.840673538000033,106.73690179600004,10.84200174700004
0,106.73400111000007,10.841110749000052,106.73549979700005,10.84200174700004
0,106.73330609600004,10.841277367000032,106.73399320000004,10.841799511000033
0,106.73542479600007,10.841274740000074,106.73690179600004,10.841725737000047
0,106.73354149300008,10.841098751000061,106.73413779900005,10.841335202000039
0,106.73561479300008,10.84097674000003,106.73654579300006,10.841373735000047
0,106.73538879600005,10.840979743000048,106.73560979400008,10.841182743000047
0,106.73598179200008,10.840893737000044,106.73677679200006,10.841173737000076
0,106.73295280000008,10.840673538000033,106.73407579800005,10.841331668000066
0,106.73558579400009,10.840776740000024,106.73686879200005,10.841130743000065
0,106.73538779300009,10.840840742000069,106.73557879300006,10.841015742000025
1,106.73142422300003,10.840544758000021,106.73338011200008,10.842035765000048
0,106.73142422300003,10.841477764000047,106.73223980800009,10.842035765000048
0,106.73225711900005,10.841367665000064,106.73286280500008,10.841858760000036
0,106.73182980700005,10.84133292000007,106.73231582800008,10.841751762000058
0,106.73271280600005,10.841121758000043,106.73336368400004,10.841862756000069
0,106.73216638000008,10.841225276000046,106.73281780500008,10.841485115000069
0,106.73145185300007,10.840858307000076,106.73228780100004,10.841533766000055
0,106.73219299200008,10.840864762000024,106.73285380100003,10.841306785000029
0,106.73277380100006,10.84078075800005,106.73338011200008,10.841357816000027
0,106.73156290300005,10.840825763000055,106.73221151000007,10.841211764000036
0,106.73236480200006,10.840544758000021,106.73284380000007,10.841088761000037
2,106.72546380800009,10.837399787000038,106.73106779700004,10.843204796000066
1,106.72549582900007,10.840958497000031,106.72770108800006,10.843204796000066
0,106.72654183200007,10.842752794000035,106.72705483300007,10.843204796000066
0,106.72606683000004,10.84259079700007,106.72655383000006,10.842956798000046
0,106.72652982700004,10.842313796000042,106.72703183100003,10.842842794000035
0,106.72603582800008,10.842154797000035,106.72655083100005,10.842551799000034
0,106.72600782800004,10.841892795000035,106.72653882800006,10.842341797000074
0,106.72652582500007,10.841772794000065,106.72725682600009,10.842403794000063
0,106.72689581800006,10.840958497000031,106.72770108800006,10.842784793000021
0,106.72549582900007,10.841639800000053,106.72618282500008,10.842043801000045
0,106.72600082500009,10.841459797000027,106.72656782700005,10.842072796000025
0,106.72556382500005,10.841433798000025,106.72616382400008,10.84170780200003
1,106.72857881900006,10.840889779000065,106.72986781400004,10.842391303000056
0,106.72929881800007,10.841565777000028,106.72985481400008,10.842181441000037
0,106.72857881900006,10.841327782000064,106.72932781600008,10.842391303000056
0,106.72942881600005,10.841404777000037,106.72986781400004,10.841731778000053
0,106.72895481400008,10.841340779000063,106.72947181300009,10.841586778000021
0,106.72936749600007,10.841312777000041,106.72979581200008,10.841559777000043
0,106.72902526300004,10.841213086000039,106.72941281400006,10.841406779000067
0,106.72938681300008,10.841193777000058,106.72983281500007,10.841379777000043
0,106.72864681600004,10.840990782000063,106.72904902000005,10.841386951000061
0,106.72888381400008,10.84104577900007,106.72941481300006,10.841283359000045
0,106.72922781200003,10.840889779000065,106.72985181200005,10.841285776000063
1,106.72723201900004,10.84039346700007,106.72878081400006,10.842862788000048
0,106.72777882300005,10.841085786000065,106.72856581900004,10.842862788000048
0,106.72748721100004,10.841186621000077,106.72816482300004,10.842723792000072
0,106.72832449000003,10.84126978300003,106.72874781600007,10.84183338400004
0,106.72832281500007,10.84107378400006,106.72878081400006,10.841354783000043
0,106.72792289900008,10.840921784000045,106.72848081400008,10.841281784000046
0,106.72754441700005,10.840843943000039,106.72808329400004,10.841342325000028
0,106.72834781400007,10.840869783000073,106.72872281200006,10.84117178400004
0,106.72839781400006,10.840693785000042,106.72874881400008,10.840960782000025
0,106.72723201900004,10.840623840000035,106.72765921000007,10.840921818000027
0,106.72787809800008,10.84039346700007,106.72844681100008,10.840997400000049
1,106.72551203500007,10.839548230000048,106.72775481100007,10.84179679500005
0,106.72553061200006,10.841044546000035,106.72614382200004,10.84152780200003
0,106.72650482200004,10.840662794000025,106.72712508800004,10.84179679500005
0,106.72588083400007,10.840816336000046,106.72675081900007,10.841639796000038
0,106.72714685900007,10.840833104000069,106.72757748600009,10.841086928000038
0,106.72551203500007,10.840100432000042,106.72640453600008,10.841119054000046
0,106.72605480900006,10.839874980000047,106.72671981500008,10.84103090700006
0,106.72647781600006,10.839714793000041,106.72729981500004,10.840938949000076
0,106.72693081400007,10.83985278700004,106.72775481100007,10.840711514000077
0,106.72600081300004,10.839664797000069,106.72655281100003,10.840069798000059
0,106.72712481100007,10.839548230000048,106.72760780900006,10.84007579100006
1,106.72861181200005,10.839719775000049,106.73022280900005,10.841168775000028
0,106.72966280900005,10.840742774000034,106.73022280900005,10.841168775000028
0,106.72932880900004,10.84053577800006,106.72979781100008,10.841090778000023
0,106.72861181200005,10.840370118000067,106.72910820200008,10.841035779000038
0,106.72892981200005,10.840116653000052,106.72949581000006,10.841132780000066
0,106.72922480700004,10.839949776000026,106.72986680600008,10.840642778000074
0,106.72867327500006,10.839901779000058,106.72917380700005,10.840484781000043
0,106.72899080600007,10.839787780000051,106.72931980500005,10.84018756000006
0,106.72934980900004,10.839719775000049,106.72984980400008,10.84007077700005
0,106.72868026700007,10.839783781000051,106.72903680800005,10.83997701100003
0,106.72977480400004,10.839727775000028,106.73014280300004,10.840005774000076
1,106.72974480700009,10.838729790000059,106.73106779700004,10.84083077400004
0,106.72975780900003,10.840592773000026,106.73023980600004,10.84083077400004
0,106.72974480700009,10.840374774000054,106.73026480700008,10.840738775000034
0,106.73020380700007,10.840277773000025,106.73075180400008,10.840701541000044
0,106.72982780500007,10.840248775000077,106.73026480700008,10.840520774000026
0,106.72977880600007,10.840197774000046,106.73021680600004,10.84034377300003
0,106.73018480600007,10.84007777100004,106.73064880200008,10.840412773000025
0,106.73056580300005,10.839872770000056,106.73100480200009,10.840506770000047
0,106.72981080700004,10.840066775000025,106.73013980300004,10.840266774000042
0,106.72975380500009,10.839933773000041,106.73027580400009,10.840203775000077
0,106.73040680300005,10.838729790000059,106.73106779700004,10.84011077200006
1,106.72739081500004,10.838511691000065,106.72889280900006,10.841033294000056
0,106.72749135900006,10.84031708200007,106.72804629800004,10.841033294000056
0,106.72833281200008,10.840460782000036,106.72873281000005,10.840718782000067
0,106.72836381300004,10.84024940200004,106.72871468100004,10.840592784000023
0,106.72739081500004,10.839871789000028,106.72807881000006,10.840441100000021
0,106.72788581000003,10.839649786000052,106.72856331100007,10.84052342800004
0,106.72830699500008,10.839601844000072,106.72889280900006,10.840355586000044
0,106.72834336900007,10.839137325000024,106.72879793900006,10.839880059000052
0,106.72805880700008,10.839235784000039,106.72845262200008,10.839779792000058
0,106.72747128200007,10.838511691000065,106.72820380400009,10.839998786000024
0,106.72829357700004,10.83877078200004,106.72881074600008,10.839234100000056
1,106.72546380800009,10.838516800000036,106.72770120500007,10.840042792000077
0,106.72650081100005,10.839435793000064,106.72722180900007,10.840042792000077
0,106.72618981300008,10.839535796000064,106.72661581300008,10.839783796000063
0,106.72692580700004,10.839079789000039,106.72770120500007,10.83980778800003
0,106.72601915100006,10.83918133800006,106.72646781000009,10.83963979500004
0,106.72638181000008,10.838929792000044,106.72715380900007,10.839606794000076
0,106.72596403500006,10.83852047800002,106.72667280600007,10.839357071000052
0,106.72665080600007,10.838746792000052,106.72718180600003,10.83911884400004
0,106.72546380800009,10.838516800000036,106.72624928900007,10.83932253300003
0,106.72651380800005,10.838601793000066,106.72713080600005,10.838929792000044
0,106.72680015100008,10.838535747000037,106.72721180500008,10.838777791000041
1,106.72856564200004,10.838245209000036,106.73023179900008,10.839951777000067
0,106.72864580900006,10.839436221000028,106.72935370600004,10.839864780000028
0,106.72900650900004,10.839336414000059,106.72947704800004,10.839842779000037
0,106.72934780100007,10.83911877600002,106.72982179800005,10.839951777000067
0,106.72950655000005,10.839237773000036,106.73023179900008,10.83976177300002
0,106.72900980200006,10.838896778000048,106.72950480300005,10.839459280000028
0,106.72931655100007,10.838929776000043,106.72986080100009,10.839313779000065
0,106.72860412300008,10.83866527500004,106.72912852300004,10.839526361000026
0,106.72939379600007,10.83842777500007,106.72977179800006,10.838942775000021
0,106.72893465100009,10.838267776000066,106.72944479600005,10.839035232000072
0,106.72856564200004,10.838245209000036,106.72908006900008,10.838768849000076
1,106.72706580500005,10.837399787000038,106.72876517900005,10.839322786000025
0,106.72795814300008,10.83856931400004,106.72849700200004,10.839322786000025
0,106.72706580500005,10.838432535000038,106.72776480600004,10.839273788000071
0,106.72839715500004,10.838128217000076,106.72876517900005,10.838855782000053
0,106.72778480000005,10.837570783000047,106.72863379900008,10.838940222000076
0,106.72717080300004,10.837915787000043,106.72767717600004,10.83851680600003
0,106.72749424600005,10.837742787000025,106.72807479900007,10.83863087800006
0,106.72831585800009,10.837719782000022,106.72873412000007,10.838228552000032
0,106.72760979600008,10.837483056000053,106.72806579600007,10.837831785000049
0,106.72834579400006,10.837439781000057,106.72872079300004,10.837851780000051
0,106.72707379600007,10.837399787000038,106.72771979600009,10.837795467000035
2,106.72969779700009,10.835628730000053,106.73930476000004,10.841979775000027
1,106.72974481200004,10.84045874700007,106.73163780000004,10.841979775000027
0,106.73093781000006,10.841588769000055,106.73161480900006,10.841923767000026
0,106.72977681300006,10.84142277500007,106.73033881500004,10.841979775000027
0,106.73095281000008,10.841120171000057,106.73137613600005,10.84168476700006
0,106.73052181000008,10.841084524000053,106.73131624200005,10.841630769000062
0,106.72974481200004,10.841096777000075,106.73027081100008,10.84152077400006
0,106.73013751100007,10.841008329000033,106.73064900200006,10.841542773000072
0,106.73008181000006,10.84083477400003,106.73057580800008,10.841146772000059
0,106.73057264000005,10.840491769000039,106.73112080400006,10.84124117500005
0,106.73095880800008,10.84045874700007,106.73163780000004,10.841231767000068
0,106.73017480800007,10.840607773000045,106.73066550000004,10.840948771000058
1,106.73296870500008,10.839998300000047,106.73687779000005,10.841325742000038
0,106.73595079100005,10.840728737000063,106.73687779000005,10.841068734000032
0,106.73375882800008,10.840158747000032,106.73561579200003,10.841325742000038
0,106.73561779500005,10.840590174000056,106.73682278900009,10.840835738000067
0,106.73570879400006,10.840555736000056,106.73656879000004,10.840772741000023
0,106.73586379000005,10.840436737000061,106.73682378700005,10.840755741000066
0,106.73560579200006,10.840350737000051,106.73654378800006,10.840601743000036
0,106.73296870500008,10.839998300000047,106.73416871400008,10.840755862000037
0,106.73560379100007,10.840179741000043,106.73667878700007,10.840547736000076
0,106.73393357800006,10.840016362000028,106.73560379200006,10.840651741000045
0,106.73558778800003,10.840059736000057,106.73678778800007,10.840519736000033
1,106.73085780200006,10.839420758000074,106.73339779200006,10.840866766000033
0,106.73241705500004,10.840462441000057,106.73278379900006,10.84068675900005
0,106.73272279900004,10.84034114800005,106.73297380000008,10.840796758000067
0,106.73243174600009,10.840319721000071,106.73284079800004,10.84049675700004
0,106.73166606000007,10.839905761000068,106.73244479600004,10.840866766000033
0,106.73085780200006,10.840006768000023,106.73176879900006,10.84061523400004
0,106.73245549900008,10.84009575600004,106.73285379700008,10.840350758000056
0,106.73274679700006,10.840007754000055,106.73335279400004,10.840418647000035
0,106.73219003300005,10.839893760000052,106.73283979700005,10.840186757000026
0,106.73249679600008,10.839544351000029,106.73339779200006,10.840061757000058
0,106.73200825000004,10.839420758000074,106.73285379300006,10.839916759000062
1,106.73282779800007,10.839516285000059,106.73687378400007,10.840360737000026
0,106.73561437200004,10.839926738000031,106.73656329100004,10.840360737000026
0,106.73412513600005,10.839896743000054,106.73525679000005,10.840147158000036
0,106.73339979500008,10.839879753000048,106.73399461500009,10.840123702000028
0,106.73282779800007,10.83982975500004,106.73341379300007,10.840106754000033
0,106.73336879600004,10.839790753000045,106.73412563800008,10.840109125000026
0,106.73407935600005,10.839667744000053,106.73556078900003,10.840164741000024
0,106.73553278600008,10.839516285000059,106.73687378400007,10.840164741000024
0,106.73433179200003,10.839651746000072,106.73497878800003,10.839965745000029
0,106.73336579500005,10.839691751000032,106.73410379400008,10.839876751000077
0,106.73410379400008,10.839598949000049,106.73524778800004,10.839905743000031
1,106.72969779700009,10.837972772000057,106.73158578800007,10.840283773000067
0,106.73006280200008,10.838529770000036,106.73066980000004,10.840283773000067
0,106.72975179800005,10.839032774000032,106.73028080000006,10.839357775000053
0,106.73098579300006,10.83872231600003,106.73145199200007,10.839069407000068
0,106.73063279300004,10.838562592000073,106.73105112800005,10.838996525000027
0,106.72969779700009,10.838392139000064,106.73026843400004,10.839035773000035
0,106.73101069600006,10.83827294300005,106.73154879100008,10.838862205000055
0,106.73030479400006,10.838314770000068,106.73064979100008,10.83863677000005
0,106.73039379300008,10.838037241000052,106.73115793500006,10.838695770000072
0,106.73100998700005,10.838142766000033,106.73158578800007,10.838473730000032
0,106.72976279400007,10.837972772000057,106.73031214000008,10.838503003000028
1,106.73325879500004,10.838320733000046,106.73684177400008,10.839895735000027
0,106.73325879500004,10.83956174900004,106.73414294900005,10.839840750000064
0,106.73607875700009,10.83943358700003,106.73672278400005,10.839895735000027
0,106.73409794200006,10.839449744000035,106.73552478900007,10.839760032000072
0,106.73326679100006,10.839466752000021,106.73399678800007,10.839613753000037
0,106.73330679100008,10.839311751000025,106.73404379000004,10.839592752000044
0,106.73423979000006,10.839163745000064,106.73553178400005,10.839688744000057
0,106.73332479200008,10.839252754000029,106.73369378800004,10.839483752000035
0,106.73400379000009,10.838879748000068,106.73505778700007,10.83957674800007
0,106.73337378900004,10.839095083000075,106.73414076600005,10.839351704000023
0,106.73554878500005,10.838320733000046,106.73684177400008,10.839674069000068
1,106.73090480400003,10.837347762000036,106.73337678700005,10.84022176600007
0,106.73090480400003,10.83899176600005,106.73198451900004,10.84022176600007
0,106.73281979300003,10.839338755000028,106.73329079200005,10.83962675400005
0,106.73135979500006,10.838881766000043,106.73229979400008,10.83997276100007
0,106.73214511400005,10.839217760000054,106.73279579200005,10.839567758000044
0,106.73278179100004,10.839205757000059,106.73334764700007,10.839417756000046
0,106.73277641300007,10.83907875400007,106.73337678700005,10.839266756000029
0,106.73219690000008,10.838658838000072,106.73286754600008,10.839414759000022
0,106.73239795300009,10.838096755000038,106.73294970800004,10.838893874000064
0,106.73143879300005,10.837347762000036,106.73241054400006,10.839197745000035
0,106.73231978500007,10.83798975700006,106.73283078400004,10.83825975600007
1,106.73641676700004,10.835628730000053,106.73930476000004,10.841632730000072
0,106.73676201200004,10.84077973500007,106.73834392600008,10.841632730000072
0,106.73669078400007,10.839849728000047,106.73860178300004,10.84094073500006
0,106.73684678300003,10.839900729000021,106.73859750500009,10.840548735000027
0,106.73678178300008,10.838572730000067,106.73886577100006,10.839997733000075
0,106.73684377600006,10.838268725000034,106.73878780700005,10.839178154000024
0,106.73685099700003,10.83809881600007,106.73890376700007,10.838701725000021
0,106.73688688800007,10.837888242000076,106.73770944300009,10.83828225800005
0,106.73666477600005,10.837644732000058,106.73899676500008,10.83829673200006
0,106.73677655700004,10.837030731000027,106.73806176200009,10.837658731000033
0,106.73641676700004,10.835628730000053,106.73930476000004,10.837689719000025
1,106.73279227900008,10.837296743000024,106.73682089600004,10.839274991000025
0,106.73332078900006,10.838552753000045,106.73428378600005,10.83919675200002
0,106.73279227900008,10.838223267000046,106.73348478800006,10.839152755000043
0,106.73442178600004,10.837821742000074,106.73552977700007,10.839274991000025
0,106.73547845400009,10.838327914000047,106.73608498100003,10.838553262000062
0,106.73286278700004,10.838164755000037,106.73339678300005,10.838665754000033
0,106.73547808200004,10.83792574000006,106.73640317500008,10.838422938000065
0,106.73560577400008,10.837611739000067,106.73675177400008,10.838304708000067
0,106.73388892900005,10.837296743000024,106.73570677400005,10.83817152100005
0,106.73601777700009,10.837429735000057,106.73681177000009,10.837996735000047
0,106.73573377200006,10.83730838200006,106.73682089600004,10.837628906000077
1,106.72970479100007,10.83674576900006,106.73172278400006,10.83838976900006
0,106.73099179000008,10.83797776700004,106.73160678800008,10.838278764000052
0,106.73010715900006,10.837684770000067,106.73070078900008,10.83838976900006
0,106.73062379000004,10.837806767000075,106.73103978600005,10.838137768000024
0,106.72976879400005,10.837532772000031,106.73021210200005,10.838174775000027
0,106.73067178800005,10.837625767000077,106.73111278800008,10.837940767000077
0,106.73017379300006,10.837347442000066,106.73050878600009,10.837808771000027
0,106.73080778600007,10.83679276600003,106.73172278400006,10.837966767000069
0,106.73021778700007,10.837115772000061,106.73056878400007,10.837381638000068
0,106.72970479100007,10.83694777200003,106.73023278700003,10.837515772000074
0,106.73018878400006,10.83674576900006,106.73065978300008,10.837186771000063
2,106.72129254600009,10.832083786000055,106.72772978400008,10.84482080400005
1,106.72414731400005,10.841787802000056,106.72619184200005,10.84482080400005
0,106.72522784200004,10.84404979900006,106.72619184200005,10.84482080400005
0,106.72550484100009,10.843917803000068,106.72606384000005,10.844143804000055
0,106.72553083700006,10.843700802000058,106.72605583800004,10.843973801000061
0,106.72464283800008,10.843333804000054,106.72554384100005,10.844202804000076
0,106.72553883700004,10.84330280200004,106.72603583500006,10.843745802000058
0,106.72489683100008,10.842242803000033,106.72574383100005,10.843732802000034
0,106.72533083200005,10.84236979800005,106.72600483500008,10.843464803000074
0,106.72414731400005,10.841790265000043,106.72543783600008,10.843360809000046
0,106.72551182900008,10.841953802000035,106.72591482900003,10.842400801000053
0,106.72511305500007,10.841787802000056,106.72554983100008,10.84242280500007
1,106.72410452700007,10.840934247000064,106.72557982700005,10.841969371000062
0,106.72410452700007,10.841560345000062,106.72441971900008,10.841969371000062
0,106.72438799900004,10.841549102000045,106.72490087500006,10.841946520000022
0,106.72486824700007,10.841515366000067,106.72557982700005,10.841929736000054
0,106.72442381800005,10.841393684000025,106.72488040300004,10.841700266000032
0,106.72489246500004,10.841116114000044,106.72556382500005,10.84178180300006
0,106.72439106700006,10.841151978000028,106.72491627300008,10.841545353000072
0,106.72414782600003,10.84102032800007,106.72443602400006,10.841637024000022
0,106.72498362900006,10.84107665700003,106.72549774400005,10.841269289000024
0,106.72442393800009,10.840998807000062,106.72490517600005,10.841305156000033
0,106.72487975400009,10.840934247000064,106.72554332300007,10.841229835000036
1,106.72407938500004,10.840162698000029,106.72555712200005,10.841173499000035
0,106.72440524200005,10.84075540300006,106.72489246500004,10.841151978000028
0,106.72411566000005,10.840624197000068,106.72443664700006,10.841173499000035
0,106.72508900300005,10.840687213000024,106.72553061200006,10.841087419000075
0,106.72439294000009,10.84055575800005,106.72510137800003,10.840908614000057
0,106.72507664500006,10.840534141000035,106.72555712200005,10.840840460000038
0,106.72407938500004,10.84036612500006,106.72440524200005,10.840776937000044
0,106.72441807500007,10.840330252000058,106.72484065000003,10.840744639000036
0,106.72487389100007,10.84030513600004,106.72554477900007,10.840687213000024
0,106.72440573500006,10.840177049000033,106.72488623000004,10.840483473000063
0,106.72490713300004,10.840162698000029,106.72552437600007,10.840458365000075
1,106.72389053900008,10.838824632000069,106.72619981300005,10.840519338000036
0,106.72403106600007,10.83994463700003,106.72443041400004,10.840519338000036
0,106.72499829500003,10.840126822000059,106.72546645000006,10.840315898000028
0,106.72438895100004,10.839735701000052,106.72491947400005,10.840330252000058
0,106.72484476600005,10.839707007000072,106.72555712100007,10.840280022000059
0,106.72396913400007,10.839313212000036,106.72441761000005,10.840124888000048
0,106.72534949300007,10.839115797000034,106.72619981300005,10.840276434000032
0,106.72437115000008,10.839284367000062,106.72493082700004,10.839915935000022
0,106.72477029700008,10.839024284000061,106.72550485800008,10.83988723400006
0,106.72389053900008,10.838846291000038,106.72446228900009,10.839493896000022
0,106.72437350700005,10.838824632000069,106.72500713800008,10.839464723000049
1,106.72377992600008,10.837194632000035,106.72624181000003,10.83918635200007
0,106.72501565600004,10.838518159000046,106.72564480800008,10.83918635200007
0,106.72377992600008,10.838459598000043,106.72439817000009,10.839036608000072
0,106.72438212400004,10.838356188000034,106.72497170200006,10.839011520000042
0,106.72539380900008,10.838205796000068,106.72607512800005,10.83867779700006
0,106.72439042400003,10.837882226000033,106.72492253000007,10.83854460200007
0,106.72541174300005,10.837828027000057,106.72614267200004,10.838435737000054
0,106.72502115100008,10.83751551100005,106.72569699100006,10.838606801000026
0,106.72444170500006,10.837639552000041,106.72492599900005,10.838025478000077
0,106.72384921000008,10.837470519000021,106.72445397000007,10.838074067000036
0,106.72534560500009,10.837194632000035,106.72624181000003,10.838053080000066
1,106.72223079500009,10.834640816000046,106.72439653100008,10.838563269000076
0,106.72376251900005,10.838068215000021,106.72439653100008,10.838563269000076
0,106.72358191800004,10.837463132000039,106.72394106300004,10.838271272000043
0,106.72355383200005,10.83721181900006,106.72382225700005,10.837617263000027
0,106.72382225700005,10.837066198000059,106.72428523700006,10.83723567100003
0,106.72337742000008,10.836744814000042,106.72382826100005,10.837365394000074
0,106.72303080200004,10.836219812000024,106.72389580100008,10.836958447000029
0,106.72284180200006,10.83582080800005,106.72370775600007,10.836499813000046
0,106.72223079500009,10.834874564000074,106.72312079500006,10.836006815000076
0,106.72300079900003,10.834845811000037,106.72396479200006,10.835962812000048
0,106.72235079400008,10.834640816000046,106.72314379200009,10.83500181100004
1,106.72366379700009,10.83465680300003,106.72572979500006,10.837913927000045
0,106.72485415800008,10.837121799000045,106.72553696100005,10.837913927000045
0,106.72444775100007,10.837254746000042,106.72487329700004,10.837653868000075
0,106.72385403600003,10.837230899000076,106.72441632200008,10.837625239000033
0,106.72441031800008,10.837101173000065,106.72487930100004,10.837408315000062
0,106.72381625100007,10.837082096000074,106.72442232800006,10.837384470000075
0,106.72441632200008,10.836803592000024,106.72483360300004,10.837254746000042
0,106.72467079800003,10.835644567000031,106.72572979500006,10.83749666600005
0,106.72421204800008,10.835965805000058,106.72504079700008,10.83699401900003
0,106.72366379700009,10.83465680300003,106.72459879300004,10.836980079000057
0,106.72429679200008,10.834853803000044,106.72500279000008,10.836041803000057
1,106.72412270600006,10.83391780200003,106.72619978600005,10.835758801000054
0,106.72480479100005,10.835017798000024,106.72556978900008,10.835758801000054
0,106.72533715900005,10.834669794000035,106.72619978600005,10.835478796000075
0,106.72501578600009,10.834736681000038,106.72571379900006,10.835071800000037
0,106.72436078700008,10.834249803000034,106.72511278900004,10.835254806000023
0,106.72489278500007,10.834510797000064,106.72566416100005,10.834903799000074
0,106.72489978500005,10.834488798000052,106.72534578400007,10.83461679800007
0,106.72412270600006,10.834234804000062,106.72443578600007,10.83468593200007
0,106.72486578400009,10.834171801000025,106.72561778200009,10.834574799000052
0,106.72486478300004,10.834039798000049,106.72537778100008,10.834358800000075
0,106.72436078700008,10.83391780200003,106.72494778400005,10.834449802000051
1,106.72520679300004,10.832083786000055,106.72772978400008,10.83747882800003
0,106.72594579700007,10.83687766600002,106.72645513900005,10.837257795000028
0,106.72562061300005,10.836742596000022,106.72614063200007,10.837363248000031
0,106.72693279100008,10.835936787000037,106.72764343600005,10.837233789000038
0,106.72594978800004,10.835298691000048,106.72747878500007,10.83747882800003
0,106.72520679300004,10.835327515000074,106.72644579100006,10.837027368000065
0,106.72578978500007,10.83475879100007,106.72689702500008,10.837170792000052
0,106.72692677900005,10.834094422000021,106.72772978400008,10.836105432000068
0,106.72549977900007,10.833520792000058,106.72634477500009,10.83477879700007
0,106.72552777900006,10.833156789000043,106.72733777700006,10.834898793000036
0,106.72624367500003,10.832083786000055,106.72738177300005,10.835393788000033
1,106.72129254600009,10.832999573000052,106.72446078300004,10.834933816000046
0,106.72190668200005,10.834470235000026,106.72235979600003,10.834933816000046
0,106.72282679300008,10.83409081000002,106.72382878900004,10.834918807000065
0,106.72149679600005,10.834025877000045,106.72250179100007,10.834807545000047
0,106.72238479400005,10.83401819200003,106.72299710200008,10.834709989000032
0,106.72364079000005,10.832999573000052,106.72446078300004,10.834930807000035
0,106.72251778800006,10.833803813000031,106.72288267500005,10.83407681400007
0,106.72286478900008,10.833553810000069,106.72372578400007,10.83425881100004
0,106.72129254600009,10.83354730600007,106.72250178600007,10.83404381500003
0,106.72236278800005,10.833658812000067,106.72289778600003,10.833859811000025
0,106.72232678600005,10.833489237000038,106.72304078500008,10.833763815000054
3,106.70927582500008,10.821438823000051,106.73700575700008,10.838790753000069
2,106.72562177100008,10.830536775000041,106.73041677900005,10.838744795000025
1,106.72861579600004,10.837460776000057,106.72988778800004,10.838659776000043
0,106.72935779700003,10.83813355500007,106.72980878700008,10.838659776000043
0,106.72863879800008,10.837990778000062,106.72903079400004,10.838380779000033
0,106.72898179500004,10.837936676000027,106.72941179500003,10.838366777000033
0,106.72937779700004,10.837876777000076,106.72983679100008,10.838249739000048
0,106.72900479400005,10.837675778000062,106.72945679200006,10.838136777000045
0,106.72861579600004,10.837582780000048,106.72905628500007,10.838057781000032
0,106.72935979500005,10.837595774000022,106.72987278900007,10.83792177500004
0,106.72899679400007,10.837487778000025,106.72940479000005,10.837748776000069
0,106.72865179200005,10.837501780000025,106.72903026100005,10.837711780000063
0,106.72941979000007,10.837460776000057,106.72988778800004,10.837689775000058
1,106.72571602000005,10.837066788000072,106.72769179500006,10.838744795000025
0,106.72654780500005,10.838356790000034,106.72713880200007,10.838652061000062
0,106.72602277700008,10.838260798000022,106.72651880500007,10.838744795000025
0,106.72601180500004,10.838071152000055,106.72664080300007,10.838479794000023
0,106.72645153100007,10.837553499000023,106.72742379900006,10.838555789000054
0,106.72571602000005,10.837868710000066,106.72615510700007,10.838191797000036
0,106.72704079900006,10.83764859300004,106.72767150200008,10.838042788000052
0,106.72605592900004,10.837362794000057,106.72667137400003,10.83818433600004
0,106.72657856900008,10.83732743400003,106.72719279800003,10.837902791000033
0,106.72602956900005,10.837085795000064,106.72669819200007,10.837589802000025
0,106.72699679500005,10.837066788000072,106.72769179500006,10.837495787000023
1,106.72865179000007,10.836835777000033,106.73020578700005,10.837744773000054
0,106.72867379500008,10.83738978100007,106.72906479100004,10.837704779000035
0,106.72969779000005,10.837334772000077,106.73020578700005,10.837744773000054
0,106.72903479200005,10.837295778000055,106.72943679100007,10.837653776000025
0,106.72931278900006,10.83732177500002,106.72968478800004,10.837523777000058
0,106.72865179000007,10.837115781000023,106.72905978800009,10.837482780000073
0,106.72897678900006,10.837087776000033,106.72942278700003,10.837434778000045
0,106.72936578800005,10.837092774000041,106.72970161300009,10.837374773000022
0,106.72940178800008,10.836925774000065,106.72988602700008,10.837272774000041
0,106.72899579100005,10.836918776000061,106.72941778600006,10.837267776000033
0,106.72873379000004,10.836835777000033,106.72906178700003,10.837216780000062
1,106.72734879400008,10.83549178000004,106.72878378600006,10.837728783000045
0,106.72789779500005,10.837107784000068,106.72840806300007,10.837728783000045
0,106.72844179500004,10.837269782000021,106.72871579100007,10.83751078000006
0,106.72751779600009,10.837029784000038,106.72798279300008,10.837628786000039
0,106.72833979100005,10.836970781000048,106.72869378900003,10.83731978000003
0,106.72787679100009,10.836815784000066,106.72846279100008,10.83734193600003
0,106.72734879400008,10.836558785000022,106.72805678900005,10.83726378700004
0,106.72836479000006,10.836172781000073,106.72872578800008,10.83709678200006
0,106.72792678500008,10.835988783000062,106.72840978700003,10.836933784000053
0,106.72754779100006,10.835815784000033,106.72817978800003,10.836729785000045
0,106.72834278400006,10.83549178000004,106.72878378600006,10.836596832000055
1,106.72733478200007,10.834808784000074,106.72874477700009,10.836025782000036
0,106.72797478500007,10.835603783000067,106.72839778400004,10.836025782000036
0,106.72758378400005,10.835623784000063,106.72805778600008,10.835933785000066
0,106.72768258900004,10.835441785000057,106.72797878200004,10.83567378400005
0,106.72795678100005,10.835290782000072,106.72842978200003,10.835732782000036
0,106.72763478200005,10.835319784000035,106.72806378200005,10.835531783000022
0,106.72831777700009,10.83516878100005,106.72873578100007,10.835582779000049
0,106.72754235300005,10.835237784000071,106.72799478200005,10.835435178000068
0,106.72796378000004,10.83513378300006,106.72841778000009,10.835388781000063
0,106.72733478200007,10.834808784000074,106.72812278200007,10.835488785000052
0,106.72834677700007,10.834872779000023,106.72874477700009,10.835248781000075
1,106.72853178200006,10.833521776000055,106.73041677900005,10.83709078000004
0,106.72940278700008,10.836798774000044,106.72989978800007,10.837063775000047
0,106.72903778900007,10.836807776000057,106.72940978500009,10.83705377800004
0,106.72864878800004,10.836624780000022,106.72908378600005,10.83709078000004
0,106.72905178800005,10.836628776000055,106.72940678700007,10.836916777000056
0,106.72967078600004,10.83659177100003,106.73023678400006,10.836941774000024
0,106.72899378400007,10.836418777000063,106.72941578600006,10.836788778000027
0,106.72894178500007,10.835886773000027,106.73031977900007,10.836921775000064
0,106.72853178200006,10.835096778000036,106.72913477800006,10.836602778000042
0,106.72943678200005,10.834817422000071,106.73041677900005,10.836709772000063
0,106.72884378300006,10.833521776000055,106.72949777700006,10.836604776000058
1,106.72858542900008,10.832168772000045,106.72997975900006,10.836131777000048
0,106.72899713100009,10.833505772000024,106.72992777900004,10.836131777000048
0,106.72862477800004,10.833851775000028,106.72903877700008,10.835259778000022
0,106.72871025300009,10.833583775000022,106.72909137300007,10.833922655000038
0,106.72899276800007,10.833256773000073,106.72944305200008,10.833795775000056
0,106.72860484700004,10.83309977600004,106.72906076700008,10.833725239000046
0,106.72858542900008,10.832849776000046,106.72896676600004,10.833273778000034
0,106.72932076500007,10.83221577200004,106.72997975900006,10.83366477100003
0,106.72886176300005,10.832441774000074,106.72946976600008,10.833376774000044
0,106.72865540800007,10.83241677500007,106.72905176400008,10.832895448000045
0,106.72931989200003,10.832168772000045,106.72972276100006,10.83280777400006
1,106.72732377700004,10.831893777000062,106.72877676900004,10.835192783000025
0,106.72803177900005,10.834915782000053,106.72831678100005,10.835192783000025
0,106.72794378000003,10.834498780000047,106.72844577700005,10.835086783000065
0,106.72816177900006,10.833258778000072,106.72877676900004,10.83494378100005
0,106.72732377700004,10.832721781000032,106.72840977500005,10.83498078100007
0,106.72783999800004,10.832768780000038,106.72855976700004,10.834771781000029
0,106.72832376800005,10.832771679000075,106.72876376300007,10.833341780000069
0,106.72831676500005,10.832402778000073,106.72874297100009,10.832893779000074
0,106.72755276500004,10.832356783000023,106.72806526000005,10.83291678300003
0,106.72795176400007,10.83236678000003,106.72843776700006,10.832885781000073
0,106.72832776300004,10.831893777000062,106.72873975900006,10.832541777000074
1,106.72562177100008,10.831171785000038,106.72768677400006,10.834390789000054
0,106.72671877800008,10.832404784000062,106.72768677400006,10.834390789000054
0,106.72599611500004,10.833004789000029,106.72665077200008,10.833604792000074
0,106.72599177300003,10.83173110000007,106.72661976400008,10.833231794000028
0,106.72707776500005,10.832094785000038,106.72765076400009,10.832563785000048
0,106.72562177100008,10.83124106300005,106.72627476200006,10.832684794000045
0,106.72701376100008,10.831644786000027,106.72765076400009,10.832226784000056
0,106.72648476500007,10.831534301000033,106.72718876500005,10.83225907600007
0,106.72708476100007,10.831171785000038,106.72765076000007,10.831824786000027
0,106.72610947900006,10.831186789000071,106.72672667200004,10.831805313000075
0,106.72636726200005,10.831192786000031,106.72724476100007,10.831769790000067
1,106.72862275600005,10.830536775000041,106.72987275100007,10.83260877400005
0,106.72863976200006,10.83220377400005,106.72906276100008,10.83260877400005
0,106.72900676000006,10.832231773000046,106.72944275900005,10.832577775000061
0,106.72931622400006,10.832006771000067,106.72978275600008,10.832280771000057
0,106.72896475900006,10.831880775000059,106.72943403700003,10.832335774000057
0,106.72862276000006,10.831768776000047,106.72910575900005,10.832203777000075
0,106.72870875600006,10.831359773000031,106.72910075600004,10.83183877600004
0,106.72936975700009,10.831071770000051,106.72987275100007,10.832087772000023
0,106.72884075100006,10.830536775000041,106.72978375500008,10.831993773000022
0,106.72862275600005,10.830865776000053,106.72901475500004,10.831441776000077
0,106.72941475000005,10.830720770000028,106.72985875000006,10.83116177100004
2,106.70927582500008,10.831790332000026,106.72200979100006,10.835927090000041
1,106.71587990300009,10.833696841000062,106.71839580400007,10.835927090000041
0,106.71651681300006,10.834784075000073,106.71750008700008,10.835840847000043
0,106.71587990300009,10.834787851000044,106.71676781400004,10.835625571000037
0,106.71713633700006,10.833696841000062,106.71839580400007,10.835927090000041
0,106.71663602000007,10.834484968000027,106.71755544700005,10.83502810400006
0,106.71593281100007,10.834644854000032,106.71664380800007,10.83483685400006
0,106.71591181100007,10.834538852000037,106.71666280900007,10.834722851000038
0,106.71653180900006,10.834286001000066,106.71761867500004,10.834739286000058
0,106.71589280800004,10.834217203000037,106.71665280500008,10.834575853000047
0,106.71661180900009,10.834080628000038,106.71769610000007,10.834488946000022
0,106.71594480800007,10.834003852000023,106.71661880600004,10.83424085400003
1,106.71404481700006,10.834278862000076,106.71658181200007,10.835252855000022
0,106.71553581400008,10.834986854000022,106.71594181400008,10.835252855000022
0,106.71538581500005,10.834860857000024,106.71598581400008,10.835108856000033
0,106.71486681700009,10.834776858000055,106.71541781600007,10.835077859000023
0,106.71535781500006,10.834769858000072,106.71595981300004,10.834973856000033
0,106.71591281200006,10.834695852000038,106.71658181200007,10.834950852000077
0,106.71540681400006,10.83461885500003,106.71595681100007,10.834901856000045
0,106.71503481600007,10.834552856000073,106.71540881200008,10.834840857000074
0,106.71538281200009,10.834509853000043,106.71595380900004,10.834725854000055
0,106.71404481700006,10.834278862000076,106.71495981200007,10.834948862000033
0,106.71594681300007,10.834388850000039,106.71657480700009,10.834693852000044
1,106.70927582500008,10.833597874000077,106.71477281000006,10.834762867000052
0,106.71227381900007,10.833866872000044,106.71387681600004,10.834762867000052
0,106.71350294400008,10.833959608000043,106.71477281000006,10.834356864000029
0,106.70927582500008,10.83394688200002,106.71109082000004,10.834363885000073
0,106.71191881900006,10.834045875000072,106.71228981800004,10.834157875000074
0,106.71192982100007,10.833912875000067,106.71230781700007,10.83408087600003
0,106.71146182000007,10.833745190000059,106.71231981600005,10.834124877000022
0,106.70941982600004,10.833738882000034,106.71151882100008,10.834118889000024
0,106.70927582500008,10.833704891000025,106.71113281900006,10.834029886000053
0,106.71255181600009,10.833597874000077,106.71351981300006,10.834081869000045
0,106.71168381800004,10.833723877000068,106.71234081700004,10.833928874000037
1,106.71351681200008,10.833611698000027,106.71659757800006,10.834646855000074
0,106.71538581100003,10.834320856000033,106.71597381100008,10.834646855000074
0,106.71472881300008,10.83432585600002,106.71537181000008,10.834632859000067
0,106.71538081200003,10.834159872000043,106.71588580700006,10.83445785500004
0,106.71590680900005,10.83421284800005,106.71659757800006,10.834381350000058
0,106.71474881400007,10.834179858000027,106.71538781000004,10.834409859000061
0,106.71544881000005,10.834007856000028,106.71595180800006,10.834298852000074
0,106.71478881100006,10.833989856000073,106.71540681000005,10.834275857000023
0,106.71351681200008,10.833878868000056,106.71479381000006,10.834134863000031
0,106.71481781200004,10.833861859000024,106.71536180800007,10.834102856000072
0,106.71531166000005,10.833611698000027,106.71602269500005,10.834219856000061
1,106.71585580800007,10.832441844000073,106.71899579600006,10.835429840000074
0,106.71805780100004,10.832698836000077,106.71899579600006,10.835429840000074
0,106.71606380900005,10.833862846000045,106.71721664900008,10.834235848000048
0,106.71585580800007,10.833606699000029,106.71676880400008,10.834171852000054
0,106.71656880400008,10.833723512000063,106.71756280000005,10.833976843000073
0,106.71657180300008,10.833667848000061,106.71723644300005,10.83386910400003
0,106.71667680300004,10.833392849000063,106.71756680000004,10.833689843000059
0,106.71655580000004,10.833185849000074,106.71759879800004,10.833571848000076
0,106.71746979800008,10.832553841000049,106.71821779300006,10.83384684300006
0,106.71657579900005,10.832987847000027,106.71763779700007,10.833294843000033
0,106.71662179800006,10.832441844000073,106.71754479400005,10.833091844000023
1,106.70945782300004,10.833299896000028,106.71478280600007,10.833973871000069
0,106.71138881800005,10.833633880000036,106.71236181500007,10.833876879000059
0,106.71259581700008,10.833500074000028,106.71355781100004,10.833973871000069
0,106.70948682300008,10.83354788500003,106.71132481900008,10.833860883000057
0,106.71128682000005,10.833435874000031,106.71260781300003,10.833903873000054
0,106.71257181400006,10.83339386800003,106.71338981000008,10.833798870000066
0,106.71147181600008,10.83340187400006,106.71259881200007,10.833718877000024
0,106.70973982100008,10.833299896000028,106.71137181500006,10.833717886000045
0,106.71338781200006,10.833310867000023,106.71478280600007,10.833653862000062
0,106.71135681700008,10.83335687500005,106.71238881500005,10.833602873000075
0,106.70945782300004,10.833323892000067,106.71138681700006,10.833584889000065
1,106.71753780000006,10.831790332000026,106.72200979100006,10.835335831000066
0,106.71874180600008,10.834286833000021,106.71989680100006,10.83532783100003
0,106.72041980300008,10.833236947000046,106.72200979100006,10.83531782600005
0,106.71941379900005,10.83246082900007,106.72039380200005,10.835335831000066
0,106.72048078800009,10.832908757000041,106.72143278400006,10.833514825000066
0,106.71753780000006,10.831790332000026,106.72030179400008,10.834558836000042
0,106.72048078800009,10.832769824000025,106.72134732700005,10.833182631000057
0,106.72043678600005,10.832402825000031,106.72156313300007,10.832917168000051
0,106.72068178500007,10.832222823000052,106.72142978000005,10.832615821000047
0,106.72043478300009,10.831985823000025,106.72116878100007,10.83240782300004
0,106.71811678900008,10.831837914000062,106.71902400300007,10.832479721000027
1,106.71337480700004,10.832513859000073,106.71663980000005,10.83399494200006
0,106.71352381300005,10.833732863000023,106.71483280900009,10.83399494200006
0,106.71484180800007,10.833684859000073,106.71547753900006,10.83393538000007
0,106.71355981400006,10.833475861000068,106.71479880700008,10.833845860000054
0,106.71467080900004,10.83345885600005,106.71539905900005,10.833839450000028
0,106.71537484900006,10.833303853000075,106.71591980400007,10.833790853000039
0,106.71476080600007,10.832970855000042,106.71543680200006,10.833633859000031
0,106.71587580100004,10.832999852000057,106.71660580400004,10.833560848000047
0,106.71536380600008,10.832984855000063,106.71603480200008,10.833457855000063
0,106.71588480000008,10.832706852000058,106.71663980000005,10.833102849000056
0,106.71337480700004,10.832513859000073,106.71507980200005,10.833192865000058
1,106.70949982100007,10.832769885000062,106.71478480700006,10.833548879000034
0,106.71151081700003,10.833264879000069,106.71203881400004,10.833548879000034
0,106.71256323600005,10.833073870000021,106.71355081000007,10.833531869000069
0,106.71343781000007,10.833075863000033,106.71478480700006,10.833471861000021
0,106.71134481500007,10.833124873000031,106.71259167700003,10.833408879000046
0,106.71255081400005,10.833018870000046,106.71346180700004,10.833472870000037
0,106.70949982100007,10.832843885000045,106.71144581500005,10.833467881000047
0,106.71256581200004,10.832981872000062,106.71366080800004,10.833254870000076
0,106.71151381300007,10.832886876000032,106.71245981000004,10.833325874000025
0,106.71134581400008,10.83286087700003,106.71255081000004,10.833258877000048
0,106.70954481900009,10.832769885000062,106.71057981600006,10.833285886000056
1,106.70955281800008,10.832235869000044,106.71362080800009,10.833128866000038
0,106.71137981400005,10.832805879000034,106.71245481100004,10.833103873000027
0,106.71019153500004,10.832792888000029,106.71066581700006,10.833020883000074
0,106.71260681100006,10.832655869000064,106.71362080800009,10.833128866000038
0,106.71141181300004,10.832732878000058,106.71237481000009,10.832935901000042
0,106.70955281800008,10.832670882000059,106.71134381200005,10.832950887000038
0,106.71143581200005,10.832620878000057,106.71223280800007,10.83281187600005
0,106.70957281700004,10.832532881000077,106.71135781300006,10.83283588200004
0,106.71144781200007,10.83226187300005,106.71267780500006,10.832972873000074
0,106.71058581200003,10.832480884000063,106.71136281000008,10.832681879000063
0,106.71264519500005,10.832235869000044,106.71342880500004,10.832861869000055
2,106.72960375500008,10.826669760000073,106.73700575700008,10.838790753000069
1,106.73094877200003,10.834477764000042,106.73341677000008,10.838424757000041
0,106.73107978900003,10.837842765000062,106.73164978600005,10.838144764000049
0,106.73262177700008,10.835558752000054,106.73341677000008,10.838424757000041
0,106.73208366400007,10.835406756000054,106.73313553100007,10.838077758000054
0,106.73151378600005,10.835644761000026,106.73227440100004,10.837670762000073
0,106.73148777100005,10.834937952000075,106.73232077000006,10.83608576100005
0,106.73221867300003,10.835064068000065,106.73288676700008,10.835743756000056
0,106.73274476800009,10.835108753000043,106.73334977000007,10.835668755000029
0,106.73094877200003,10.834477764000042,106.73180310400005,10.835362763000035
0,106.73161606300005,10.834609761000024,106.73230776700007,10.835096759000066
0,106.73214262700009,10.834500757000058,106.73285676600005,10.83518662800003
1,106.73304947300005,10.833264739000072,106.73700575700008,10.838790753000069
0,106.73305305400004,10.836061748000077,106.73443876800008,10.838790753000069
0,106.73545671200009,10.836821422000071,106.73669676600008,10.837608129000046
0,106.73399977700007,10.836599745000058,106.73586777200006,10.83756694300007
0,106.73530676800004,10.83655873500004,106.73657876500005,10.837073739000061
0,106.73399777000009,10.835618746000023,106.73580176400009,10.83696274500005
0,106.73304947300005,10.834942269000067,106.73417976600007,10.836684752000053
0,106.73530575900008,10.834158737000052,106.73700575700008,10.836919738000063
0,106.73396763400007,10.83450173700004,106.73562075600006,10.836065744000052
0,106.73323875900007,10.834051748000036,106.73429976100005,10.835416747000068
0,106.73401344900009,10.833264739000072,106.73573675200004,10.83518474400006
1,106.72965777200005,10.833622766000076,106.73168577300004,10.837790768000048
0,106.72989978600003,10.836816770000041,106.73023478400006,10.837077773000033
0,106.73051878700005,10.83531276900004,106.73111978100007,10.837790768000048
0,106.73010678200006,10.834975769000039,106.73070978100009,10.836936770000023
0,106.73079377300007,10.835083763000057,106.73168577300004,10.83603355300005
0,106.73042383300009,10.834490766000044,106.73110377300009,10.835380766000071
0,106.73009077100005,10.834496768000065,106.73069877000006,10.835056768000072
0,106.72978646800004,10.834460326000055,106.73024241600007,10.834856947000048
0,106.73013276900008,10.833945767000046,106.73074970500005,10.834612768000056
0,106.73055376600007,10.833622766000076,106.73126276500005,10.834655766000026
0,106.72965777200005,10.833627770000021,106.73026976800008,10.834619771000064
1,106.73090975700006,10.832215998000038,106.73342775300006,10.835221756000067
0,106.73274476300008,10.834361753000053,106.73340276400006,10.835221756000067
0,106.73214776300006,10.83415975400004,106.73289576200006,10.834756756000047
0,106.73274076200005,10.833977753000056,106.73338476000004,10.83456575200006
0,106.73122576600008,10.833374757000058,106.73229776500006,10.834755761000054
0,106.73211476100005,10.833176335000076,106.73296575500007,10.834272755000029
0,106.73277293100006,10.832725750000066,106.73342775300006,10.833583751000049
0,106.73188175800004,10.832775756000046,106.73285475400007,10.833493757000042
0,106.73145375800004,10.83257868000004,106.73209775500004,10.833511757000053
0,106.73090975700006,10.832215998000038,106.73172275500008,10.833623760000023
0,106.73268174900005,10.832230752000044,106.73335875000004,10.832914751000033
1,106.72974176400004,10.832666766000045,106.73157376100005,10.834757762000038
0,106.73085976500005,10.833288762000052,106.73157376100005,10.834757762000038
0,106.73012276900005,10.833677119000072,106.73068086600006,10.834207770000035
0,106.73012776500008,10.83341576600003,106.73065876200008,10.833797769000057
0,106.73057876200005,10.833298766000041,106.73102676200006,10.833770766000043
0,106.72974176400004,10.833163771000045,106.73026976300008,10.833792771000049
0,106.73017660700003,10.83308476700006,106.73063876300006,10.833541768000032
0,106.73055776300004,10.83284276300003,106.73121776000005,10.83338576400007
0,106.72977576400007,10.832746769000039,106.73025276200008,10.833273771000052
0,106.73018176100004,10.832666766000045,106.73071076000008,10.833219586000041
0,106.73058175900007,10.832711765000056,106.73102075900005,10.832968766000022
1,106.73279575800007,10.830388747000029,106.73511175000004,10.834314749000043
0,106.73325576000008,10.833660747000067,106.73422475700005,10.834314749000043
0,106.73279575800007,10.833538752000038,106.73341475900008,10.834089751000022
0,106.73324875400004,10.83347475100004,106.73418975500005,10.833890747000055
0,106.73338975600007,10.833311748000028,106.73415075300005,10.833660747000067
0,106.73326643300004,10.832868747000077,106.73404375100006,10.83347475100004
0,106.73399374500008,10.831965743000069,106.73511175000004,10.833819744000039
0,106.73326774900005,10.832186751000052,106.73412274600008,10.833015749000026
0,106.73286774900004,10.831883750000031,106.73342375000004,10.832536749000042
0,106.73293574100006,10.830575746000022,106.73436474300007,10.832520749000025
0,106.73336873700003,10.830388747000029,106.73366373600004,10.830616749000058
1,106.73093575200005,10.830675848000055,106.73340674600007,10.833100708000075
0,106.73153292600006,10.831730093000033,106.73234775200007,10.832808756000077
0,106.73194674600006,10.831107754000072,106.73296674700003,10.833100708000075
0,106.73093575200005,10.83163576100003,106.73173930500008,10.832531998000036
0,106.73264631500007,10.831545753000057,106.73340674600007,10.832054751000044
0,106.73100878500009,10.831270760000052,106.73165000200004,10.831884985000045
0,106.73147738500006,10.831018593000067,106.73226274900009,10.831902756000034
0,106.73245674200007,10.830943753000042,106.73288774200006,10.83151375400007
0,106.73160150600006,10.830915619000052,106.73226892400004,10.831188896000072
0,106.73170196000007,10.830835088000072,106.73223452700006,10.831023867000056
0,106.73155717500003,10.830675848000055,106.73214278500006,10.830920811000055
1,106.72960375500008,10.829958759000021,106.73178392900007,10.833023771000057
0,106.73056675900006,10.832257764000076,106.73114575600005,10.832804767000027
0,106.72960375500008,10.831242768000038,106.73056875900005,10.833023771000057
0,106.73067344400005,10.83144676300003,106.73114174900007,10.832335765000039
0,106.73011675300006,10.83104376600005,106.73080794500004,10.832566765000024
0,106.73059575000008,10.830915763000064,106.73125774800008,10.831619764000038
0,106.72972675000005,10.830782768000063,106.73027174700007,10.83137077200007
0,106.73080574400007,10.829958759000021,106.73178392900007,10.831630589000042
0,106.73055474900008,10.83044076300007,106.73103174700009,10.831054763000054
0,106.73011274500004,10.830183767000051,106.73067974300005,10.831147766000072
0,106.72981174600005,10.83042376700007,106.73027274500004,10.830872768000063
1,106.72972574500005,10.828800762000071,106.73165973800008,10.830576764000057
0,106.72972574500005,10.830061768000064,106.73023974200004,10.830559769000047
0,106.73055074300004,10.829912763000038,106.73109274300003,10.830576764000057
0,106.73028874200008,10.829949765000038,106.73069974200007,10.830409764000024
0,106.73014674100006,10.829718766000042,106.73061374300005,10.830084767000073
0,106.72980974300003,10.829569767000066,106.73029274100008,10.83020676700005
0,106.73059474100006,10.829607984000063,106.73110805900006,10.830084512000042
0,106.73094460800007,10.829395760000068,106.73165973800008,10.830076759000065
0,106.73016873900008,10.829395765000072,106.73068473800004,10.82980976600004
0,106.72973574100007,10.829057767000052,106.73025574000008,10.82972976700006
0,106.73056674000009,10.828800762000071,106.73107073400007,10.829712765000068
1,106.73055861600005,10.826669760000073,106.73346673800006,10.831717292000064
0,106.73264774600005,10.829669354000032,106.73346673800006,10.831717292000064
0,106.73147574200004,10.83010075900006,106.73232573900003,10.830765928000062
0,106.73214674200005,10.829653750000034,106.73345273600006,10.831162754000047
0,106.73154574000006,10.829882758000053,106.73223873900008,10.830267757000058
0,106.73151273900004,10.82965675500003,106.73226973600003,10.830016758000056
0,106.73156673400007,10.829151757000034,106.73232484400006,10.829810758000065
0,106.73213073700003,10.828425888000027,106.73290789200007,10.829979754000021
0,106.73094873500008,10.828823760000034,106.73169073600008,10.829577758000028
0,106.73138273000006,10.828287757000055,106.73233873100008,10.829302755000072
0,106.73055861600005,10.826669760000073,106.73314673300007,10.829680750000023
2,106.71825278200004,10.828483795000068,106.72624102100008,10.834334840000054
1,106.72370995300008,10.832538793000026,106.72620677200007,10.834334840000054
0,106.72409578400004,10.833978805000072,106.72444280800005,10.834334840000054
0,106.72483078300007,10.833636082000055,106.72556977800008,10.834171796000021
0,106.72438578100008,10.833654801000023,106.72490478300006,10.834076801000037
0,106.72547677900008,10.833616794000022,106.72601877700004,10.83385779400004
0,106.72484578100006,10.833483798000032,106.72557877600008,10.833799800000065
0,106.72548777700007,10.833366109000053,106.72612477700005,10.833748795000076
0,106.72503611900004,10.833267798000065,106.72553277600008,10.83355479900007
0,106.72370995300008,10.832684946000029,106.72465478200007,10.833757803000026
0,106.72415477800007,10.832616801000029,106.72516277900007,10.83375280100006
0,106.72527377500006,10.832538793000026,106.72620677200007,10.833761795000044
1,106.72137578700006,10.832940819000044,106.72377433800006,10.833762817000036
0,106.72154179000006,10.833413815000029,106.72234978700004,10.833762817000036
0,106.72294278400005,10.833483735000073,106.72334405500004,10.833655810000039
0,106.72233978600008,10.833404813000072,106.72300578500005,10.833688813000037
0,106.72296078400007,10.833245808000072,106.72375678200007,10.833658806000074
0,106.72230378500007,10.833343816000024,106.72294778300005,10.833539813000073
0,106.72197278600004,10.833271816000035,106.72231878500008,10.833538816000043
0,106.72238278400005,10.833291814000063,106.72295778200004,10.83341781300004
0,106.72227378500008,10.83315381600005,106.72296578200007,10.833353815000066
0,106.72137578700006,10.832940819000044,106.72233078200009,10.833522819000052
0,106.72298178500006,10.833001720000027,106.72377433800006,10.833434810000028
1,106.72140125100009,10.832080809000047,106.72376977400006,10.833347808000042
0,106.72229228800006,10.832954814000061,106.72301058500005,10.833293811000033
0,106.72298984700006,10.832749810000053,106.72367477900008,10.833347808000042
0,106.72152678500004,10.832787815000074,106.72232978200009,10.833107648000066
0,106.72329077900008,10.832795807000025,106.72366677900004,10.833030807000057
0,106.72229478200006,10.832654220000052,106.72306077900004,10.833023813000068
0,106.72140125100009,10.832379977000073,106.72228078200004,10.833090667000022
0,106.72235278100004,10.83246781400004,106.72299077900004,10.832766608000043
0,106.72151543500007,10.83234281800003,106.72237048300008,10.832862818000024
0,106.72231248400004,10.832454814000073,106.72300477800007,10.832622237000066
0,106.72297878000006,10.832080809000047,106.72376977400006,10.83287180700006
1,106.72373731400006,10.831436801000052,106.72573277000004,10.83340879800005
0,106.72458277400005,10.832382801000051,106.72559877200007,10.83340879800005
0,106.72373731400006,10.832266901000025,106.72452077400004,10.832999804000053
0,106.72439177200005,10.832219804000033,106.72474877200005,10.832697801000052
0,106.72486777300008,10.831980798000075,106.72573277000004,10.832807798000033
0,106.72374577600004,10.832005804000062,106.72443577400009,10.832558806000065
0,106.72438777200006,10.831935799000064,106.72502663700004,10.832432801000039
0,106.72435277200009,10.831741801000021,106.72497076900004,10.832064801000058
0,106.72386077200008,10.831733804000066,106.72445577100007,10.831945804000043
0,106.72385077300004,10.831605804000048,106.72440177100003,10.831844803000024
0,106.72432877100005,10.831436801000052,106.72490776800004,10.831878799000037
1,106.72130578100007,10.831372814000076,106.72436577000008,10.832587817000046
0,106.72233377900005,10.83236981500005,106.72301677800004,10.832500811000045
0,106.72234578000007,10.832208812000033,106.72302877800007,10.83242381100007
0,106.72130578100007,10.832005820000063,106.72239077700004,10.832587817000046
0,106.72296077600004,10.831964808000066,106.72379377300007,10.832379806000063
0,106.72236721400009,10.831664813000032,106.72300577500005,10.832488812000065
0,106.72373177300005,10.831798802000037,106.72436577000008,10.832170804000043
0,106.72292977300003,10.831622809000066,106.72388777200007,10.832106809000038
0,106.72221577900007,10.831474542000024,106.72300837100005,10.83217281100002
0,106.72142178000007,10.831504817000052,106.72243877500006,10.832111815000076
0,106.72165277600004,10.831372814000076,106.72245577400008,10.831641815000069
1,106.71825278200004,10.830692819000035,106.72153577600005,10.832556827000076
0,106.72090078000008,10.831680823000056,106.72146077800005,10.83225882000005
0,106.71881236000007,10.831662833000053,106.71961878300004,10.831920831000048
0,106.71914178300005,10.830828825000026,106.72055477500004,10.832556827000076
0,106.71884078500005,10.831503831000077,106.71964678500007,10.83182983200004
0,106.71828278600009,10.831309834000024,106.71895222100005,10.83185383700004
0,106.71880554300009,10.83124183600006,106.71943978100006,10.831684835000033
0,106.72005278000006,10.83095082400007,106.72153577600005,10.831825824000077
0,106.71878378300005,10.830959833000065,106.71966477800004,10.831390205000048
0,106.71825278200004,10.830895837000071,106.71887978200004,10.831242835000069
0,106.72112264700007,10.830692819000035,106.72153277300004,10.831315818000064
1,106.72141477600007,10.830916806000062,106.72402876900009,10.831759807000026
0,106.72299477300004,10.831250805000025,106.72402876900009,10.831759807000026
0,106.72233877300005,10.831175811000037,106.72290887900004,10.831748811000068
0,106.72141477600007,10.831330818000026,106.72219677500004,10.831532818000028
0,106.72152277600009,10.831251813000051,106.72234577300009,10.831459817000052
0,106.72296230000006,10.831095809000033,106.72355770500008,10.831536810000046
0,106.72234177300004,10.83113981300005,106.72304577100005,10.831479810000076
0,106.72141777400009,10.831133814000054,106.72238277100007,10.831361814000047
0,106.72156977400005,10.831007818000046,106.72233577200006,10.831380817000024
0,106.72261977000005,10.831100811000056,106.72294876900008,10.83126081100005
0,106.72297235100007,10.830916806000062,106.72386076800007,10.831277811000064
1,106.72137977200003,10.830254811000032,106.72386176600008,10.831183818000056
0,106.72146977400007,10.830959817000064,106.72210777300006,10.831183818000056
0,106.72232277200004,10.830853811000054,106.72300276800007,10.831182811000076
0,106.72302977200007,10.83080280400003,106.72386176600008,10.831152807000024
0,106.72149377300008,10.830796816000031,106.72233977000008,10.83109481200006
0,106.72267876900008,10.830760810000072,106.72303976800004,10.831012809000072
0,106.72149477400006,10.830493816000057,106.72236176900009,10.831008816000065
0,106.72236276900009,10.830574812000066,106.72289676800006,10.830927812000027
0,106.72137977200003,10.83054181500006,106.72236976900007,10.830826288000026
0,106.72139077100007,10.830480817000023,106.72240576900003,10.830742814000075
0,106.72234176700005,10.830254811000032,106.72297476500006,10.830732810000029
1,106.71842978000006,10.829683825000075,106.72140476900006,10.831270828000072
0,106.71961878100007,10.830537827000057,106.72029777600005,10.831270828000072
0,106.71877378100004,10.830576593000046,106.71974077700008,10.83113183100005
0,106.71842978000006,10.830633836000061,106.71899077900008,10.830866835000052
0,106.71873578000009,10.830446830000028,106.71966877600005,10.831017088000067
0,106.71961977700005,10.830478828000025,106.72004077300005,10.830741828000043
0,106.72020577500007,10.829923822000069,106.72140476900006,10.83107182200007
0,106.71875577700007,10.830195834000051,106.71963477600008,10.830587832000049
0,106.71945577700006,10.830147641000053,106.72029377300004,10.830591826000045
0,106.71878677700005,10.829980833000036,106.71973577200004,10.830530832000022
0,106.71961877100006,10.829683825000075,106.72051577000008,10.830361824000022
1,106.72366347900004,10.828483795000068,106.72624102100008,10.832115797000029
0,106.72397877000009,10.831470803000059,106.72440976800004,10.831700804000036
0,106.72399176900007,10.831111804000045,106.72446376700009,10.831678805000024
0,106.72472329800007,10.830011795000075,106.72564375800005,10.832115797000029
0,106.72515418600005,10.83049079400007,106.72624102100008,10.831445460000054
0,106.72439176900008,10.830135798000072,106.72491275800007,10.831596800000057
0,106.72366347900004,10.829024804000028,106.72488675500006,10.831261805000054
0,106.72541975500008,10.829675794000025,106.72592175700004,10.830332794000071
0,106.72438475500007,10.828791801000023,106.72502975600008,10.83042879900006
0,106.72475775500004,10.828483795000068,106.72562575400008,10.830208794000043
0,106.72381170400007,10.828497802000072,106.72447575000007,10.829221801000074
2,106.70958681600007,10.828178855000033,106.71888377200008,10.833433856000056
1,106.71593679800009,10.831605841000055,106.71884952100004,10.832931837000046
0,106.71593679800009,10.832358849000059,106.71665779600005,10.832825849000074
0,106.71783859500005,10.832214838000027,106.71882879100008,10.832931837000046
0,106.71658579500007,10.832353848000025,106.71725579500009,10.832725845000027
0,106.71744979400006,10.831605841000055,106.71828979100007,10.832807842000022
0,106.71614379500005,10.832104850000064,106.71660879400008,10.832300850000024
0,106.71660079600008,10.831908843000065,106.71758778900005,10.832475843000054
0,106.71817179000004,10.831833837000033,106.71868378600004,10.832140367000022
0,106.71674279200005,10.831881843000076,106.71755078900009,10.832091843000057
0,106.71663251200005,10.831779845000028,106.71747478900005,10.832024846000024
0,106.71821078700003,10.83164083500003,106.71884952100004,10.832036838000022
1,106.71349179800006,10.831047859000023,106.71662779300004,10.833433856000056
0,106.71463380300008,10.831971860000067,106.71538379700007,10.833433856000056
0,106.71506880300007,10.83199985400006,106.71604580100006,10.833146852000027
0,106.71586709700006,10.832084534000046,106.71660479600007,10.832611850000035
0,106.71588801300004,10.831930850000049,106.71662779300004,10.832162849000042
0,106.71541579900008,10.831761853000046,106.71588079300005,10.83212685500007
0,106.71349780000008,10.831601861000024,106.71478479700005,10.832183866000037
0,106.71467479900008,10.831633857000043,106.71546879500005,10.832106854000074
0,106.71475979500008,10.831408857000042,106.71528479200003,10.831700858000033
0,106.71533679300006,10.831200855000077,106.71592779000008,10.831862852000029
0,106.71349179800006,10.831047859000023,106.71483979200008,10.83174286600007
1,106.70958681600007,10.830607885000063,106.71476080100007,10.832780884000044
0,106.71146881100009,10.832359876000055,106.71226881000007,10.832622874000037
0,106.70958681600007,10.832142889000067,106.71141580900007,10.832780884000044
0,106.71057381400004,10.832296883000026,106.71096481200004,10.832463881000024
0,106.71338980700006,10.831966863000048,106.71476080100007,10.832701863000068
0,106.71148581100005,10.83198387400006,106.71232380500004,10.832431878000023
0,106.71249880500005,10.831962865000037,106.71357080300004,10.832426866000048
0,106.70965981200004,10.831628888000068,106.71144580800006,10.832405877000042
0,106.71253680600006,10.831661516000054,106.71350180200005,10.832184871000038
0,106.71127980800009,10.831292876000077,106.71258680000005,10.832292873000029
0,106.70973081100004,10.830607885000063,106.71162180200008,10.83208687900003
1,106.71586038000004,10.830843844000071,106.71885478100006,10.832116850000034
0,106.71665040600004,10.831663843000058,106.71769279100005,10.831919842000048
0,106.71586038000004,10.831259852000073,106.71670568400003,10.832116850000034
0,106.71669130000004,10.831516323000073,106.71733379000005,10.831839846000037
0,106.71736079100003,10.83128283800005,106.71831478500008,10.83181483800007
0,106.71595778700004,10.831283850000034,106.71659678800006,10.831545443000039
0,106.71817278500004,10.83104783400006,106.71885478100006,10.83162883500006
0,106.71750890900006,10.831046839000066,106.71825981000006,10.831472287000054
0,106.71655752800007,10.830843844000071,106.71760680200003,10.831628842000043
0,106.71593779200003,10.831031848000066,106.71659958000004,10.831216555000026
0,106.71594379100009,10.83085385000004,106.71662378700006,10.83114024200006
1,106.70971280500004,10.829965883000057,106.71492078900008,10.831772866000051
0,106.71170580200004,10.831056876000048,106.71238180200004,10.831580874000053
0,106.71109380200005,10.830652878000024,106.71198880000009,10.831221877000075
0,106.71256818800003,10.82997186800003,106.71400606900005,10.831772866000051
0,106.71315879700006,10.830419858000027,106.71492078900008,10.831218866000029
0,106.71135079900006,10.830113876000041,106.71315479600008,10.831341868000038
0,106.70976580400009,10.830470228000024,106.71133779800005,10.830975885000043
0,106.70971280500004,10.830277885000044,106.71133979900009,10.830616878000058
0,106.70993880200007,10.830249887000036,106.71134179700005,10.830588884000065
0,106.70974080200006,10.830035880000025,106.71131979700004,10.830356877000042
0,106.70974180000007,10.829965883000057,106.71093979800008,10.83029188300003
1,106.71634878500004,10.830048842000053,106.71883878200003,10.831167605000076
0,106.71753069200008,10.830674506000037,106.71835878000007,10.831167605000076
0,106.71820910800005,10.830770834000077,106.71883878200003,10.831055838000054
0,106.71634878500004,10.830443843000069,106.71758914700007,10.831146844000045
0,106.71752977000006,10.830438839000067,106.71822062800004,10.830801841000039
0,106.71818078000007,10.830393836000042,106.71879377700009,10.830767838000043
0,106.71756378200007,10.83035983800005,106.71824577900009,10.830624839000052
0,106.71821078000005,10.830312837000065,106.71864178000004,10.830486836000034
0,106.71778614400006,10.830235838000021,106.71824377900003,10.830455838000034
0,106.71658978400006,10.830048842000053,106.71762378000005,10.830613846000062
0,106.71822177800004,10.830245836000074,106.71868777800006,10.830383836000067
1,106.71346078700009,10.829565866000053,106.71667578300008,10.831587857000045
0,106.71593078900008,10.831111670000041,106.71659075700006,10.831341848000022
0,106.71479949700006,10.830819723000047,106.71549678800005,10.831587857000045
0,106.71537579200009,10.830821853000032,106.71593878800007,10.831284852000067
0,106.71595079000008,10.830841848000034,106.71640978800008,10.830998850000071
0,106.71482878900008,10.83031485500004,106.71545878600006,10.831103204000044
0,106.71541746900004,10.830288731000053,106.71594778700006,10.830860853000047
0,106.71579849700004,10.830139848000044,106.71667578300008,10.830942850000042
0,106.71485678700009,10.830125854000073,106.71546078700004,10.830528854000022
0,106.71488578600008,10.829750857000022,106.71526878500003,10.830330855000057
0,106.71346078700009,10.829565866000053,106.71493578500008,10.830473858000062
1,106.71653578200005,10.82946483400002,106.71888377200008,10.83045883400007
0,106.71818777700008,10.830071836000059,106.71879477500005,10.83045883400007
0,106.71750678100005,10.830101839000065,106.71822777800008,10.83037784000004
0,106.71822077600007,10.83000383600006,106.71880177500009,10.830267836000075
0,106.71750977900007,10.829954487000066,106.71825377500005,10.830220772000075
0,106.71821077500005,10.829908834000037,106.71885877300008,10.830130835000034
0,106.71794277800007,10.829860838000059,106.71824677500007,10.830105839000055
0,106.71653578200005,10.82963184600004,106.71756529700008,10.83025884500006
0,106.71754443600008,10.829681638000068,106.71812977500008,10.829986839000071
0,106.71811770000005,10.82946483400002,106.71888377200008,10.830102835000048
0,106.71749277900005,10.829532838000034,106.71813377400008,10.829850222000061
1,106.70973479900005,10.829037871000025,106.71467678200008,10.830416878000051
0,106.71131979700004,10.829748876000053,106.71248479100007,10.830416878000051
0,106.71258879200008,10.829828869000039,106.71287379000006,10.830187869000042
0,106.70973479900005,10.82977988500005,106.71126479700007,10.830173883000043
0,106.71258779300007,10.82951386600007,106.71349679100007,10.830255865000026
0,106.71135379100008,10.829383877000055,106.71262879200003,10.830183870000042
0,106.70976479900008,10.829332881000028,106.71136679600005,10.830047878000073
0,106.71258879100009,10.829529867000076,106.71313578800005,10.829818870000054
0,106.71259179000003,10.82921686700007,106.71312478500005,10.829790868000032
0,106.71145825300005,10.829037871000025,106.71263378900005,10.82982387100003
0,106.71359878600003,10.829198864000034,106.71467678200008,10.829517857000042
1,106.71352478200004,10.828178855000033,106.71669577800009,10.830604853000068
0,106.71574578400003,10.829251624000051,106.71669577800009,10.83038884900003
0,106.71473178300005,10.829549513000075,106.71550578100005,10.830055854000022
0,106.71386678500005,10.82938685800002,106.71477278400005,10.829831857000045
0,106.71476278300008,10.829106856000067,106.71551378100008,10.829694853000035
0,106.71509677600005,10.828178855000033,106.71601877800003,10.830604853000068
0,106.71357578500005,10.828877859000045,106.71486678000008,10.829423857000052
0,106.71571577900005,10.82886187500003,106.71656351700005,10.829363848000071
0,106.71473478100006,10.828407857000059,106.71576977500007,10.829673853000031
0,106.71352478200004,10.828413855000065,106.71485077600005,10.828968857000064
0,106.71354478200004,10.82823886400007,106.71475577600006,10.828708856000048
2,106.72547602800006,10.823654782000062,106.73165936300006,10.832478784000045
1,106.72742576000007,10.83045078200007,106.72876175300007,10.832478784000045
0,106.72791093700005,10.831947779000075,106.72845776000008,10.832396780000067
0,106.72751776100006,10.831676782000045,106.72803673300007,10.832478784000045
0,106.72796676100006,10.831663779000053,106.72840076000006,10.832019781000042
0,106.72834875700005,10.831544777000033,106.72875275800004,10.831958777000068
0,106.72742576000007,10.831186781000042,106.72799975700008,10.831844784000054
0,106.72794875400007,10.830903781000075,106.72844975800007,10.831736781000075
0,106.72831975800005,10.830965777000074,106.72876175300007,10.83161977800006
0,106.72753875400008,10.830795781000063,106.72807575500008,10.83133078000003
0,106.72792075500007,10.830494776000023,106.72845875300004,10.831074778000072
0,106.72759975400004,10.83045078200007,106.72804775200007,10.830897781000033
1,106.72552675700007,10.829632782000033,106.72766775500008,10.831402790000027
0,106.72602776000008,10.830837790000032,106.72657692000007,10.831402790000027
0,106.72713475800003,10.830841784000029,106.72759375700008,10.831269783000039
0,106.72646093400004,10.830348786000059,106.72748675700007,10.831340787000045
0,106.72596630400005,10.830614789000037,106.72668622200007,10.830978777000041
0,106.72708975600005,10.830299782000054,106.72766775500008,10.83092976100005
0,106.72552675700007,10.830086792000031,106.72614775600005,10.830719444000067
0,106.72588401900003,10.829676069000072,106.72665406900006,10.830697789000055
0,106.72707475300007,10.829904785000053,106.72765875000005,10.830395783000029
0,106.72651175400006,10.829666787000065,106.72719075300006,10.830609787000071
0,106.72712575100007,10.829632782000033,106.72762074900004,10.830031784000028
1,106.72752075200003,10.828540776000068,106.72891774900006,10.831105776000072
0,106.72830075100006,10.829939038000077,106.72891774900006,10.831105776000072
0,106.72790175100005,10.830141780000076,106.72842875000003,10.830591778000041
0,106.72752075200003,10.830091780000032,106.72802975000008,10.830551781000054
0,106.72795175000005,10.829733779000037,106.72844875000004,10.830292779000047
0,106.72752674900005,10.829678781000041,106.72807974800008,10.830187781000063
0,106.72833274700008,10.829378776000055,106.72876374500004,10.830035775000056
0,106.72794074700005,10.829327779000039,106.72845974600006,10.82983477700003
0,106.72753374700005,10.829282779000039,106.72804274400005,10.829800780000028
0,106.72794874400006,10.829052778000062,106.72844274200008,10.82945077900007
0,106.72832974200008,10.828540776000068,106.72874474100007,10.829520777000027
1,106.72862374500005,10.828242765000027,106.73026473400006,10.831048777000035
0,106.72932974800005,10.830312769000045,106.72987174400004,10.83084877300007
0,106.72866274700004,10.82972677500004,106.72907374500005,10.831048777000035
0,106.72894774800005,10.829932773000053,106.72946174700007,10.830692772000077
0,106.72932574300006,10.829719772000033,106.72986574400005,10.830402770000035
0,106.72894674500009,10.829402772000037,106.72945274200003,10.830028774000027
0,106.72932574400005,10.829181769000058,106.72981174200004,10.829854770000054
0,106.72862374500005,10.829146774000037,106.72909174300008,10.829826774000026
0,106.72896474200007,10.82872277100006,106.72946573700006,10.829544773000066
0,106.72863373900009,10.828815774000077,106.72910274000009,10.82924177600006
0,106.72966178900003,10.828242765000027,106.73026473400006,10.828989406000062
1,106.72547602800006,10.827759783000033,106.72762875000006,10.829904791000047
0,106.72647472900007,10.829319116000022,106.72720574700008,10.829828785000075
0,106.72710374900004,10.829315783000027,106.72762875000006,10.829755782000063
0,106.72605574900007,10.828926790000025,106.72660051000008,10.829904791000047
0,106.72547675600003,10.828858792000062,106.72626231500004,10.829864815000064
0,106.72636374600006,10.828353783000068,106.72742874400006,10.829489092000074
0,106.72709174200008,10.828250783000044,106.72760474700004,10.82943778300006
0,106.72600174500008,10.828397788000075,106.72646074600004,10.829019790000075
0,106.72547602800006,10.828138790000025,106.72615974400009,10.829053791000035
0,106.72603774300006,10.828086786000028,106.72661674400007,10.828576787000031
0,106.72653174100009,10.827759783000033,106.72719474000007,10.828457785000069
1,106.72960472100004,10.82576876500002,106.73165936300006,10.829480765000028
0,106.73014760700005,10.828555764000043,106.73074373600008,10.829480765000028
0,106.73094673500009,10.828504758000065,106.73153373100007,10.828957760000037
0,106.73054173300005,10.828311761000066,106.73107073200003,10.828794763000076
0,106.73012073400008,10.82798976500004,106.73070173300005,10.828676764000022
0,106.73056073100008,10.82766334300004,106.73111991100006,10.828457762000028
0,106.73094573000009,10.82765076000004,106.73147872700008,10.828445761000069
0,106.73093994400006,10.826981760000024,106.73165936300006,10.827818351000076
0,106.73053972800005,10.826764617000038,106.73110572600007,10.827792744000021
0,106.72960472100004,10.82576876500002,106.73053772400004,10.828346768000074
0,106.72993872200004,10.825993764000032,106.73068672000005,10.828111765000074
1,106.72714073700007,10.825803778000022,106.72904273600005,10.82928478100007
0,106.72738874400005,10.828306779000059,106.72810374000005,10.82928478100007
0,106.72787573300008,10.826696777000052,106.72846774100009,10.829149778000044
0,106.72745274000005,10.826795780000054,106.72821873600009,10.82848978100003
0,106.72823373400007,10.826298775000055,106.72904273600005,10.828776775000051
0,106.72714073700007,10.826740780000023,106.72770673400004,10.827649782000037
0,106.72740073000006,10.826240778000056,106.72808072900006,10.827046778000067
0,106.72793072700006,10.82634177600005,106.72845972600004,10.826792777000037
0,106.72794072600004,10.82604077600007,106.72844272400005,10.826436776000037
0,106.72835572600007,10.82583977400003,106.72875672300006,10.826350774000048
0,106.72753772800007,10.825803778000022,106.72803872600008,10.826378779000038
1,106.72549573800006,10.826470525000047,106.72764773900008,10.82838378200006
0,106.72604174200006,10.827750987000059,106.72663474000007,10.828193789000068
0,106.72701973900007,10.827440782000053,106.72764773900008,10.82838378200006
0,106.72556674400005,10.827633793000075,106.72614474200009,10.828044792000071
0,106.72604773900008,10.827383788000077,106.72663363800007,10.827856545000031
0,106.72647045600007,10.827340438000022,106.72723473700006,10.827892785000074
0,106.72605358500005,10.827070629000048,106.72661373700004,10.82748878800004
0,106.72549573800006,10.82692379100007,106.72613973800009,10.827463247000026
0,106.72647930100004,10.826696784000035,106.72741873200005,10.827602436000063
0,106.72604073600007,10.826676788000043,106.72661434600008,10.827176038000061
0,106.72708273300009,10.826470525000047,106.72761573100007,10.826895781000076
1,106.72861272200004,10.825061512000048,106.72992171800007,10.829354769000076
0,106.72932573800006,10.827867612000034,106.72991873900008,10.829354769000076
0,106.72897473800003,10.827973771000075,106.72961573600008,10.828787772000055
0,106.72868673800008,10.82690877300007,106.72906573000006,10.828925774000027
0,106.72882773200007,10.826860770000053,106.72978072600006,10.827982768000027
0,106.72932972500007,10.825580767000076,106.72992171800007,10.827990769000053
0,106.72865272700005,10.826500771000042,106.72907272700007,10.827010772000051
0,106.72897472600005,10.82650777200007,106.72942772500005,10.82695577000004
0,106.72865872400007,10.825793772000054,106.72908272100005,10.826595772000076
0,106.72896972500007,10.825201770000035,106.72950172400004,10.826602769000033
0,106.72861272200004,10.825061512000048,106.72910071600006,10.825923773000056
1,106.72651271800004,10.823654782000062,106.72955271800004,10.82613477600006
0,106.72793572600006,10.825683774000026,106.72845372300009,10.82613477600006
0,106.72756772500009,10.825517777000073,106.72803872100008,10.825952779000033
0,106.72712572700004,10.825551781000058,106.72763872500008,10.82586578200005
0,106.72835072400005,10.825198773000068,106.72871472100007,10.825933774000077
0,106.72795672200004,10.825239775000057,106.72843876400009,10.825780778000023
0,106.72755172400008,10.825330778000023,106.72802772200004,10.825666777000038
0,106.72754172200007,10.825064777000023,106.72805471900006,10.825479777000055
0,106.72719172100005,10.824701779000065,106.72764271800008,10.825361779000048
0,106.72755872000005,10.82477977800005,106.72804271700005,10.825212778000036
0,106.72651271800004,10.823654782000062,106.72955271800004,10.82554976800003
2,106.71821076400005,10.825056459000052,106.72615463400007,10.830968806000044
1,106.72126776900006,10.829191818000027,106.72378976700008,10.830968806000044
0,106.72139977100005,10.830371815000035,106.72240776800004,10.830599817000063
0,106.72199377000004,10.829978812000036,106.72245976500005,10.830543815000055
0,106.72226376800006,10.830023810000057,106.72298890100006,10.830426811000052
0,106.72286776700008,10.829383804000031,106.72378976700008,10.830968806000044
0,106.72230476400006,10.82972581200005,106.72278976200005,10.830226810000056
0,106.72126776900006,10.829381817000069,106.72232776500005,10.830514815000072
0,106.72139876600005,10.829598813000075,106.72233076300006,10.829856818000053
0,106.72142276500006,10.829455818000042,106.72225376300008,10.829719817000068
0,106.72335716400005,10.829323806000048,106.72362675700003,10.829549976000067
0,106.72140176400006,10.829191818000027,106.72183876300005,10.829510816000038
1,106.71879677400005,10.829090818000054,106.72147076500005,10.830244832000062
0,106.71879677400005,10.829640832000052,106.71968777000006,10.830244832000062
0,106.72051977000007,10.829762821000031,106.72146776500006,10.83002581900007
0,106.72023176900007,10.829455818000042,106.72147076500005,10.829938819000063
0,106.72035576900004,10.829396915000075,106.72147076500005,10.829937820000055
0,106.71959177000008,10.829431826000075,106.72033176600007,10.829898827000022
0,106.71890077300009,10.829513831000043,106.71972977000007,10.82973583200004
0,106.72035976800004,10.829090818000054,106.72142876400005,10.829997820000074
0,106.71881777200008,10.829454829000042,106.71947677000009,10.829619832000049
0,106.72023176700009,10.829428825000036,106.72125976600006,10.829585824000048
0,106.71884177100009,10.829396831000054,106.71949977000008,10.829570833000048
1,106.71823277200008,10.828915832000064,106.72146576200004,10.829684824000026
0,106.71963976900008,10.829258828000036,106.72027976800007,10.829684824000026
0,106.72023176700009,10.829322823000041,106.72114176400004,10.829491824000058
0,106.71880477200006,10.829270833000066,106.71962177000006,10.829528829000026
0,106.72024676800004,10.829137821000074,106.72146576200004,10.829481819000023
0,106.71823277200008,10.829176837000034,106.71888577100003,10.829351836000058
0,106.71879277100004,10.829100003000065,106.71971476800007,10.829386828000054
0,106.71960876700007,10.829068825000036,106.72024976600005,10.829326828000035
0,106.72032676600008,10.829047822000064,106.72123776200004,10.829344820000074
0,106.71962276700003,10.82902782900004,106.72028676600007,10.829217825000057
0,106.71887576900008,10.828915832000064,106.71964376700004,10.829272831000026
1,106.71875977000008,10.828479824000055,106.72218776100004,10.829506815000059
0,106.72032276400006,10.82889182200006,106.72118876200005,10.829256822000048
0,106.71875977000008,10.828865833000066,106.71967576800006,10.829223833000071
0,106.71964076800003,10.828979826000023,106.72028776500008,10.829082827000036
0,106.72007476400006,10.828479824000055,106.72218776100004,10.829506815000059
0,106.71965876600007,10.828901826000049,106.72030876600007,10.829026826000074
0,106.71911776800005,10.828869828000052,106.71967776700006,10.829010829000026
0,106.71960476600009,10.828856827000038,106.72030876400004,10.82901382600005
0,106.71903076700005,10.82874883200003,106.71962376600004,10.828967830000067
0,106.71889776700004,10.828674829000022,106.71955076500006,10.828875832000051
0,106.71950876600005,10.828504828000064,106.72029776300008,10.828939827000056
1,106.71860276600006,10.82786283200005,106.72142924300005,10.828939823000042
0,106.72027676300007,10.82845381900006,106.72142924300005,10.828939823000042
0,106.71896476800003,10.828612831000044,106.71948776500005,10.828773832000024
0,106.71882976600006,10.828441829000042,106.71969476400005,10.828809832000047
0,106.71880476600006,10.828427833000035,106.71937776400006,10.828569830000049
0,106.71942576300006,10.828108824000026,106.72029976100004,10.828797826000027
0,106.71885476500006,10.828360831000055,106.71940076400006,10.828516831000059
0,106.72063676100004,10.82820483100005,106.72111485000005,10.828597820000027
0,106.72028776000008,10.828044823000027,106.72092993600006,10.828448822000041
0,106.71860276600006,10.82786283200005,106.71888476100008,10.82855683400004
0,106.71984376200004,10.827956826000047,106.72037775900009,10.82821782600007
1,106.72053451100004,10.826842814000031,106.72446622800004,10.82984881300007
0,106.72289893400006,10.828810658000066,106.72390375400005,10.82937580600003
0,106.72223076200004,10.82813580900006,106.72298375200006,10.82984881300007
0,106.72293675700007,10.828721809000058,106.72380894500009,10.828951321000034
0,106.72295975500003,10.828331806000051,106.72412475100003,10.82884380300004
0,106.72053451100004,10.826940814000068,106.72271474800004,10.829350816000044
0,106.72349675000004,10.827778522000074,106.72446622800004,10.828478804000042
0,106.72290875400006,10.827665803000059,106.72386174900004,10.828533806000053
0,106.72290475000005,10.827408809000076,106.72388174600007,10.827906804000065
0,106.72236627100006,10.827098419000038,106.72300275000003,10.828187809000042
0,106.72145640600007,10.826842814000031,106.72239474700007,10.827154815000029
1,106.72379274700006,10.827248439000073,106.72615463400007,10.829038797000067
0,106.72434708800006,10.828024799000048,106.72508974900006,10.829038797000067
0,106.72405075200004,10.828301088000046,106.72448570900008,10.828592984000068
0,106.72471874900003,10.827668986000049,106.72559113900007,10.828941795000048
0,106.72548374500008,10.827836793000074,106.72613974300003,10.82826379200003
0,106.72437439500004,10.827691798000046,106.72480574400004,10.828207384000052
0,106.72379274700006,10.827409799000066,106.72444974500007,10.828097069000023
0,106.72438774700004,10.827547797000022,106.72494074300005,10.82782279600002
0,106.72490737100009,10.827495353000074,106.72561474200006,10.827816792000021
0,106.72547674100008,10.82736761800004,106.72615463400007,10.827790790000051
0,106.72437774300005,10.827248439000073,106.72493874200006,10.827673798000035
1,106.71821076400005,10.826280633000067,106.72147027700004,10.828422832000058
0,106.71894576300008,10.827710843000034,106.71970467300008,10.828422832000058
0,106.71958976300004,10.827759049000065,106.72026059000007,10.82811982800007
0,106.71876976000004,10.827558832000022,106.71957777600005,10.828094828000076
0,106.71821076400005,10.827622834000067,106.71890876000003,10.827882831000068
0,106.72026148500004,10.827008055000022,106.72145640600007,10.828095822000023
0,106.71878275900008,10.827421832000027,106.71931570300006,10.827627828000061
0,106.71965172400007,10.826967826000043,106.72024875400007,10.827335840000046
0,106.72043356000006,10.826488820000066,106.72147027700004,10.827101386000038
0,106.71871832000005,10.826481830000034,106.71965875500007,10.827096722000022
0,106.71946275400006,10.826280633000067,106.71993279700007,10.827063826000028
1,106.72138475500009,10.825722805000055,106.72412374200007,10.827456803000075
0,106.72277074700008,10.826436805000071,106.72412374200007,10.827456803000075
0,106.72221874800005,10.82652947500003,106.72284813700008,10.827257372000076
0,106.72138475500009,10.826675816000034,106.72220074400008,10.826950814000043
0,106.72140374900005,10.826422487000059,106.72225774300006,10.826777814000025
0,106.72290774200007,10.826241804000063,106.72379774000007,10.826699804000043
0,106.72146074600005,10.826244814000063,106.72228374300005,10.826504812000053
0,106.72229291200006,10.825961131000042,106.72298562600008,10.826644892000047
0,106.72296674200004,10.825935805000029,106.72376273500004,10.826455804000034
0,106.72149974700005,10.825827812000057,106.72235573900008,10.826363813000057
0,106.72307373800004,10.825722805000055,106.72379673600005,10.826186803000041
1,106.72364073900007,10.825056459000052,106.72613873600005,10.82770067000007
0,106.72483574200004,10.827036794000037,106.72567873900005,10.82770067000007
0,106.72492005500004,10.826821793000022,106.72554373800006,10.827286155000024
0,106.72438694700008,10.826499797000054,106.72502273700007,10.827433595000059
0,106.72544674000005,10.826775789000067,106.72613873600005,10.827122793000058
0,106.72482773900003,10.826545797000051,106.72557573800009,10.826947794000034
0,106.72364073900007,10.825863801000025,106.72472773700008,10.82753880000007
0,106.72549773500003,10.826313791000075,106.72610873200006,10.826624791000029
0,106.72476273800004,10.825985794000076,106.72559125200007,10.826708551000024
0,106.72417073900004,10.825056459000052,106.72501473300008,10.826525797000045
0,106.72381673300004,10.825225799000066,106.72444573000007,10.825633800000048
2,106.70977579700008,10.825567852000063,106.71893076600008,10.829783877000068
1,106.71646635400003,10.828849845000036,106.71885176900008,10.829754839000032
0,106.71749577600008,10.829434839000044,106.71826877400008,10.829754839000032
0,106.71817477300004,10.829429836000031,106.71884277100008,10.82968883500007
0,106.71654177800008,10.829274842000075,106.71756877600006,10.829741842000033
0,106.71754777600006,10.829395565000027,106.71818477300008,10.829570838000052
0,106.71819277300006,10.829351833000032,106.71885176900008,10.829540833000067
0,106.71820577300008,10.829283834000023,106.71879077100004,10.82946783400007
0,106.71753677500004,10.829259837000052,106.71807877300006,10.829490840000062
0,106.71673393000003,10.828961844000048,106.71760777500003,10.829544946000055
0,106.71747977300004,10.829016839000076,106.71822577200004,10.829376836000051
0,106.71646635400003,10.828849845000036,106.71754633700004,10.829391136000027
1,106.70977579700008,10.82857288300005,106.71468977700005,10.829783877000068
0,106.70977579700008,10.82878988400006,106.71126179400005,10.829783877000068
0,106.71359178500006,10.82899386300005,106.71460478300008,10.829509862000066
0,106.71263178800007,10.828918865000048,106.71358778400008,10.829486864000046
0,106.71133878900008,10.82870487200006,106.71251478700009,10.829377871000077
0,106.71245378600008,10.828873870000052,106.71329478400008,10.829201867000052
0,106.71279878500007,10.828841862000047,106.71358478200005,10.829015868000056
0,106.71061678800004,10.82857288300005,106.71139479100003,10.82926887800005
0,106.71355878300005,10.82872685700005,106.71468977700005,10.82902365700005
0,106.71263278400005,10.828748865000023,106.71359378300008,10.828947864000043
0,106.71138978800008,10.828633877000073,106.71256978600007,10.828997872000059
1,106.71589914100008,10.828444847000071,106.71891776800004,10.829324839000037
0,106.71824777100005,10.82891483800006,106.71884079100005,10.829285835000064
0,106.71750777400007,10.828818839000064,106.71826177200006,10.829324839000037
0,106.71689677300009,10.828809632000059,106.71758765200008,10.829105843000036
0,106.71813677200004,10.828677837000043,106.71891776800004,10.829196413000034
0,106.71605217600006,10.82866369800007,106.71662926100004,10.829051202000073
0,106.71676477500006,10.82869722700002,106.71760948500008,10.828985842000066
0,106.71747191900005,10.828690838000057,106.71824876800008,10.82895583900006
0,106.71589914100008,10.828444847000071,106.71662677300009,10.828960903000052
0,106.71656177200003,10.828501840000058,106.71759276900008,10.828891847000023
0,106.71751077000005,10.828530839000052,106.71828076700007,10.828854837000051
1,106.71090978600006,10.828166880000026,106.71464777700004,10.828912858000024
0,106.71255178700005,10.828703866000069,106.71361378300008,10.828879869000048
0,106.71358878300003,10.828657863000046,106.71464777700004,10.828912858000024
0,106.71282878500006,10.828658867000058,106.71359778100003,10.828896866000036
0,106.71249678400005,10.82856786900004,106.71355678000003,10.828785868000068
0,106.71251478400006,10.828567865000025,106.71350678000005,10.828690864000066
0,106.71133178600007,10.828347878000045,106.71253078300003,10.828840875000026
0,106.71253078400008,10.828441863000023,106.71357078000005,10.828660867000053
0,106.71090978600006,10.828166880000026,106.71145678400006,10.828849879000074
0,106.71254378400005,10.82840486400005,106.71347277900009,10.828606867000076
0,106.71255878100004,10.828311867000025,106.71332278000006,10.828574865000064
1,106.71351978000007,10.827846857000054,106.71664777200004,10.828631848000043
0,106.71584977300006,10.828171849000057,106.71664777200004,10.828631848000043
0,106.71472077500005,10.828271856000072,106.71516977600004,10.828438856000048
0,106.71351978000007,10.828178863000062,106.71477877600006,10.82844286300002
0,106.71439277600007,10.828113857000062,106.71483877400004,10.828370857000039
0,106.71473577500007,10.82814285400002,106.71521377400006,10.828312856000025
0,106.71578277200007,10.827989849000062,106.71663076800007,10.828389849000075
0,106.71469077600005,10.827982855000073,106.71551177200007,10.828269851000073
0,106.71394277600007,10.827995859000055,106.71473077500008,10.828154856000026
0,106.71472577400004,10.827914855000074,106.71528677200007,10.828107855000042
0,106.71387977700005,10.827846857000054,106.71479777300004,10.828048856000066
1,106.71591651800009,10.827055373000064,106.71893076600008,10.828783833000045
0,106.71817676800003,10.82851983200004,106.71893076600008,10.828783833000045
0,106.71822076900008,10.828334834000032,106.71883476400006,10.828714836000074
0,106.71733376900005,10.828257840000049,106.71828676500007,10.82866083700003
0,106.71654677100008,10.828125845000045,106.71747177000009,10.828757842000073
0,106.71591651800009,10.827900360000058,106.71662476900008,10.828148848000069
0,106.71767676200005,10.82754183700007,106.71819376300004,10.828487838000058
0,106.71660376900007,10.827464841000051,106.71742176200007,10.828400841000075
0,106.71824176200005,10.827304638000044,106.71882276000008,10.82786283200005
0,106.71769176300006,10.827299836000066,106.71825076000005,10.827715840000053
0,106.71746376200008,10.827055373000064,106.71824737000009,10.827625840000053
1,106.70981379300008,10.827023868000026,106.71412151200008,10.828800884000032
0,106.71190278500006,10.82829287100003,106.71254478300006,10.82848186800004
0,106.71257478300004,10.828242868000075,106.71315877900008,10.828475867000066
0,106.71122778600005,10.82823587200005,106.71255578200004,10.828378876000045
0,106.71260278200003,10.828061866000041,106.71358877900008,10.82840886300005
0,106.70981379300008,10.827668885000037,106.71150578500004,10.828800884000032
0,106.71272178100008,10.827956866000022,106.71343709500007,10.828335864000053
0,106.71123078500005,10.827491871000063,106.71264477900007,10.828608875000043
0,106.71254778300005,10.827759868000044,106.71309077800004,10.828244866000034
0,106.71066878500005,10.827751879000061,106.71137378400005,10.82813087900007
0,106.71231477900005,10.827023868000026,106.71412151200008,10.828343859000029
1,106.70987878600005,10.826585884000053,106.71475676600005,10.827941873000043
0,106.71001037500008,10.827105877000065,106.71132701600004,10.827889876000029
0,106.71125078100005,10.826962872000024,106.71263877400008,10.827941873000043
0,106.71331471400003,10.82673485600003,106.71475676600005,10.827812857000026
0,106.70987878600005,10.826585884000053,106.71142477600006,10.827715883000053
0,106.71254777700005,10.826862864000077,106.71338477100005,10.82730286900005
0,106.71138677800008,10.826846875000058,106.71259377300004,10.827243869000029
0,106.71199677600003,10.826767872000062,106.71246877500005,10.82708787000007
0,106.71260377500005,10.82668486700004,106.71330177100003,10.827064542000073
0,106.71185077500007,10.826699873000052,106.71259777300008,10.827024871000049
0,106.71135177600007,10.826672873000064,106.71247477200006,10.826967873000058
1,106.71364476900004,10.825567852000063,106.71599976400006,10.828395851000039
0,106.71478077300009,10.827752856000075,106.71532377300008,10.828010853000023
0,106.71443277400004,10.827681857000073,106.71478177300008,10.827932856000075
0,106.71528677100008,10.826773848000073,106.71599976400006,10.828395851000039
0,106.71445577100008,10.827115857000024,106.71555077000005,10.827904858000068
0,106.71555476600008,10.825993849000042,106.71594174200004,10.827070850000041
0,106.71364476900004,10.826204528000062,106.71496205100004,10.826828858000056
0,106.71473376800009,10.825852852000025,106.71560776300004,10.827003852000075
0,106.71542882500006,10.825854850000042,106.71579275900007,10.826026848000026
0,106.71533975800008,10.82576184900006,106.71583175600006,10.82590884900003
0,106.71480906600004,10.825567852000063,106.71538975800007,10.82591485200004
1,106.70999877800006,10.826323863000027,106.71370676600009,10.82695086800004
0,106.71136377600004,10.826596876000053,106.71261977100005,10.826866873000029
0,106.71065277800005,10.826661878000039,106.71115977500006,10.826798878000034
0,106.71066177600005,10.826501877000055,106.71138477500006,10.826830876000031
0,106.71256677300005,10.826323863000027,106.71370676600009,10.82695086800004
0,106.71137577400003,10.82644799700006,106.71236377300005,10.826764870000034
0,106.71003877900006,10.826449880000041,106.71115977600004,10.826737880000053
0,106.70999877800006,10.82647288000004,106.71112077600009,10.826652878000061
0,106.71000477700005,10.826447879000057,106.71081577700005,10.826640878000035
0,106.71001077800008,10.826443880000056,106.71085277700007,10.826599878000025
0,106.71002177800005,10.82637687600004,106.71132277300006,10.826528876000054
2,106.71003177700004,10.821441829000037,106.71894472700006,10.827541841000027
1,106.71593776500004,10.82567283700007,106.71884674900008,10.827541841000027
0,106.71691776400007,10.826917673000025,106.71745176000007,10.827541841000027
0,106.71822076000007,10.826580832000047,106.71873175500008,10.827423835000047
0,106.71593776500004,10.826658162000058,106.71677305500003,10.82725784400003
0,106.71669576300008,10.826162843000077,106.71746105400007,10.827386842000067
0,106.71760775600006,10.82625783800006,106.71837388600005,10.827284835000057
0,106.71823875300004,10.826044832000036,106.71862975100004,10.826298832000077
0,106.71741375500005,10.82567283700007,106.71834175300006,10.826524049000056
0,106.71822875200007,10.825914832000024,106.71884674900008,10.826140835000047
0,106.71690975700005,10.825782840000045,106.71762775400003,10.826206840000054
0,106.71822475000005,10.825704834000021,106.71855075100007,10.826040833000036
1,106.71566575200006,10.824256846000026,106.71887774400005,10.826739847000056
0,106.71762375300005,10.825487820000035,106.71823274900004,10.82585683800005
0,106.71693075400009,10.825273839000033,106.71763275300003,10.825848840000049
0,106.71566575200006,10.824256846000026,106.71723774700007,10.826739847000056
0,106.71762675000008,10.825290835000033,106.71827974700005,10.825665558000026
0,106.71759175300008,10.825165834000074,106.71822974700007,10.825454838000041
0,106.71755874900003,10.825108837000073,106.71804674800006,10.825309835000041
0,106.71695661500007,10.824841838000054,106.71759375000005,10.825410734000059
0,106.71816274700006,10.824830833000021,106.71887774400005,10.825339069000051
0,106.71758674600005,10.824858838000068,106.71817974600003,10.82507083400003
0,106.71751374700005,10.824709798000072,106.71829774500009,10.825003837000054
1,106.71420875600006,10.824785854000027,106.71599375400007,10.825803850000057
0,106.71535875900008,10.825626851000038,106.71585475700005,10.825803850000057
0,106.71538975800007,10.825555849000068,106.71587175600007,10.825713850000056
0,106.71539575900005,10.825463848000027,106.71591075600008,10.825667848000023
0,106.71456309700005,10.825311856000042,106.71540775800008,10.825663850000069
0,106.71539075600003,10.825370848000034,106.71594075500008,10.825561848000063
0,106.71540175600006,10.82528884800007,106.71596575400008,10.825464848000024
0,106.71474975800004,10.825109853000072,106.71539275600009,10.825476851000076
0,106.71541075700009,10.825126848000025,106.71599375400007,10.825360849000049
0,106.71420875600006,10.824785854000027,106.71483276100008,10.825692854000067
0,106.71482575400006,10.824963853000042,106.71558375400008,10.825363852000066
1,106.71352475800006,10.82403785200006,106.71631974800005,10.825211847000048
0,106.71538575400007,10.824907850000045,106.71601875500005,10.825211847000048
0,106.71476675600007,10.82474785200003,106.71533475400008,10.825112855000043
0,106.71486775500006,10.824702850000051,106.71544075400004,10.824983849000034
0,106.71352475800006,10.824486855000032,106.71477075600006,10.825111854000056
0,106.71539775400004,10.824570848000064,106.71593975400003,10.82499584900006
0,106.71476475400004,10.82433885200004,106.71540375000006,10.824732853000057
0,106.71409775300003,10.824250857000038,106.71480175200008,10.824784858000044
0,106.71540475200004,10.824284851000073,106.71576474900007,10.82468484900005
0,106.71592974900005,10.824209845000041,106.71631974800005,10.824415844000043
0,106.71468775200009,10.82403785200006,106.71541875000008,10.824513852000052
1,106.71003177700004,10.822578861000068,106.71369503000005,10.826587481000047
0,106.71010177900007,10.826289877000022,106.71151977200009,10.826564876000077
0,106.71286377000007,10.826214866000043,106.71348676800005,10.826571865000062
0,106.71147277400007,10.82613387300006,106.71257777000005,10.826587481000047
0,106.71259677100005,10.825844869000036,106.71369503000005,10.826511866000033
0,106.71003177700004,10.825760879000029,106.71140177100006,10.826475878000053
0,106.71257376800008,10.825831868000023,106.71332276500004,10.826236864000066
0,106.71022577300005,10.824542875000077,106.71147876900005,10.82596387700005
0,106.71256776700005,10.824320861000047,106.71365764000006,10.825958867000054
0,106.71095776300007,10.823174867000034,106.71334775800005,10.826423869000052
0,106.71253775100007,10.822578861000068,106.71365514300004,10.825026863000062
1,106.71601074700004,10.823311842000066,106.71893274100006,10.824987839000073
0,106.71697475000008,10.824524840000038,106.71757404900006,10.824987839000073
0,106.71750874700007,10.824488840000072,106.71817674500005,10.824807837000037
0,106.71816374500008,10.824289832000034,106.71893274100006,10.824939834000077
0,106.71763474400007,10.82435683600005,106.71813183400008,10.824586835000048
0,106.71687874700007,10.82415184000007,106.71771274300005,10.824632836000035
0,106.71755574300005,10.82405983800004,106.71830961100005,10.824527442000033
0,106.71659374700005,10.823949059000029,106.71756774200009,10.824305841000069
0,106.71736574300007,10.823634835000064,106.71840074000005,10.824229831000025
0,106.71601074700004,10.823633845000074,106.71661474300004,10.82401584400003
0,106.71654174200006,10.823311842000066,106.71768595300006,10.824070151000058
1,106.71407975300008,10.823619847000032,106.71658974400003,10.824385852000034
0,106.71541075100004,10.824126849000038,106.71594174900008,10.824385852000034
0,106.71407975300008,10.824094854000066,106.71484675000005,10.824306854000042
0,106.71591074700007,10.82404884400006,106.71636974500007,10.824335846000054
0,106.71537975000007,10.82397284800004,106.71595774800005,10.824286848000042
0,106.71408275100003,10.82401685700006,106.71470174900008,10.824208855000052
0,106.71593574600007,10.823859842000047,106.71658974400003,10.824222844000076
0,106.71470174900008,10.823908851000056,106.71557874800004,10.824105848000045
0,106.71408375300007,10.82387185500005,106.71475274900007,10.824113855000064
0,106.71547474800008,10.823619847000032,106.71592674500005,10.824126849000038
0,106.71473774800006,10.823716854000054,106.71547774900006,10.82395585300003
1,106.71406975000008,10.823160853000047,106.71659174000007,10.823950858000046
0,106.71406975000008,10.82360585500004,106.71480274700008,10.823950858000046
0,106.71543874800005,10.823586848000048,106.71597174400006,10.823947848000046
0,106.71477974800007,10.823479854000027,106.71545074600004,10.823833853000053
0,106.71408975100007,10.82340685500003,106.71480374800007,10.823693853000066
0,106.71530574600007,10.823321849000024,106.71590674300006,10.823631848000048
0,106.71481574600006,10.823242852000021,106.71531974600003,10.823615650000022
0,106.71425574700004,10.823328852000031,106.71481774600005,10.823471854000047
0,106.71592374300008,10.823220846000027,106.71659174000007,10.82350884400006
0,106.71534274400005,10.823248847000059,106.71575674300004,10.823446851000028
0,106.71425557700007,10.823160853000047,106.71482174600004,10.823373856000046
1,106.71592074400007,10.821441829000037,106.71894472700006,10.823943846000077
0,106.71592074400007,10.823394843000074,106.71668774200003,10.823943846000077
0,106.71814927200006,10.822809833000065,106.71892873500008,10.82378783300004
0,106.71738274100005,10.822843833000036,106.71820073800006,10.823725835000062
0,106.71651473900005,10.822854843000073,106.71767873700009,10.82347783800003
0,106.71594774100004,10.82301754100007,106.71665174000009,10.823260842000025
0,106.71817873400005,10.822497832000067,106.71888173300005,10.822882828000047
0,106.71747373500006,10.822257833000037,106.71819773100003,10.82305871400007
0,106.71669473900005,10.821552836000023,106.71760666900008,10.823072836000051
0,106.71809073300005,10.821455828000069,106.71894472700006,10.822791829000039
0,106.71746772800009,10.821441829000037,106.71854772500006,10.822233833000041
1,106.71382274300004,10.82166884000003,106.71727073000005,10.823388844000021
0,106.71536274300007,10.82318084600007,106.71596474100005,10.823348847000034
0,106.71595374200007,10.82312584500005,106.71656074000003,10.823388844000021
0,106.71469474600008,10.823130852000077,106.71532149300003,10.823366853000039
0,106.71536674500004,10.82310884800006,106.71590874200007,10.82326684800006
0,106.71537474500008,10.82299862800005,106.71595179700006,10.823166848000028
0,106.71469674400004,10.822837851000031,106.71535074200006,10.823183404000076
0,106.71440074400005,10.822782854000025,106.71474874300009,10.823198853000065
0,106.71594474100004,10.822819846000073,106.71657773800007,10.823151843000062
0,106.71382274300004,10.822230855000043,106.71467074300006,10.82331485800006
0,106.71420874200004,10.82166884000003,106.71727073000005,10.823117848000038
2,106.71818791900006,10.821438823000051,106.72762472100004,10.826964823000026
1,106.71818791900006,10.824890829000026,106.72157674000005,10.826964823000026
0,106.71873975600005,10.826234831000022,106.71961452600004,10.826680089000035
0,106.71832375700006,10.826135833000023,106.71880975000005,10.826729831000023
0,106.71995175300003,10.825529820000042,106.72157674000005,10.826964823000026
0,106.71952675000006,10.825632728000073,106.72032674400003,10.826447735000045
0,106.71880175300004,10.82533568100007,106.71959074500006,10.82635282700005
0,106.71818791900006,10.825134835000028,106.71909174800004,10.825880831000063
0,106.72004074300008,10.825177819000032,106.72151774000008,10.82569882100006
0,106.71956378000004,10.82502282400003,106.72022374100004,10.82585086000006
0,106.72020974000009,10.824978818000034,106.72133473700006,10.825547819000064
0,106.71886074500009,10.824890829000026,106.71967474200005,10.825460827000029
1,106.72130073900007,10.824545808000039,106.72436822100008,10.826065809000056
0,106.72241587500008,10.825744808000024,106.72303873700008,10.826065809000056
0,106.72379373500007,10.825756799000033,106.72426073300005,10.82602380000003
0,106.72292923900005,10.825497804000065,106.72380173300007,10.825908527000024
0,106.72379973400007,10.82544480000007,106.72436822100008,10.825836799000058
0,106.72131174200007,10.825139812000032,106.72246373700006,10.825976423000043
0,106.72235473700005,10.825212810000039,106.72315473400005,10.825860808000073
0,106.72316473600006,10.825221224000074,106.72384873200008,10.825632804000065
0,106.72285373500006,10.824700805000077,106.72386873100004,10.82537280400004
0,106.72130073900007,10.824678813000048,106.72232484800008,10.825318812000035
0,106.72222573200008,10.824545808000039,106.72316673600005,10.825416805000032
1,106.72527471900008,10.823352691000025,106.72762472100004,10.826909793000027
0,106.72544283400003,10.826430790000074,106.72620873400007,10.826909793000027
0,106.72604973500006,10.826418791000037,106.72663673200009,10.826829787000065
0,106.72650273400006,10.826329783000062,106.72725272900004,10.826875783000048
0,106.72542973300006,10.826153791000024,106.72621281300007,10.826433790000067
0,106.72654973100003,10.825845782000044,106.72759372800004,10.826646783000058
0,106.72713186600004,10.825717781000037,106.72760872600008,10.826597629000048
0,106.72705772500007,10.825214780000067,106.72762472100004,10.825698781000028
0,106.72610672200005,10.82422178400003,106.72734772000007,10.825826781000046
0,106.72565672900004,10.823449786000026,106.72698672400008,10.826509787000077
0,106.72527471900008,10.823352691000025,106.72640191900007,10.826528790000054
1,106.71870974400008,10.82436582400004,106.72147473400008,10.82526682300005
0,106.71967406500005,10.824794822000058,106.72021774300003,10.82526682300005
0,106.72022374000005,10.824887820000072,106.72134273700004,10.825145817000077
0,106.71961774200008,10.824847823000027,106.72021674000007,10.82502682300003
0,106.71969674100006,10.82472182400005,106.72023474000008,10.825023821000059
0,106.72022774000004,10.824763817000076,106.72135273700007,10.824956820000068
0,106.71870974400008,10.824486825000065,106.71969174000009,10.824927825000032
0,106.72023274000009,10.824565822000068,106.72102973700004,10.824821821000057
0,106.71970274100005,10.824540873000046,106.72029073900006,10.824794825000026
0,106.72056573600008,10.824418815000058,106.72147473400008,10.824740817000077
0,106.71964174100003,10.82436582400004,106.72024515100009,10.82465482300006
1,106.72377573400007,10.822764795000069,106.72594171300005,10.826140793000036
0,106.72377573400007,10.824905801000057,106.72446195900005,10.825435801000026
0,106.72460321200003,10.823963190000029,106.72565272200006,10.826140793000036
0,106.72436813600007,10.824623796000026,106.72489555600004,10.825227253000037
0,106.72392273100007,10.824684798000021,106.72441872700006,10.824994463000053
0,106.72397572800008,10.824391798000022,106.72450672600007,10.824743798000043
0,106.72433072600006,10.824168795000048,106.72479172400006,10.82468179700004
0,106.72437372200005,10.82377479400003,106.72493372100007,10.824247799000034
0,106.72488272100009,10.823713790000056,106.72557321600004,10.82408579500003
0,106.72427672200007,10.823335796000038,106.72495072100008,10.823873796000044
0,106.72445771900004,10.822764795000069,106.72594171300005,10.823932791000061
1,106.72140573300004,10.823593800000026,106.72443403700004,10.824956802000031
0,106.72305173100006,10.824601806000032,106.72391672900005,10.824956802000031
0,106.72144673600008,10.824303514000064,106.72226982400008,10.82493781200003
0,106.72227173300007,10.824364810000077,106.72294090500009,10.824655127000028
0,106.72288673300005,10.824204805000022,106.72400072900007,10.824775800000054
0,106.72384973800007,10.824081338000042,106.72431772400006,10.824499798000033
0,106.72140573300004,10.823999811000022,106.72220972800005,10.824425810000037
0,106.72227473000004,10.823893807000047,106.72298973000005,10.824443808000069
0,106.72286272900004,10.823824807000051,106.72390072500008,10.824240803000066
0,106.72146273000004,10.823707463000062,106.72228672900007,10.82433631500004
0,106.72361972300007,10.823593800000026,106.72443403700004,10.824223804000042
1,106.71823173900003,10.823566834000076,106.72147573000007,10.824573825000073
0,106.71882574100005,10.824321828000052,106.71959773800006,10.824573825000073
0,106.72033873800007,10.824321823000048,106.72139173500005,10.824528760000021
0,106.71958073900004,10.824252826000077,106.72029973700006,10.824502822000056
0,106.72028373700005,10.824068816000022,106.72142273200006,10.824507821000054
0,106.71988073700004,10.824149823000027,106.72026773600004,10.824353822000035
0,106.71885074000005,10.823991826000054,106.71981173500006,10.824405825000042
0,106.72025473600007,10.82382481600007,106.72147573000007,10.824369820000072
0,106.71823173900003,10.823566834000076,106.71888055300008,10.824532833000035
0,106.71976673700004,10.82368882000003,106.72030173100006,10.824298824000039
0,106.72037034400006,10.823792817000026,106.72131773000007,10.823986815000069
1,106.71850073800005,10.822757823000074,106.72149672400008,10.82417150200007
0,106.71850073800005,10.823431828000025,106.71979073500006,10.82417150200007
0,106.72028173300004,10.823621713000023,106.72141382000007,10.823898016000044
0,106.71957309700008,10.823657823000076,106.72022973300005,10.823824822000063
0,106.71957789000004,10.82354082200004,106.72027873300004,10.823778823000055
0,106.71959173500005,10.823470825000072,106.72009873200005,10.823673822000046
0,106.71890673600006,10.823153828000045,106.71962673100006,10.823613830000056
0,106.71960473500008,10.823266825000076,106.72034373100007,10.823484826000026
0,106.72026173100005,10.822837819000029,106.72149672400008,10.823730818000058
0,106.71962673100006,10.822757823000074,106.72030272900008,10.82341682200007
0,106.71893573400007,10.822827824000058,106.71967073000008,10.823266825000076
1,106.72096062900005,10.821718812000029,106.72441871600006,10.824045612000077
0,106.72234272800006,10.823665807000054,106.72287872400005,10.824045612000077
0,106.72292172600004,10.823279555000056,106.72365172200006,10.823964802000035
0,106.72096062900005,10.823061812000049,106.72222972500003,10.823877813000024
0,106.72305072400007,10.82292280300004,106.72369272100008,10.823597802000052
0,106.72209072700008,10.822656805000065,106.72307071900008,10.82373080800005
0,106.72365472500007,10.822443798000052,106.72441871600006,10.823765799000057
0,106.72293572000007,10.822279803000072,106.72396871700005,10.823201801000039
0,106.72225872300004,10.822225805000073,106.72316571700009,10.82285280700006
0,106.72104572600006,10.821718812000029,106.72239371700005,10.823350811000068
0,106.72231971700006,10.822045806000062,106.72283671700006,10.822492805000024
1,106.71875172800009,10.821438823000051,106.72157772200006,10.823092817000031
0,106.71965773200009,10.822679824000033,106.72028072700004,10.82297782300003
0,106.72026372600004,10.822548819000076,106.72126472300005,10.823092817000031
0,106.71968872800005,10.822517821000076,106.72027872600006,10.822692823000068
0,106.71896473100009,10.822221827000021,106.71970172700009,10.82292482400004
0,106.71956872700008,10.822397820000049,106.72029172500004,10.822652822000066
0,106.71957372700007,10.822344823000037,106.72014672500006,10.822533822000025
0,106.72023989100006,10.82157681800004,106.72157772200006,10.822760815000038
0,106.71960537800004,10.821951821000027,106.72026757500004,10.822263280000072
0,106.71875172800009,10.821456825000041,106.71970572700008,10.822557825000047
0,106.71950972300004,10.821438823000051,106.72057571800008,10.82208782300006
